word,display,group1,group2,group3,group4,has_recipe,NDB_NO,usda_desc,cal_100g,pro_100g,fat_100g,carb_100g,fib_100g,h2o_100g,sug_100g,M0_Amt,M0_Desc,M0_Gm,M1_Amt,M1_Desc,M1_Gm,M2_Amt,M2_Desc,M2_Gm,M3_Amt,M3_Desc,M3_Gm,M4_Amt,M4_Desc,M4_Gm,M5_Amt,M5_Desc,M5_Gm,M6_Amt,M6_Desc,M6_Gm,M7_Amt,M7_Desc,M7_Gm,M8_Amt,M8_Desc,M8_Gm,M9_Amt,M9_Desc,M9_Gm,M10_Amt,M10_Desc,M10_Gm,M11_Amt,M11_Desc,M11_Gm,M12_Amt,M12_Desc,M12_Gm
ABALONE,Abalone,protein,,,,,15155,"Mollusks, abalone, mixed species, raw",105.0,17.1,0.8,6.0,0.0,74.6,0.0,1.0,custom (g),100.0,3.0,oz,85.0,,,,,,,,,,,,,,,,,,,,,,,,,,,,,,,,,
ABIYUCH,Abiyuch Raw,fruit,,,,,9427,"Abiyuch, raw",69.0,1.5,0.1,17.6,5.3,79.9,8.6,1.0,custom (g),100.0,0.5,cup,114.0,,,,,,,,,,,,,,,,,,,,,,,,,,,,,,,,,
ACEROLA,Acerola,fruit,,,,,9001,"Acerola, (west indian cherry), raw",32.0,0.4,0.3,7.7,1.1,91.4,0.0,1.0,custom (g),100.0,1.0,cup,98.0,1.0,fruit without refuse,4.8,,,,,,,,,,,,,,,,,,,,,,,,,,,,,,
ACORN,Acorn,nuts,,,,,12059,"Nuts, acorns, dried",509.0,8.1,31.4,53.7,0.0,5.1,0.0,1.0,custom (g),100.0,1.0,oz,28.35,,,,,,,,,,,,,,,,,,,,,,,,,,,,,,,,,
ACORNFLOUR,Acorn Flour,nuts,,,,,12060,"Nuts, acorn flour, full fat",501.0,7.5,30.2,54.6,0.0,6.0,0.0,1.0,custom (g),100.0,1.0,oz,28.35,,,,,,,,,,,,,,,,,,,,,,,,,,,,,,,,,
ACORNSTEW,Acorn Stew,prepared,,,,,35182,Acorn stew (Apache),95.0,6.8,3.5,9.2,0.7,79.8,0.3,1.0,custom (g),100.0,,,,,,,,,,,,,,,,,,,,,,,,,,,,,,,,,,,,
ADZUKI,Adzuki,legume,,,,,16001,"Beans, adzuki, mature seeds, raw",329.0,19.9,0.5,62.9,12.7,13.4,0.0,1.0,custom (g),100.0,1.0,cup,197.0,,,,,,,,,,,,,,,,,,,,,,,,,,,,,,,,,
AGAVE,Agave Raw,vegetable,,,,,35192,"Agave, raw (Southwest)",68.0,0.5,0.1,16.2,6.6,81.8,2.6,1.0,custom (g),100.0,,,,,,,,,,,,,,,,,,,,,,,,,,,,,,,,,,,,
AGAVECOOKED,Agave Cooked,vegetable,,,,,35193,"Agave, cooked (Southwest)",135.0,1.0,0.3,32.0,10.6,65.4,20.9,1.0,custom (g),100.0,,,,,,,,,,,,,,,,,,,,,,,,,,,,,,,,,,,,
AGUTUK,Agutuk,protein,,,,,35001,"Agutuk, fish/berry with seal oil (Alaskan ice cream) (Alaska Native)",353.0,3.4,31.8,13.4,0.5,47.3,0.0,1.0,custom (g),100.0,,,,,,,,,,,,,,,,,,,,,,,,,,,,,,,,,,,,
ALFALFA,Alfalfa Raw,vegetable,,,,,11001,"Alfalfa seeds, sprouted, raw",23.0,4.0,0.7,2.1,1.9,92.8,0.2,1.0,custom (g),100.0,1.0,cup,33.0,1.0,tbsp,3.0,,,,,,,,,,,,,,,,,,,,,,,,,,,,,,
ALLSPICE,Allspice,spice,,,,,2001,"Spices, allspice, ground",263.0,6.1,8.7,72.1,21.6,8.5,0.0,1.0,custom (g),100.0,1.0,tsp,1.9,1.0,tbsp,6.0,,,,,,,,,,,,,,,,,,,,,,,,,,,,,,
ALMONDBLANCHED,Almonds Blanched,nuts,,,,,12062,"Nuts, almonds, blanched",590.0,21.4,52.5,18.7,9.9,4.5,4.6,1.0,custom (g),100.0,1.0,cup whole kernels,145.0,1.0,tbsp,9.1,1.0,oz,28.35,,,,,,,,,,,,,,,,,,,,,,,,,,,
ALMONDBUTTER,Almond Butter,nuts,fats,protein,High in healthy fats,,12195,"Nuts, almond butter, plain, without salt added",614.0,21.0,55.5,18.8,10.3,1.6,4.4,1.0,custom (g),100.0,1.0,tbsp,16.0,1.0,cup,250.0,,,,,,,,,,,,,,,,,,,,,,,,,,,,,,
ALMONDDRYNOSALT,Almonds Dry Roasted no Salt,nuts,,,,,12063,"Nuts, almonds, dry roasted, without salt added",598.0,21.0,52.5,21.0,10.9,2.4,4.9,1.0,custom (g),100.0,1.0,cup whole kernels,138.0,1.0,oz (22 whole kernels),28.35,,,,,,,,,,,,,,,,,,,,,,,,,,,,,,
ALMONDDRYSALT,Almonds Dry Roasted Salt,nuts,,,,,12563,"Nuts, almonds, dry roasted, with salt added",598.0,21.0,52.5,21.0,10.9,2.4,4.9,1.0,custom (g),100.0,1.0,cup whole kernels,138.0,1.0,oz (22 whole kernels),28.35,,,,,,,,,,,,,,,,,,,,,,,,,,,,,,
ALMONDHONEY,Almonds Honey Roasted,nuts,,,,,12206,"Nuts, almonds, honey roasted, unblanched",594.0,18.2,49.9,27.9,13.7,1.7,0.0,1.0,custom (g),100.0,1.0,cup whole kernels,144.0,1.0,oz,28.35,,,,,,,,,,,,,,,,,,,,,,,,,,,,,,
ALMONDMILK,Almond Milk,Beverage,,,,,14016,"Beverages, almond milk, sweetened, vanilla flavor, ready-to-drink",38.0,0.4,1.0,6.6,0.4,91.8,6.2,1.0,custom (g),100.0,8.0,fl oz,240.0,1.0,cup,240.0,,,,,,,,,,,,,,,,,,,,,,,,,,,,,,
ALMONDOIL,Almond Oil,nuts,fats,,High in healthy fats,,4529,"Oil, almond",884.0,0.0,100.0,0.0,0.0,0.0,0.0,1.0,custom (g),100.0,1.0,tablespoon,13.6,1.0,cup,218.0,1.0,tsp,4.5,,,,,,,,,,,,,,,,,,,,,,,,,,,
ALMONDOILNOSALT,Almonds Oil Roasted no Salt,nuts,,,,,12065,"Nuts, almonds, oil roasted, without salt added",607.0,21.2,55.2,17.7,10.5,2.8,4.5,1.0,custom (g),100.0,1.0,cup whole kernels,157.0,1.0,oz (22 whole kernels),28.35,,,,,,,,,,,,,,,,,,,,,,,,,,,,,,
ALMONDOILSALT,Almonds Oil Roasted Salt,nuts,,,,,12565,"Nuts, almonds, oil roasted, with salt added",607.0,21.2,55.2,17.7,10.5,2.8,4.5,1.0,custom (g),100.0,1.0,cup whole kernels,157.0,1.0,oz (22 whole kernels),28.35,,,,,,,,,,,,,,,,,,,,,,,,,,,,,,
ALMONDPASTE,Almond Paste,spice,,,,,12071,"Nuts, almond paste",458.0,9.0,27.7,47.8,4.8,14.1,36.2,1.0,custom (g),100.0,1.0,oz,28.35,1.0,"cup, firmly packed",227.0,,,,,,,,,,,,,,,,,,,,,,,,,,,,,,
ALOEVERAJUICE,Aloe Vera Juice,beverage,,,,,14216,"Beverages, aloe vera juice drink, fortified with Vitamin C",15.0,0.0,0.0,3.8,0.0,96.2,3.8,1.0,custom (g),100.0,8.0,fl oz,240.0,,,,,,,,,,,,,,,,,,,,,,,,,,,,,,,,,
AMARANTH,Amaranth,grain,,,,,20002,"Amaranth grain, cooked",102.0,3.8,1.6,18.7,2.1,75.2,0.0,1.0,custom (g),100.0,1.0,cup,246.0,,,,,,,,,,,,,,,,,,,,,,,,,,,,,,,,,
AMARANTHLEAVE,Amaranth Leave Cooked,vegetable,,,,,11004,"Amaranth leaves, cooked, boiled, drained, without salt",21.0,2.1,0.2,4.1,0.0,91.5,0.0,1.0,custom (g),100.0,1.0,cup,132.0,,,,,,,,,,,,,,,,,,,,,,,,,,,,,,,,,
AMERICAN,American Cheese Nonfat,dairy,,,,,1061,"Cheese, American, nonfat or fat free",126.0,21.1,0.0,10.5,0.0,65.5,5.3,1.0,custom (g),100.0,1.0,serving,19.0,,,,,,,,,,,,,,,,,,,,,,,,,,,,,,,,,
AMERICANFAT,American Cheese Reg,dairy,,,,,1253,"Cheese, pasteurized process, American, without added vitamin D",371.0,18.1,31.8,3.7,0.0,39.6,2.3,1.0,custom (g),100.0,1.0,oz,28.35,1.0,slice (3/4 oz),21.0,1.0,slice (1 oz),28.0,1.0,cubic inch,18.0,1.0,"cup, diced",140.0,1.0,"cup, shredded",113.0,1.0,"cup, melted",244.0,,,,,,,,,,,,,,,
AMERICANLOW,American Cheese Low-fat,dairy,,,,,43275,"Cheese, pasteurized process, American, low fat",180.0,24.6,7.0,3.5,0.0,58.9,0.6,1.0,custom (g),100.0,1.0,"cup, diced",140.0,1.0,"cup, shredded",113.0,1.0,cubic inch,18.0,1.0,slice (3/4 oz),21.0,,,,,,,,,,,,,,,,,,,,,,,,
ANCHOVY,Anchovy,protein,,,,,15001,"Fish, anchovy, european, raw",131.0,20.4,4.8,0.0,0.0,73.4,0.0,1.0,custom (g),100.0,3.0,oz,85.0,,,,,,,,,,,,,,,,,,,,,,,,,,,,,,,,,
ANISE,Anise,spice,,,,,2002,"Spices, anise seed",337.0,17.6,15.9,50.0,14.6,9.5,0.0,1.0,custom (g),100.0,1.0,"tsp, whole",2.1,1.0,"tbsp, whole",6.7,,,,,,,,,,,,,,,,,,,,,,,,,,,,,,
ANTELOPE,Antelope,protein,,,,,17144,"Game meat, antelope, raw",114.0,22.4,2.0,0.0,0.0,74.1,0.0,1.0,custom (g),100.0,1.0,oz,28.35,1.0,lb,453.6,,,,,,,,,,,,,,,,,,,,,,,,,,,,,,
APPLE,Apples all with Skin,fruit,,,,,9003,"Apples, raw, with skin",52.0,0.3,0.2,13.8,2.4,85.6,10.4,1.0,custom (g),100.0,1.0,"cup, quartered or chopped",125.0,1.0,cup slices,109.0,1.0,"large (3-1/4"" dia)",223.0,1.0,"medium (3"" dia)",182.0,1.0,"small (2-3/4"" dia)",149.0,1.0,"extra small (2-1/2"" dia)",101.0,1.0,NLEA serving,242.0,,,,,,,,,,,,,,,
APPLEDRIED,Apples Dried,fruit,,,,,9011,"Apples, dried, sulfured, uncooked",243.0,0.9,0.3,65.9,8.7,31.8,57.2,1.0,custom (g),100.0,1.0,cup,86.0,1.0,ring,6.4,,,,,,,,,,,,,,,,,,,,,,,,,,,,,,
APPLEGALA,Apples Gala,fruit,,,,,9503,"Apples, raw, gala, with skin",57.0,0.2,0.1,13.7,2.3,85.8,10.4,1.0,custom (g),100.0,1.0,"cup, sliced",109.0,1.0,large,200.0,1.0,medium,172.0,1.0,small,157.0,,,,,,,,,,,,,,,,,,,,,,,,
APPLEGRNDEL,Apples Green Delicious,fruit,,,,,9501,"Apples, raw, golden delicious, with skin",57.0,0.3,0.1,13.6,2.4,85.8,10.0,1.0,custom (g),100.0,1.0,"cup, sliced",109.0,1.0,large,215.0,1.0,medium,169.0,1.0,small,129.0,,,,,,,,,,,,,,,,,,,,,,,,
APPLEJUGI,Apples FuJi,fruit,,,,,9504,"Apples, raw, fuji, with skin",63.0,0.2,0.2,15.2,2.1,84.2,11.7,1.0,custom (g),100.0,1.0,"cup, sliced",109.0,1.0,large,236.0,1.0,medium,192.0,1.0,small,158.0,,,,,,,,,,,,,,,,,,,,,,,,
APPLEJUICE,Apple Juice,beverage,,,,,9016,"Apple juice, canned or bottled, unsweetened, without added ascorbic acid",46.0,0.1,0.1,11.3,0.2,88.2,9.6,1.0,custom (g),100.0,1.0,cup,248.0,1.0,fl oz,31.0,1.0,drink box (8.45 fl oz),262.0,,,,,,,,,,,,,,,,,,,,,,,,,,,
APPLENOSKIN,Apples all no Skin,fruit,,,,,9004,"Apples, raw, without skin",48.0,0.3,0.1,12.8,1.3,86.7,10.1,1.0,custom (g),100.0,1.0,cup slices,110.0,1.0,"large (3-1/4"" dia)",216.0,1.0,"medium (3"" dia)",161.0,1.0,"small (2-3/4"" dia)",132.0,,,,,,,,,,,,,,,,,,,,,,,,
APPLEPIE,Pie Apple,sweets,,,,1,18302,"Pie, apple, prepared from recipe",265.0,2.4,12.5,37.1,0.0,47.3,0.0,1.0,custom (g),100.0,1.0,oz,28.35,1.0,"piece (1/8 of 9"" dia)",155.0,,,,,,,,,,,,,,,,,,,,,,,,,,,,,,
APPLEREDDEL,Apple Red Deliciousl,fruit,,,,,9500,"Apples, raw, red delicious, with skin",59.0,0.3,0.2,14.1,2.3,85.3,10.5,1.0,custom (g),100.0,1.0,"cup, sliced",109.0,1.0,large,260.0,1.0,medium,212.0,1.0,small,158.0,,,,,,,,,,,,,,,,,,,,,,,,
APPLESAUCE,Applesauce,prepared,,,,,9019,"Applesauce, canned, unsweetened, without added ascorbic acid (includes USDA commodity)",42.0,0.2,0.1,11.3,1.1,88.2,9.4,1.0,custom (g),100.0,1.0,cup,244.0,,,,,,,,,,,,,,,,,,,,,,,,,,,,,,,,,
APPLESMITH,Apple Granny Smith,fruit,,,,,9502,"Apples, raw, granny smith, with skin",58.0,0.4,0.2,13.6,2.8,85.5,9.6,1.0,custom (g),100.0,1.0,"cup, sliced",109.0,1.0,large,206.0,1.0,medium,167.0,1.0,small,144.0,,,,,,,,,,,,,,,,,,,,,,,,
APPLESTRUDEL,Apple Strudel,sweets,,,,1,18354,"Strudel, apple",274.0,3.3,11.2,41.1,2.2,43.5,25.8,1.0,custom (g),100.0,1.0,oz,28.35,1.0,piece,71.0,,,,,,,,,,,,,,,,,,,,,,,,,,,,,,
APRICOT,Apricot,fruit,,,,,9021,"Apricots, raw",48.0,1.4,0.4,11.1,2.0,86.3,9.2,1.0,custom (g),100.0,1.0,"cup, halves",155.0,1.0,"cup, sliced",165.0,1.0,apricot,35.0,,,,,,,,,,,,,,,,,,,,,,,,,,,
APRICOTCANNED,Apricot Canned,fruit,,,,,9023,"Apricots, canned, water pack, without skin, solids and liquids",22.0,0.7,0.0,5.5,1.1,93.4,0.0,1.0,custom (g),100.0,1.0,"cup, whole, without pits",227.0,,,,,,,,,,,,,,,,,,,,,,,,,,,,,,,,,
APRICOTDRIED,Apricot Dried,fruit,,,,,9032,"Apricots, dried, sulfured, uncooked",241.0,3.4,0.5,62.6,7.3,30.9,53.4,1.0,custom (g),100.0,1.0,"cup, halves",130.0,1.0,half,3.5,,,,,,,,,,,,,,,,,,,,,,,,,,,,,,
APRICOTJAM,Apricot Jam,fruit,spice,,,,19719,"Jams and preserves, apricot",242.0,0.7,0.2,64.4,0.3,34.5,43.4,1.0,custom (g),100.0,1.0,tbsp,20.0,1.0,packet (0.5 oz),14.0,,,,,,,,,,,,,,,,,,,,,,,,,,,,,,
APRICOTNECTAR,Apricot Nectar,beverage,fruit,,,,9036,"Apricot nectar, canned, without added ascorbic acid",56.0,0.4,0.1,14.4,0.6,84.9,13.8,1.0,custom (g),100.0,1.0,cup,251.0,1.0,fl oz,31.4,,,,,,,,,,,,,,,,,,,,,,,,,,,,,,
APRICOTOIL,Apricot Oil,fruit,fats,,,,4530,"Oil, apricot kernel",884.0,0.0,100.0,0.0,0.0,0.0,0.0,1.0,custom (g),100.0,1.0,tablespoon,13.6,1.0,cup,218.0,1.0,tsp,4.5,,,,,,,,,,,,,,,,,,,,,,,,,,,
ARROWHEADCOOKED,Arrowhead Cooked,vegetable,,,,,11006,"Arrowhead, cooked, boiled, drained, without salt",78.0,4.5,0.1,16.1,0.0,77.1,0.0,1.0,custom (g),100.0,1.0,medium,12.0,,,,,,,,,,,,,,,,,,,,,,,,,,,,,,,,,
ARROWROOTFLOUR,Arrowroot Flour,vegetable,,,,,20003,Arrowroot flour,357.0,0.3,0.1,88.2,3.4,11.4,0.0,1.0,custom (g),100.0,1.0,cup,128.0,,,,,,,,,,,,,,,,,,,,,,,,,,,,,,,,,
ARTICHOKE,Artichoke Cooked,vegetable,,,,,11008,"Artichokes, (globe or french), cooked, boiled, drained, without salt",53.0,2.9,0.3,11.9,5.7,84.1,1.0,1.0,custom (g),100.0,1.0,"artichoke, medium",120.0,0.5,cup hearts,84.0,,,,,,,,,,,,,,,,,,,,,,,,,,,,,,
ARUGULA,Arugula Raw,vegetable,,,,,11959,"Arugula, raw",25.0,2.6,0.7,3.6,1.6,91.7,2.0,1.0,custom (g),100.0,1.0,leaf,2.0,0.5,cup,10.0,,,,,,,,,,,,,,,,,,,,,,,,,,,,,,
ASCIDIANS,Ascidians,protein,,,,,35004,Ascidians (tunughnak) (Alaska Native),20.0,3.8,0.5,0.0,0.0,90.4,0.0,1.0,custom (g),100.0,,,,,,,,,,,,,,,,,,,,,,,,,,,,,,,,,,,,
ASIAGO,Asiago,dairy,,,,,28234,"SUNSHINE, CHEEZ-IT, Asiago Crackers",502.0,8.7,24.7,62.6,2.1,2.3,0.0,1.0,custom (g),100.0,25.0,crackers,30.0,,,,,,,,,,,,,,,,,,,,,,,,,,,,,,,,,
ASPARAGUS,Asparagus Cooked,vegetable,,,,,11019,"Asparagus, frozen, cooked, boiled, drained, without salt",18.0,3.0,0.4,1.9,1.6,94.1,0.3,1.0,custom (g),100.0,1.0,cup,180.0,1.0,package (10 oz) yields,293.0,4.0,spears,60.0,,,,,,,,,,,,,,,,,,,,,,,,,,,
ASPARAGUSRAW,Asparagus Raw,vegetable,,,,,11011,"Asparagus, raw",20.0,2.2,0.1,3.9,2.1,93.2,1.9,1.0,custom (g),100.0,1.0,cup,134.0,1.0,"spear, small (5"" long or less)",12.0,1.0,"spear, medium (5-1/4"" to 7"" long)",16.0,1.0,"spear, large (7-1/4"" to 8-1/2"")",20.0,1.0,"spear, extra large (8-3/4"" to 10"" long)",24.0,1.0,"spear tip (2"" long or less)",3.5,,,,,,,,,,,,,,,,,,
AVOCADO,Avocado Raw,vegetable,fruit,fats,Botanically a berry,,9038,"Avocados, raw, California",167.0,2.0,15.4,8.6,6.8,72.3,0.3,1.0,custom (g),100.0,1.0,"cup, pureed",230.0,1.0,"fruit, without skin and seed",136.0,1.0,NLEA serving,30.0,,,,,,,,,,,,,,,,,,,,,,,,,,,
AVOCADOFLOR,Avocado Florida,vegetable,,,,,9039,"Avocados, raw, Florida",120.0,2.2,10.1,7.8,5.6,78.8,2.4,1.0,custom (g),100.0,1.0,"cup, pureed",230.0,1.0,fruit without skin and seeds,304.0,,,,,,,,,,,,,,,,,,,,,,,,,,,,,,
BABASSU,Babassu,fats,,,,,4534,"Oil, babassu",884.0,0.0,100.0,0.0,0.0,0.0,0.0,1.0,custom (g),100.0,1.0,tbsp,13.6,1.0,cup,218.0,1.0,tsp,4.5,,,,,,,,,,,,,,,,,,,,,,,,,,,
BACON,Bacon,protein,,,,,10862,"Pork, cured, bacon, pre-sliced, cooked, pan-fried",468.0,33.9,35.1,1.7,0.0,23.6,0.0,1.0,custom (g),100.0,1.0,slice,11.5,,,,,,,,,,,,,,,,,,,,,,,,,,,,,,,,,
BAGEL,Bagel,grain,,,,,28319,"Bagels, whole grain white",255.0,9.3,0.0,54.5,4.7,34.5,9.3,1.0,custom (g),100.0,0.5,piece bagel 1 serving,43.0,,,,,,,,,,,,,,,,,,,,,,,,,,,,,,,,,
BAGELCINRAISIN,Bagel Cinnamon Raisin,grain,prepared,,,,18005,"Bagels, cinnamon-raisin",274.0,9.8,1.7,55.2,2.3,32.0,6.0,1.0,custom (g),100.0,1.0,"mini bagel (2-1/2"" dia)",26.0,1.0,"small bagel (3"" dia)",69.0,1.0,"medium bagel (3-1/2"" to 4"" dia)",105.0,1.0,"large bagel (4-1/2"" dia)",131.0,1.0,oz,28.35,,,,,,,,,,,,,,,,,,,,,
BAGELWHEAT,Bagel Wheat,grain,prepared,,,,18968,"Bagels, wheat",250.0,10.2,1.5,48.9,4.1,37.5,6.1,1.0,custom (g),100.0,1.0,bagel,98.0,,,,,,,,,,,,,,,,,,,,,,,,,,,,,,,,,
BAKEDBEANS,Baked Beans Veggie,prepared,,,,,16006,"Beans, baked, canned, plain or vegetarian",94.0,4.8,0.4,21.1,4.1,72.0,8.0,1.0,custom (g),100.0,1.0,cup,254.0,,,,,,,,,,,,,,,,,,,,,,,,,,,,,,,,,
BAKEDBEANSPORK,Baked Beans Pork,legume,prepared,,,,16009,"Beans, baked, canned, with pork",106.0,5.2,1.6,20.0,5.5,71.5,0.0,1.0,custom (g),100.0,1.0,cup,253.0,,,,,,,,,,,,,,,,,,,,,,,,,,,,,,,,,
BAKINGCHOCMEX,Baking Choc Mexican Squares,spice,,,,,19124,"Baking chocolate, mexican, squares",426.0,3.6,15.6,77.4,4.0,1.6,69.4,1.0,custom (g),100.0,1.0,tablet,20.0,,,,,,,,,,,,,,,,,,,,,,,,,,,,,,,,,
BAKINGPOWDER,Baking Powder,spice,,,,,18370,"Leavening agents, baking powder, double-acting, straight phosphate",51.0,0.1,0.0,24.1,0.2,4.0,0.0,1.0,custom (g),100.0,1.0,tsp,4.6,0.5,tsp,2.3,,,,,,,,,,,,,,,,,,,,,,,,,,,,,,
BAKINGPOWDER,Baking Powder,condiment,,,,,18370,"Leavening agents, baking powder, double-acting, straight phosphate",53.0,0.0,0.0,27.7,0.2,5.0,0.0,1.0,custom (g),100.0,1.0,tsp,4.6,0.5,tsp,2.3,,,,,,,,,,,,,,,,,,,,,,,,,,,,,,
BAKINGSODA,Baking Soda,spice,,,,,18372,"Leavening agents, baking soda",0.0,0.0,0.0,0.0,0.0,0.2,0.0,1.0,custom (g),100.0,1.0,tsp,4.6,0.5,tsp,2.3,,,,,,,,,,,,,,,,,,,,,,,,,,,,,,
BALSAMPEAR,Balsam-Pear,fruit,,,,,11022,"Balsam-pear (bitter gourd), leafy tips, raw",30.0,5.3,0.7,3.3,0.0,89.2,0.0,1.0,custom (g),100.0,1.0,leaf,4.0,0.5,cup,24.0,,,,,,,,,,,,,,,,,,,,,,,,,,,,,,
BAMBOO,Bamboo Shoots,vegetable,,,,,11027,"Bamboo shoots, cooked, boiled, drained, without salt",12.0,1.5,0.2,1.9,1.0,95.9,0.0,1.0,custom (g),100.0,1.0,"cup (1/2"" slices)",120.0,1.0,shoot,144.0,,,,,,,,,,,,,,,,,,,,,,,,,,,,,,
BAMBOOCANNED,Bamboo Shoots Canned,vegetable,,,,,11028,"Bamboo shoots, canned, drained solids",19.0,1.7,0.4,3.2,1.4,94.3,1.9,1.0,custom (g),100.0,1.0,"cup (1/8"" slices)",131.0,1.0,can (303 x 406),262.0,,,,,,,,,,,,,,,,,,,,,,,,,,,,,,
BANANA,Banana,fruit,,,,,9040,"Bananas, raw",89.0,1.1,0.3,22.8,2.6,74.9,12.2,1.0,custom (g),100.0,1.0,"cup, mashed",225.0,1.0,"cup, sliced",150.0,1.0,"extra small (less than 6"" long)",81.0,1.0,"small (6"" to 6-7/8"" long)",101.0,1.0,"medium (7"" to 7-7/8"" long)",118.0,1.0,"large (8"" to 8-7/8"" long)",136.0,1.0,"extra large (9"" or longer)",152.0,1.0,NLEA serving,126.0,,,,,,,,,,,,
BANANACHIPS,Banana Chips,fruit,prepared,,,,19400,"Snacks, banana chips",519.0,2.3,33.6,58.4,7.7,4.3,35.3,1.0,custom (g),100.0,1.0,oz,28.35,3.0,oz,85.0,1.5,oz,42.0,,,,,,,,,,,,,,,,,,,,,,,,,,,
BANANACREAMPIE,Pie Banana Cream,sweets,,,,1,18304,"Pie, banana cream, prepared from recipe",269.0,4.4,13.6,32.9,0.7,47.9,12.06,1.0,custom (g),100.0,1.0,oz,28.35,1.0,"pie (9"" dia)",1186.0,1.0,"piece (1/8 of 9"" dia)",144.0,,,,,,,,,,,,,,,,,,,,,,,,,,,
BANANAPOWDER,Banana Powder,fruit,,,,,9041,"Bananas, dehydrated, or banana powder",346.0,3.9,1.8,88.3,9.9,3.0,47.3,1.0,custom (g),100.0,1.0,cup,100.0,1.0,tbsp,6.2,,,,,,,,,,,,,,,,,,,,,,,,,,,,,,
BARBECUE,Barbecue,protein,prepared,,,,7001,"Barbecue loaf, pork, beef",173.0,15.8,8.9,6.4,0.0,64.8,0.0,1.0,custom (g),100.0,1.0,oz,28.35,1.0,"slice (5-7/8"" x 3-1/2"" x 1/16"")",23.0,,,,,,,,,,,,,,,,,,,,,,,,,,,,,,
BARLEY,Barley Pearled Cooked,grain,,,,,20006,"Barley, pearled, cooked",123.0,2.3,0.4,28.2,3.8,68.8,0.3,1.0,custom (g),100.0,1.0,cup,157.0,,,,,,,,,,,,,,,,,,,,,,,,,,,,,,,,,
BARLEYPEARLRAW,Barleypearlraw,grain,,,,,20005,"Barley, pearled, raw",352.0,9.9,1.2,77.7,15.6,10.1,0.8,1.0,custom (g),100.0,1.0,cup,200.0,,,,,,,,,,,,,,,,,,,,,,,,,,,,,,,,,
BASIL,Basil,spice,,,,,2044,"Basil, fresh",23.0,3.1,0.6,2.6,1.6,92.1,0.3,1.0,custom (g),100.0,5.0,leaves,2.5,2.0,"tbsp, chopped",5.3,0.25,"cup leaves, whole",6.0,,,,,,,,,,,,,,,,,,,,,,,,,,,
BASS,Bass,protein,,,,,15187,"Fish, bass, freshwater, mixed species, cooked, dry heat",146.0,24.2,4.7,0.0,0.0,68.8,0.0,1.0,custom (g),100.0,1.0,fillet,62.0,3.0,oz,85.0,,,,,,,,,,,,,,,,,,,,,,,,,,,,,,
BAYLEAF,Bay Leaf,spice,,,,,2004,"Spices, bay leaf",313.0,7.6,8.4,75.0,26.3,5.4,0.0,1.0,custom (g),100.0,1.0,"tsp, crumbled",0.6,1.0,"tbsp, crumbled",1.8,,,,,,,,,,,,,,,,,,,,,,,,,,,,,,
BEAR,Bear,protein,,,,,35008,"Bear, polar, meat, raw (Alaska Native)",130.0,25.6,3.1,0.0,0.0,70.3,0.0,1.0,custom (g),100.0,,,,,,,,,,,,,,,,,,,,,,,,,,,,,,,,,,,,
BEAVER,Beaver,protein,,,,,17150,"Game meat, beaver, raw",146.0,24.1,4.8,0.0,0.0,71.0,0.0,1.0,custom (g),100.0,1.0,oz,28.35,1.0,lb,453.6,,,,,,,,,,,,,,,,,,,,,,,,,,,,,,
BEECHNUT,Beechnut,nuts,,,,,12077,"Nuts, beechnuts, dried",576.0,6.2,50.0,33.5,0.0,6.6,0.0,1.0,custom (g),100.0,1.0,oz,28.35,,,,,,,,,,,,,,,,,,,,,,,,,,,,,,,,,
BEEF,Beef,protein,,,,,13364,"Beef, composite of trimmed retail cuts, separable lean only, trimmed to 0"" fat, all grades, cooked",203.0,29.9,8.4,0.0,0.0,61.0,0.0,1.0,custom (g),100.0,3.0,oz,85.0,,,,,,,,,,,,,,,,,,,,,,,,,,,,,,,,,
BEEFALO,Beefalo,prepared,,,,,17152,"Game meat, beefalo, composite of cuts, raw",143.0,23.3,4.8,0.0,0.0,70.9,0.0,1.0,custom (g),100.0,1.0,oz,28.35,1.0,lb,453.6,,,,,,,,,,,,,,,,,,,,,,,,,,,,,,
BEEFBRAIN,Beef Brain,protein,,,,,13319,"Beef, variety meats and by-products, brain, cooked, pan-fried",196.0,12.6,15.8,0.0,0.0,70.8,0.0,1.0,custom (g),100.0,3.0,oz,85.0,1.0,"piece, cooked, excluding refuse (yield from 1 lb r",351.0,,,,,,,,,,,,,,,,,,,,,,,,,,,,,,
BEEFBRISKET,Beef Brisket,protein,,,,,13804,"Beef, brisket, whole, separable lean and fat, trimmed to 1/8"" fat, all grades, cooked, braised",331.0,25.9,24.5,0.0,0.0,49.6,0.0,1.0,custom (g),100.0,3.0,oz,85.0,1.0,"piece, cooked, excluding refuse (yield from 1 lb r",329.0,,,,,,,,,,,,,,,,,,,,,,,,,,,,,,
BEEFCORNED,Corned Beef,protein,,,,,13347,"Beef, cured, corned beef, brisket, cooked",251.0,18.2,19.0,0.5,0.0,59.8,0.0,1.0,custom (g),100.0,3.0,oz,85.0,1.0,"piece, cooked, excluding refuse (yield from 1 lb r",320.0,,,,,,,,,,,,,,,,,,,,,,,,,,,,,,
BEEFEYEOFROUND,Beef Eye of Round,protein,,,,,13417,"Beef, round, eye of round roast, boneless, separable lean and fat, trimmed to 0"" fat, select, cooked, roasted",162.0,29.4,4.0,0.0,0.0,65.9,0.0,1.0,custom (g),100.0,3.0,oz,85.0,1.0,roast (yield from 426 g raw meat),337.0,,,,,,,,,,,,,,,,,,,,,,,,,,,,,,
BEEFFLANKSTEAK,Beef Flank Steak,protein,,,,,13948,"Beef, flank, steak, separable lean and fat, trimmed to 0"" fat, all grades, cooked, broiled",192.0,27.7,8.2,0.0,0.0,64.2,0.0,1.0,custom (g),100.0,3.0,oz,85.0,1.0,steak (yield from 475 g raw meat),383.0,,,,,,,,,,,,,,,,,,,,,,,,,,,,,,
BEEFGROUND,Beef Ground,protein,,,,,23570,"Beef, ground, 85% lean meat / 15% fat, crumbles, cooked, pan-browned",256.0,27.7,15.3,0.0,0.0,55.9,0.0,1.0,custom (g),100.0,3.0,oz,85.0,,,,,,,,,,,,,,,,,,,,,,,,,,,,,,,,,
BEEFNEWYORKSTRIP,Beef New York Strip,protein,,,,,23284,"Beef, top loin filet, boneless, separable lean and fat, trimmed to 1/8"" fat, all grades, cooked, grilled",239.0,27.4,14.1,0.6,0.0,56.8,0.0,1.0,custom (g),100.0,1.0,fillet,135.0,,,,,,,,,,,,,,,,,,,,,,,,,,,,,,,,,
BEEFPORTERHOUSE,Beef Porterhouse,protein,,,,,13459,"Beef, short loin, porterhouse steak, separable lean and fat, trimmed to 0"" fat, all grades, cooked, broiled",276.0,24.0,19.3,0.0,0.0,54.7,0.0,1.0,custom (g),100.0,3.0,oz,85.0,1.0,lb,453.6,,,,,,,,,,,,,,,,,,,,,,,,,,,,,,
BEEFPOTPIE,Beef Pot Pie,protein,prepared,,,1,22529,"Beef Pot Pie, frozen entree, prepared",220.0,7.2,11.4,22.1,0.8,58.0,0.0,1.0,custom (g),100.0,1.0,"pie, cooked (average weight)",268.0,,,,,,,,,,,,,,,,,,,,,,,,,,,,,,,,,
BEEFPOTROAST,BeefPot Roast,protein,,,,,13373,"Beef, chuck, arm pot roast, separable lean and fat, trimmed to 0"" fat, all grades, cooked, braised",297.0,28.9,19.2,0.0,0.0,51.9,0.0,1.0,custom (g),100.0,3.0,oz,85.0,1.0,roast (yield from 1601 g raw meat),1166.0,,,,,,,,,,,,,,,,,,,,,,,,,,,,,,
BEEFRIBEYESTEAK,Beef Ribeye Steak,protein,,,,,23266,"Beef, ribeye cap steak, boneless, separable lean only, trimmed to 0"" fat, all grades, cooked, grilled",246.0,24.7,15.7,1.5,0.0,57.2,0.0,1.0,custom (g),100.0,3.0,oz,85.0,1.0,steak,209.0,,,,,,,,,,,,,,,,,,,,,,,,,,,,,,
BEEFRIBS,Beef Ribs,protein,,,,,23430,"Beef, New Zealand, imported, ribs prepared, cooked, fast roasted",197.0,27.2,9.7,0.1,0.0,61.8,0.0,1.0,custom (g),100.0,3.0,oz,85.0,,,,,,,,,,,,,,,,,,,,,,,,,,,,,,,,,
BEEFROASTBEEF,Roast Beef,protein,,,,,7043,"Roast beef, deli style, prepackaged, sliced",115.0,18.6,3.7,0.6,0.0,73.7,0.3,1.0,custom (g),100.0,1.0,slice oval,9.3,1.0,slice rectangle,13.8,,,,,,,,,,,,,,,,,,,,,,,,,,,,,,
BEEFROUNDROASTTOP,Beef Round Roast Top,protein,,,,,23348,"Beef, round, top round roast, boneless, separable lean and fat, trimmed to 0"" fat, all grades, cooked, roasted",160.0,29.9,4.5,0.0,0.0,64.6,0.0,1.0,custom (g),100.0,3.0,oz,85.0,,,,,,,,,,,,,,,,,,,,,,,,,,,,,,,,,
BEEFROUNDSTEAK,Beef Round Steak,protein,,,,,13491,"Beef, round, top round steak, boneless, separable lean only, trimmed to 0"" fat, all grades, cooked, grilled",162.0,30.1,3.8,0.0,0.0,64.3,0.0,1.0,custom (g),100.0,3.0,oz,85.0,1.0,steak,277.0,,,,,,,,,,,,,,,,,,,,,,,,,,,,,,
BEEFSALAMI,Beef Salami,protein,prepared,,,,7068,"Salami, cooked, beef",261.0,12.6,22.2,1.9,0.0,60.0,1.5,1.0,custom (g),100.0,1.0,slice,26.0,1.0,oz,28.35,,,,,,,,,,,,,,,,,,,,,,,,,,,,,,
BEEFSAUSAGEBEEF,Beef Sausage,protein,prepared,,,,7956,"Beef sausage, fresh, cooked",332.0,18.2,28.0,0.3,0.0,51.1,0.0,1.0,custom (g),100.0,1.0,serving,43.0,,,,,,,,,,,,,,,,,,,,,,,,,,,,,,,,,
BEEFSHORTRIB,Beef Short Rib,protein,,,,,13148,"Beef, rib, shortribs, separable lean and fat, choice, cooked, braised",471.0,21.6,42.0,0.0,0.0,35.7,0.0,1.0,custom (g),100.0,3.0,oz,85.0,1.0,"piece, cooked, excluding refuse (yield from 1 lb r",225.0,,,,,,,,,,,,,,,,,,,,,,,,,,,,,,
BEEFSIRLOINROAST,Beef Sirloin Roast,protein,,,,,23259,"Beef, loin, top sirloin petite roast, boneless, separable lean only, trimmed to 0"" fat, all grades, cooked, roasted",170.0,29.1,5.9,0.0,0.0,63.9,0.0,1.0,custom (g),100.0,3.0,oz,85.0,1.0,roast,768.0,,,,,,,,,,,,,,,,,,,,,,,,,,,,,,
BEEFSIRLOINSTEAK,Beef Sirloin Steak,protein,,,,,13930,"Beef, top sirloin, steak, separable lean and fat, trimmed to 1/8"" fat, all grades, cooked, broiled",243.0,27.0,14.2,0.0,0.0,58.4,0.0,1.0,custom (g),100.0,3.0,oz,85.0,1.0,"piece, cooked, excluding refuse (yield from 1 lb r",306.0,,,,,,,,,,,,,,,,,,,,,,,,,,,,,,
BEEFSKIRTSTEAK,Beef Skirt Steak,protein,,,,,23214,"Beef, plate steak, boneless, inside skirt, separable lean and fat, trimmed to 0"" fat, all grades, cooked, grilled",245.0,29.4,14.2,0.0,0.0,56.1,0.0,1.0,custom (g),100.0,3.0,oz,85.0,1.0,steak,254.0,,,,,,,,,,,,,,,,,,,,,,,,,,,,,,
BEEFSTEW,Beef Stew,protein,,,,1,22905,"Beef stew, canned entree",99.0,4.4,5.5,7.8,0.9,80.8,1.8,1.0,custom (g),100.0,1.0,cup (1 serving),196.0,,,,,,,,,,,,,,,,,,,,,,,,,,,,,,,,,
BEEFSTRIPSTEAK,Beef Strip Steak,protein,,,,,13000,"Beef, grass-fed, strip steaks, lean only, raw",117.0,23.1,2.7,0.0,0.0,73.4,0.0,1.0,custom (g),100.0,3.0,oz,85.0,1.0,steak,214.0,,,,,,,,,,,,,,,,,,,,,,,,,,,,,,
BEEFTENDERLOIN,Beef Tenderloin,protein,,,,,23600,"Beef, tenderloin, steak, separable lean only, trimmed to 1/8"" fat, all grades, cooked, broiled",200.0,29.0,8.4,0.0,0.0,62.9,0.0,1.0,custom (g),100.0,1.0,oz,28.35,1.0,lb,453.6,,,,,,,,,,,,,,,,,,,,,,,,,,,,,,
BEEFTONGUE,Beef Tongue,protein,,,,,13340,"Beef, variety meats and by-products, tongue, cooked, simmered",284.0,19.3,22.3,0.0,0.0,57.9,0.0,1.0,custom (g),100.0,3.0,oz,85.0,,,,,,,,,,,,,,,,,,,,,,,,,,,,,,,,,
BEEFTRIPE,Beef Tripe,protein,,,,,23444,"Beef, New Zealand, imported, variety meats and by-products, tripe cooked, boiled",103.0,19.0,3.0,0.0,0.0,77.7,0.0,1.0,custom (g),100.0,3.0,oz,85.0,,,,,,,,,,,,,,,,,,,,,,,,,,,,,,,,,
BEEFTRITIP,Beef Tritip,protein,,,,,13953,"Beef, bottom sirloin, tri-tip roast, separable lean and fat, trimmed to 0"" fat, all grades, cooked, roasted",211.0,26.1,11.1,0.0,0.0,62.6,0.0,1.0,custom (g),100.0,1.0,roast (yield from 690g raw meat),569.0,,,,,,,,,,,,,,,,,,,,,,,,,,,,,,,,,
BEER,Beer,beverage,,,,,14003,"Alcoholic beverage, beer, regular, all",43.0,0.5,0.0,3.5,0.0,92.0,0.0,1.0,custom (g),100.0,1.0,fl oz,29.7,1.0,can,356.0,,,,,,,,,,,,,,,,,,,,,,,,,,,,,,
BEERHIGH,Beer High Alcohol,beverage,,,,,14251,"Beverages, Beer, higher alcohol",58.0,0.9,0.0,0.3,0.0,91.0,0.0,1.0,custom (g),100.0,1.0,fl oz,30.6,1.0,bottle,355.0,,,,,,,,,,,,,,,,,,,,,,,,,,,,,,
BEERLIGHT,Beer Light,beverage,,,,,14013,"Alcoholic beverage, beer, light, low carb",27.0,0.2,0.0,0.7,0.0,95.4,0.0,1.0,custom (g),100.0,1.0,fl oz,29.5,12.0,fl oz,354.0,,,,,,,,,,,,,,,,,,,,,,,,,,,,,,
BEERWURST,Beerwurst,protein,,,,,7002,"Beerwurst, beer salami, pork and beef",277.0,14.0,22.5,3.8,0.9,56.7,0.0,1.0,custom (g),100.0,2.0,oz,56.0,,,,,,,,,,,,,,,,,,,,,,,,,,,,,,,,,
BEET,Beet Raw,vegetable,,,,,11080,"Beets, raw",43.0,1.6,0.2,9.6,2.8,87.6,6.8,1.0,custom (g),100.0,1.0,cup,136.0,1.0,"beet (2"" dia)",82.0,,,,,,,,,,,,,,,,,,,,,,,,,,,,,,
BEETCOOKED,Beet Cooked,vegetable,,,,,11081,"Beets, cooked, boiled, drained",44.0,1.7,0.2,10.0,2.0,87.1,8.0,1.0,custom (g),100.0,0.5,cup slices,85.0,2.0,"beets (2"" dia, sphere)",100.0,,,,,,,,,,,,,,,,,,,,,,,,,,,,,,
BEETPICKLED,Beet Pickled,vegetable,,,,,11609,"Beets, pickled, canned, solids and liquids",65.0,0.8,0.1,16.3,0.8,81.9,11.1,1.0,custom (g),100.0,1.0,cup slices,227.0,,,,,,,,,,,,,,,,,,,,,,,,,,,,,,,,,
BISCUIT,Biscuit,prepared,,,,1,18016,"Biscuits, plain or buttermilk, prepared from recipe",353.0,7.0,16.3,44.6,1.5,28.9,2.18,1.0,custom (g),100.0,1.0,"biscuit (2-1/2"" dia)",56.4,1.0,oz,28.35,,,,,,,,,,,,,,,,,,,,,,,,,,,,,,
BISON,Bison,protein,,,,,17149,"Bison, ground, grass-fed, raw",146.0,20.2,7.2,0.1,0.0,71.6,0.0,1.0,custom (g),100.0,1.0,patty (cooked from 4 oz raw),85.0,1.0,oz,28.35,,,,,,,,,,,,,,,,,,,,,,,,,,,,,,
BLACKBEAN,Black Bean,legume,,,,,16015,"Beans, black, mature seeds, cooked, boiled, without salt",132.0,8.9,0.5,23.7,8.7,65.7,0.3,1.0,custom (g),100.0,1.0,cup,172.0,,,,,,,,,,,,,,,,,,,,,,,,,,,,,,,,,
BLACKBERRY,Blackberry,fruit,,,,,9042,"Blackberries, raw",43.0,1.4,0.5,9.6,5.3,88.2,4.9,1.0,custom (g),100.0,1.0,cup,144.0,,,,,,,,,,,,,,,,,,,,,,,,,,,,,,,,,
BLACKEYEPEA,Black-eyed Pea,legume,,,,,11192,"Cowpeas (blackeyes), immature seeds, cooked, boiled, drained, without salt",97.0,3.2,0.4,20.3,5.0,75.5,3.2,1.0,custom (g),100.0,1.0,cup,165.0,,,,,,,,,,,,,,,,,,,,,,,,,,,,,,,,,
BLACKFISH,Blackfish,protein,,,,,35016,"Fish, blackfish, whole (Alaska Native)",82.0,15.5,1.8,0.0,0.0,80.1,0.0,1.0,custom (g),100.0,,,,,,,,,,,,,,,,,,,,,,,,,,,,,,,,,,,,
BLUBERRIESFROZEN,Blueberries Frozen,fruit,,,,,9054,"Blueberries, frozen, unsweetened",51.0,0.4,0.6,12.2,2.7,86.6,8.4,1.0,custom (g),100.0,1.0,"cup, unthawed",155.0,1.0,package (20 oz),567.0,,,,,,,,,,,,,,,,,,,,,,,,,,,,,,
BLUEBERRIES,Blueberries,fruit,,,,,9050,"Blueberries, raw",57.0,0.7,0.3,14.5,2.4,84.2,10.0,1.0,custom (g),100.0,1.0,cup,148.0,50.0,berries,68.0,,,,,,,,,,,,,,,,,,,,,,,,,,,,,,
BLUEBERRYPIE,Pie Blueberry,sweets,,,,1,18306,"Pie, blueberry, prepared from recipe",245.0,2.7,11.9,33.5,0.0,51.2,0.0,1.0,custom (g),100.0,1.0,oz,28.35,1.0,"piece (1/8 of 9"" dia)",147.0,,,,,,,,,,,,,,,,,,,,,,,,,,,,,,
BLUECHEESE,Blue Cheese,dairy,,,,,1004,"Cheese, blue",353.0,21.4,28.7,2.3,0.0,42.4,0.5,1.0,custom (g),100.0,1.0,oz,28.35,1.0,cubic inch,17.0,1.0,"cup, crumbled, not packed",135.0,,,,,,,,,,,,,,,,,,,,,,,,,,,
BLUECORN,Blue Corn,prepared,,,,,35130,"Mush, blue corn with ash (Navajo)",54.0,0.7,0.5,11.7,1.1,86.7,0.2,1.0,custom (g),100.0,,,,,,,,,,,,,,,,,,,,,,,,,,,,,,,,,,,,
BLUEFISH,Bluefish,protein,,,,,15189,"Fish, bluefish, cooked, dry heat",159.0,25.7,5.4,0.0,0.0,62.6,0.0,1.0,custom (g),100.0,1.0,fillet,117.0,3.0,oz,85.0,,,,,,,,,,,,,,,,,,,,,,,,,,,,,,
BOAR,Boar,protein,,,,,17159,"Game meat, boar, wild, cooked, roasted",160.0,28.3,4.4,0.0,0.0,63.9,0.0,1.0,custom (g),100.0,3.0,oz,85.0,1.0,"piece, cooked (yield from 1 lb raw meat, boneless)",340.0,,,,,,,,,,,,,,,,,,,,,,,,,,,,,,
BOCKWURST,Bockwurst,protein,,,,,7006,"Bockwurst, pork, veal, raw",301.0,14.0,25.9,3.0,1.0,54.5,1.3,1.0,custom (g),100.0,1.0,sausage,91.0,,,,,,,,,,,,,,,,,,,,,,,,,,,,,,,,,
BOKCHOY,Bok Choy Raw,vegetable,,,,,11116,"Cabbage, chinese (pak-choi), raw",13.0,1.5,0.2,2.2,1.0,95.3,1.2,1.0,custom (g),100.0,1.0,"cup, shredded",70.0,1.0,head,840.0,1.0,leaf,14.0,,,,,,,,,,,,,,,,,,,,,,,,,,,
BOLOGNA,Bologna,protein,,,,,7007,"Bologna, beef",299.0,10.9,26.1,4.3,0.0,55.3,2.0,1.0,custom (g),100.0,1.0,slice,30.0,1.0,serving,28.0,,,,,,,,,,,,,,,,,,,,,,,,,,,,,,
BORAGE,Borage Cooked,vegetable,,,,,11614,"Borage, cooked, boiled, drained, without salt",25.0,2.1,0.8,3.5,0.0,91.9,0.0,1.0,custom (g),100.0,,,,,,,,,,,,,,,,,,,,,,,,,,,,,,,,,,,,
BOSTON,Boston Cream Pie,sweets,,,,1,18090,"Cake, boston cream pie, commercially prepared",252.0,2.4,8.5,42.9,1.4,45.4,36.11,1.0,custom (g),100.0,1.0,oz,28.35,1.0,piece (1/6 of pie),92.0,,,,,,,,,,,,,,,,,,,,,,,,,,,,,,
BOYSENBERRIES,Boysenberries Frozen,fruit,,,,,9057,"Boysenberries, frozen, unsweetened",50.0,1.1,0.3,12.2,5.3,85.9,6.9,1.0,custom (g),100.0,1.0,"cup, unthawed",132.0,1.0,package (10 oz),284.0,,,,,,,,,,,,,,,,,,,,,,,,,,,,,,
BRATWURST,Bratwurst,protein,,,,,7013,"Bratwurst, pork, cooked",333.0,13.7,29.2,2.9,0.0,51.5,0.0,1.0,custom (g),100.0,1.0,link cooked,85.0,,,,,,,,,,,,,,,,,,,,,,,,,,,,,,,,,
BRAUNSCHWEIGER,Braunschweiger,protein,,,,,7014,"Braunschweiger (a liver sausage), pork",327.0,14.5,28.5,3.1,0.0,50.6,0.0,1.0,custom (g),100.0,1.0,oz,28.35,1.0,"slice (2-1/2"" dia x 1/4"" thick)",18.0,,,,,,,,,,,,,,,,,,,,,,,,,,,,,,
BREADCHEESE,Bread Cheese,dairy,,,,,18972,"Bread, cheese",408.0,10.4,20.8,44.8,2.1,21.1,2.1,1.0,custom (g),100.0,1.0,slice,48.0,,,,,,,,,,,,,,,,,,,,,,,,,,,,,,,,,
BREADCRUMBSDRY,Bread Crumbs Dry,grain,,,,,18079,"Bread crumbs, dry, grated, plain",395.0,13.3,5.3,72.0,4.5,6.5,6.2,1.0,custom (g),100.0,1.0,oz,28.4,1.0,cup,108.0,,,,,,,,,,,,,,,,,,,,,,,,,,,,,,
BREADFRUIT,Breadfruit,fruit,,,,,9059,"Breadfruit, raw",103.0,1.1,0.2,27.1,4.9,70.7,11.0,1.0,custom (g),100.0,1.0,cup,220.0,0.25,"fruit, small",96.0,,,,,,,,,,,,,,,,,,,,,,,,,,,,,,
BREADRICEBRAN,Breads Rice Bran Bread,grain,prepared,,,,18059,"Bread, rice bran",243.0,8.9,4.6,43.5,4.9,41.0,4.7,1.0,custom (g),100.0,1.0,oz,28.35,1.0,slice,27.0,,,,,,,,,,,,,,,,,,,,,,,,,,,,,,
BREADRYE,Breads Rye Bread,prepared,,,,,18060,"Bread, rye",259.0,8.5,3.3,48.3,5.8,37.3,3.9,1.0,custom (g),100.0,1.0,oz,28.35,1.0,"slice, regular",32.0,1.0,"slice, snack-size",7.0,1.0,"slice, thin",25.0,,,,,,,,,,,,,,,,,,,,,,,,
BREADWHITE,Breads White Bread,prepared,grain,,,,18967,"Bread, white wheat",238.0,10.7,2.1,43.9,9.2,39.6,5.0,1.0,custom (g),100.0,1.0,slice,28.0,,,,,,,,,,,,,,,,,,,,,,,,,,,,,,,,,
BREADWHOLE,Breads Whole Wheat Bread,prepared,grain,,,,18075,"Bread, whole-wheat, commercially prepared",252.0,12.4,3.5,42.7,6.0,39.0,4.3,1.0,custom (g),100.0,1.0,slice,32.0,1.0,oz,28.35,,,,,,,,,,,,,,,,,,,,,,,,,,,,,,
BRICKCHEESE,Brick Cheese,dairy,,,,,1005,"Cheese, brick",371.0,23.2,29.7,2.8,0.0,41.1,0.5,1.0,custom (g),100.0,1.0,"cup, diced",132.0,1.0,"cup, shredded",113.0,1.0,oz,28.35,1.0,cubic inch,17.0,1.0,slice (1 oz),28.0,,,,,,,,,,,,,,,,,,,,,
BRIECHEESE,Brie Cheese,dairy,,,,,1006,"Cheese, brie",334.0,20.8,27.7,0.5,0.0,48.4,0.5,1.0,custom (g),100.0,1.0,oz,28.35,1.0,"cup, sliced",144.0,1.0,"cup, melted",240.0,1.0,cubic inch,17.0,1.0,package (4.5 oz),128.0,,,,,,,,,,,,,,,,,,,,,
BROADBEAN,Broadbean,legume,,,,,16053,"Broadbeans (fava beans), mature seeds, cooked, boiled, without salt",110.0,7.6,0.4,19.6,5.4,71.5,1.8,1.0,custom (g),100.0,1.0,cup,170.0,,,,,,,,,,,,,,,,,,,,,,,,,,,,,,,,,
BROCCOLI,Broccoli Raw,vegetable,,,,,11090,"Broccoli, raw",34.0,2.8,0.4,6.6,2.6,89.3,1.7,1.0,custom (g),100.0,1.0,cup chopped,91.0,1.0,bunch,608.0,1.0,"spear (about 5"" long)",31.0,1.0,stalk,151.0,0.5,"cup, chopped or diced",44.0,1.0,NLEA serving,148.0,,,,,,,,,,,,,,,,,,
BROCCOLICOOKED,Broccoli Cooked,vegetable,,,,,11091,"Broccoli, cooked, boiled, drained, without salt",35.0,2.4,0.4,7.2,3.3,89.2,1.4,1.0,custom (g),100.0,0.5,"cup, chopped",78.0,1.0,"stalk, large (11""-12"" long)",280.0,1.0,"stalk, medium (7-1/2"" - 8"" long)",180.0,1.0,"stalk, small (5"" long)",140.0,1.0,"spear (about 5"" long)",37.0,,,,,,,,,,,,,,,,,,,,,
BROCCOLIRAAB,Broccoli Raab Cooked,vegetable,,,,,11097,"Broccoli raab, cooked",33.0,3.8,0.5,3.1,2.8,91.4,0.6,1.0,custom (g),100.0,1.0,NLEA serving,85.0,1.0,bunch cooked,437.0,,,,,,,,,,,,,,,,,,,,,,,,,,,,,,
BROTWURST,Brotwurst,protein,,,,,7015,"Brotwurst, pork, beef, link",323.0,14.3,27.8,3.0,0.0,51.3,3.0,1.0,custom (g),100.0,1.0,link,70.0,,,,,,,,,,,,,,,,,,,,,,,,,,,,,,,,,
BRUSSELSPROUTS,Brussel Sprouts Cooked,vegetable,,,,,11099,"Brussels sprouts, cooked, boiled, drained, without salt",36.0,2.5,0.5,7.1,2.6,88.9,1.7,1.0,custom (g),100.0,1.0,sprout,21.0,0.5,cup,78.0,,,,,,,,,,,,,,,,,,,,,,,,,,,,,,
BUCKWHEAT,Buckwheat,grain,,,,,20011,"Buckwheat flour, whole-groat",335.0,12.6,3.1,70.6,10.0,11.2,2.6,1.0,custom (g),100.0,1.0,cup,120.0,,,,,,,,,,,,,,,,,,,,,,,,,,,,,,,,,
BUCKWHEATCOOKED,Buckwheat Cooked,grain,,,,,20010,"Buckwheat groats, roasted, cooked",,,,,,,,,,,,,,,,,,,,,,,,,,,,,,,,,,,,,,,,,,,,,,
BUFFALO,Buffalo,protein,,,,,17161,"Game meat, buffalo, water, cooked, roasted",131.0,26.8,1.8,0.0,0.0,68.8,0.0,1.0,custom (g),100.0,3.0,oz,85.0,1.0,"piece, cooked (yield from 1 lb raw meat, boneless)",340.0,,,,,,,,,,,,,,,,,,,,,,,,,,,,,,
BULGUR,Bulgur,grain,,,,,20013,"Bulgur, cooked",83.0,3.1,0.2,18.6,4.5,77.8,0.1,1.0,custom (g),100.0,1.0,cup,182.0,1.0,tbsp,8.4,,,,,,,,,,,,,,,,,,,,,,,,,,,,,,
BUNHONEY,Buns Honey Bun,grain,Sweets,,,,18964,"Cinnamon buns, frosted (includes honey buns)",452.0,4.5,26.6,48.6,1.2,19.0,25.7,1.0,custom (g),100.0,1.0,bun,65.0,,,,,,,,,,,,,,,,,,,,,,,,,,,,,,,,,
BUNSHAMBURGER,Buns Hamburger,grain,prepared,,,,28394,"PEPPERIDGE FARM, Hamburger Bun",278.0,0.0,3.7,50.0,1.8,33.3,0.0,1.0,custom (g),100.0,1.0,serving,51.0,,,,,,,,,,,,,,,,,,,,,,,,,,,,,,,,,
BUNSHAMBURGERSES,Buns Hamburger Sesame,grain,prepared,,,,28387,"PEPPERIDGE FARM, Hamburger Buns w/Sesame",280.0,0.0,4.1,49.9,3.1,33.2,0.0,1.0,custom (g),100.0,1.0,serving,53.0,,,,,,,,,,,,,,,,,,,,,,,,,,,,,,,,,
BUNSHAMBURGERWHOLE,Buns Hamburger Whole Wheat,grain,prepared,,,,28377,"PEPPERIDGE FARM, 100% Whole Wheat Hamburger Buns",257.0,0.0,3.1,43.2,5.9,37.1,0.0,1.0,custom (g),100.0,1.0,serving,51.0,,,,,,,,,,,,,,,,,,,,,,,,,,,,,,,,,
BURDOCK,Burdock Cooked,vegetable,,,,,11105,"Burdock root, cooked, boiled, drained, without salt",88.0,2.1,0.1,21.1,1.8,75.6,3.5,1.0,custom (g),100.0,1.0,"cup (1"" pieces)",125.0,1.0,root,166.0,,,,,,,,,,,,,,,,,,,,,,,,,,,,,,
BURRITO,Burrito Beef Bean,prepared,,,,1,22928,"Burrito, beef and bean, microwaved",298.0,8.7,11.9,39.0,6.9,38.1,1.4,1.0,custom (g),100.0,1.0,burrito cooked,116.0,1.0,oz,28.35,,,,,,,,,,,,,,,,,,,,,,,,,,,,,,
BURRITOBEANCHEESE,Burrito Bean Cheese,prepared,,,,1,,"Burrito with beans and cheese, prepared from recipe",196.2,8.18,5.12,29.46,4.86,55.05,1.71,1.0,custom (g),100.0,1.0,each burrito,105.3,,,,,,,,,,,,,,,,,,,,,,,,,,,,,,,,,
BURRITOBEANCHEESEBEEF,Burrito Bean Cheese Beef,prepared,,,,1,21064,"Fast foods, burrito, with beans, cheese, and beef",180.0,7.0,6.8,23.4,3.7,60.9,2.1,1.0,custom (g),100.0,1.0,burrito,241.0,,,,,,,,,,,,,,,,,,,,,,,,,,,,,,,,,
BURRITOBEANS,Burrito Bean,prepared,,,,1,,"Burrito with beans, prepared from recipe",188.14,7.41,3.95,30.84,5.1,55.67,1.74,1.0,custom (g),100.0,1.0,each burrito,100.3,,,,,,,,,,,,,,,,,,,,,,,,,,,,,,,,,
BURRITOBEEF,Burrito Beef,prepared,,,,1,,"Burrito with beef, prepared from recipe",261.94,12.91,10.79,27.76,1.96,46.58,2.14,1.0,custom (g),100.0,1.0,each burrito,107.1,,,,,,,,,,,,,,,,,,,,,,,,,,,,,,,,,
BURRITOCHEESE,Burrito Cheese,prepared,,,,1,,"Burrito with cheese, prepared from recipe",326.8,14.34,16.2,30.33,2.1,36.18,2.72,1.0,custom (g),100.0,1.0,each burrito,100.0,,,,,,,,,,,,,,,,,,,,,,,,,,,,,,,,,
BURRITOEGG,Burrito Egg,prepared,,,,1,,"Egg burrito, prepared from recipe",277.06,13.02,15.81,19.81,1.36,49.23,1.78,1.0,custom (g),100.0,1.0,each burrito,180.0,,,,,,,,,,,,,,,,,,,,,,,,,,,,,,,,,
BUTTERBUR,Butterbur Cooked,vegetable,,,,,11107,"Butterbur, cooked, boiled, drained, without salt",8.0,0.2,0.0,2.2,0.0,96.7,0.0,1.0,custom (g),100.0,,,,,,,,,,,,,,,,,,,,,,,,,,,,,,,,,,,,
BUTTERFISH,Butterfish,protein,,,,,15191,"Fish, butterfish, cooked, dry heat",187.0,22.1,10.3,0.0,0.0,66.8,0.0,1.0,custom (g),100.0,1.0,fillet,25.0,3.0,oz,85.0,,,,,,,,,,,,,,,,,,,,,,,,,,,,,,
BUTTERMILK,Buttermilk,dairy,beverage,,,,1230,"Milk, buttermilk, fluid, whole",62.0,3.2,3.3,4.9,0.0,87.9,4.9,1.0,custom (g),100.0,1.0,cup,245.0,,,,,,,,,,,,,,,,,,,,,,,,,,,,,,,,,
BUTTERSALTED,Butter Salted,dairy,fats,,Made from cream,,1001,"Butter, salted",717.0,0.8,81.1,0.1,0.0,15.9,0.1,1.0,custom (g),100.0,1.0,"pat (1"" sq, 1/3"" high)",5.0,1.0,tbsp,14.2,1.0,cup,227.0,1.0,stick,113.0,,,,,,,,,,,,,,,,,,,,,,,,
BUTTERSCOTCH,Butterscotch Topping,sweets,,,,,19364,"Toppings, butterscotch or caramel",216.0,1.2,0.0,57.0,0.0,40.6,57.0,1.0,custom (g),100.0,2.0,tbsp,41.0,,,,,,,,,,,,,,,,,,,,,,,,,,,,,,,,,
BUTTERUNSALTED,Butter Unsalted,dairy,,,,,1145,"Butter, without salt",717.0,0.8,81.1,0.1,0.0,17.9,0.1,1.0,custom (g),100.0,1.0,"pat (1"" sq, 1/3"" high)",5.0,1.0,tbsp,14.2,1.0,cup,227.0,1.0,stick,113.0,,,,,,,,,,,,,,,,,,,,,,,,
BUTTERWHIP,Butter Whipped,fats,spice,dairy,,,1002,"Butter, whipped, with salt",718.0,0.5,78.3,2.9,0.0,16.7,0.1,1.0,custom (g),100.0,1.0,"pat (1"" sq, 1/3"" high)",3.8,1.0,tbsp,9.4,1.0,cup,151.0,1.0,stick,76.0,,,,,,,,,,,,,,,,,,,,,,,,
CABBAGE,Cabbage Raw,vegetable,,,,,11109,"Cabbage, raw",25.0,1.3,0.1,5.8,2.5,92.2,3.2,1.0,custom (g),100.0,1.0,"cup, chopped",89.0,1.0,"cup, shredded",70.0,1.0,"head, large (about 7"" dia)",1248.0,1.0,"leaf, large",33.0,1.0,"head, medium (about 5-3/4"" dia)",908.0,1.0,"leaf, medium",23.0,1.0,"head, small (about 4-1/2"" dia)",714.0,1.0,leaf,15.0,,,,,,,,,,,,
CABBAGECOOKED,Cabbage Cooked,vegetable,,,,,11110,"Cabbage, cooked, boiled, drained, without salt",23.0,1.3,0.1,5.5,1.9,92.6,2.8,1.0,custom (g),100.0,0.5,"cup, shredded",75.0,1.0,head,1262.0,,,,,,,,,,,,,,,,,,,,,,,,,,,,,,
CABDSTARBURST,Candies STARBURST ORIGINAL,sweets,,,,,19156,"Candies, MARS SNACKFOOD US, STARBURST Fruit Chews, Original fruits",408.0,0.4,8.2,82.6,0.0,8.5,0.0,1.0,custom (g),100.0,1.0,serving fun size (8 chews),40.0,1.0,serving 2.07 oz pack,59.0,1.0,piece,5.0,,,,,,,,,,,,,,,,,,,,,,,,,,,
CAESARDRESSING,Caesar Dressing,spice,,,,,43015,"Salad dressing, caesar dressing, regular",542.0,2.2,57.9,3.3,0.5,34.3,2.8,1.0,custom (g),100.0,1.0,tbsp,14.7,1.0,cup,235.0,1.0,serving (2 tbsp),30.0,,,,,,,,,,,,,,,,,,,,,,,,,,,
CAKE,Pound Cake,sweets,,,,1,18120,"Cake, pound, commercially prepared, butter (includes fresh and frozen)",353.0,5.0,13.96,53.64,0.6,25.87,33.36,1.0,custom (g),100.0,0.16,loaf 1/6 of the loaf,61.0,1.0,piece individually wrapped cake,49.0,,,,,,,,,,,,,,,,,,,,,,,,,,,,,,
CAKEANGELFOOD,Cake Angel Food,sweets,,,,1,18086,"Cake, angelfood, commercially prepared",258.0,5.9,0.8,57.8,1.5,33.2,0.0,1.0,custom (g),100.0,1.0,piece (1/12 of 12 oz cake),28.0,1.0,"cake (9"" dia x 4"")",340.0,,,,,,,,,,,,,,,,,,,,,,,,,,,,,,
CAKECHEESECAKE,Cake Cheesecake,sweets,,,,1,18147,Cheesecake commercially prepared,321.0,5.5,22.5,25.5,0.4,45.6,21.8,1.0,custom (g),100.0,1.0,oz,28.35,1.0,piece (1/6 of 17 oz cake),80.0,1.0,piece (1 NLEA serving),125.0,,,,,,,,,,,,,,,,,,,,,,,,,,,
CAKECHOCOLATE,Cake Chocolate no Frosting,sweets,,,,1,18101,"Cake, chocolate, prepared from recipe without frosting",371.0,5.3,15.1,53.4,1.6,24.4,0.0,1.0,custom (g),100.0,1.0,"piece (1/12 of 9"" dia)",95.0,1.0,"cake, 2-layer (8"" or 9"" dia)",1137.0,,,,,,,,,,,,,,,,,,,,,,,,,,,,,,
CAKECHOCOLATEFROSTING,Cake Chocolate Frosting,sweets,,,,,18096,"Cake, chocolate, commercially prepared with chocolate frosting, in-store bakery",389.0,3.5,20.1,52.8,2.2,22.0,40.0,1.0,custom (g),100.0,1.0,piece (1/12 of a cake),138.0,1.0,cake,1660.0,1.0,piece (1/8 of 18 oz cake),64.0,1.0,oz,28.35,,,,,,,,,,,,,,,,,,,,,,,,
CAKECOFFEECAKE,Cake Coffee,sweets,,,,1,18104,"Coffeecake, cinnamon with crumb topping, commercially prepared, enriched",418.0,6.8,23.3,46.7,2.0,21.9,0.0,1.0,custom (g),100.0,1.0,oz,28.35,1.0,individual cake,57.0,1.0,piece (1/9 of 20 oz cake),63.0,,,,,,,,,,,,,,,,,,,,,,,,,,,
CAKEFRUITCAKE,Cake Fruitcake,sweets,,,,,18110,"Cake, fruitcake, commercially prepared",324.0,2.9,9.1,61.6,3.7,25.3,27.4,1.0,custom (g),100.0,1.0,oz,28.35,1.0,piece,43.0,,,,,,,,,,,,,,,,,,,,,,,,,,,,,,
CAKEGINGERBREAD,Cake Gingerbread,sweets,,,,1,18116,"Cake, gingerbread, prepared from recipe",356.0,3.9,16.4,49.2,0.0,28.0,0.0,1.0,custom (g),100.0,1.0,oz,28.35,1.0,"piece (1/9 of 8"" square)",74.0,,,,,,,,,,,,,,,,,,,,,,,,,,,,,,
CAKEPINEAPPLE,Cake Pineapple,sweets,,,,1,18119,"Cake, pineapple upside-down, prepared from recipe",319.0,3.5,12.1,50.5,0.8,32.3,0.0,1.0,custom (g),100.0,1.0,oz,28.35,1.0,"piece (1/9 of 8"" square)",115.0,,,,,,,,,,,,,,,,,,,,,,,,,,,,,,
CAKEPOUND,Cake Pound,sweets,,,,1,18120,"Cake, pound, commercially prepared, butter (includes fresh and frozen)",353.0,5.0,14.0,53.6,0.6,25.9,33.4,1.0,custom (g),100.0,0.16,loaf 1/6 of the loaf,61.0,1.0,piece individually wrapped cake,49.0,,,,,,,,,,,,,,,,,,,,,,,,,,,,,,
CAKESHORTCAKE,Cake Shortcake,sweets,,,,1,18126,"Cake, shortcake, biscuit-type, prepared from recipe",346.0,6.1,14.2,48.5,0.0,28.4,0.0,1.0,custom (g),100.0,1.0,oz,28.35,,,,,,,,,,,,,,,,,,,,,,,,,,,,,,,,,
CAKESPONGE,Cake Sponge,sweets,,,,1,18134,"Cake, sponge, prepared from recipe",297.0,7.3,4.3,57.7,0.0,29.4,0.0,1.0,custom (g),100.0,1.0,oz,28.35,1.0,piece (1/12 of 10 inch cake),63.0,,,,,,,,,,,,,,,,,,,,,,,,,,,,,,
CAKEWHITE,Cake White no Frosting,sweets,,,,1,18139,"Cake, white, prepared from recipe without frosting",357.0,5.4,12.4,57.2,0.8,23.3,35.5,1.0,custom (g),100.0,1.0,"piece (1/12 of 9"" dia)",74.0,1.0,"cake, 2-layer (8"" or 9"" dia)",887.0,,,,,,,,,,,,,,,,,,,,,,,,,,,,,,
CAKEWHITECOCONUTFROSTING,Cake White Coconut Frosting,sweets,,,,1,18102,"Cake, white, prepared from recipe with coconut frosting",356.0,4.4,10.3,63.2,1.0,20.7,57.4,1.0,custom (g),100.0,1.0,oz,28.35,1.0,"piece (1/12 of 9"" dia)",112.0,,,,,,,,,,,,,,,,,,,,,,,,,,,,,,
CAKEYELLOW,Cake Yellow no Frosting,sweets,,,,1,18146,"Cake, yellow, prepared from recipe without frosting",361.0,5.3,14.6,53.0,0.7,25.1,0.0,1.0,custom (g),100.0,1.0,"piece (1/12 of 8"" dia)",68.0,1.0,"cake, 2-layer (8"" dia)",817.0,,,,,,,,,,,,,,,,,,,,,,,,,,,,,,
CAKEYELLOWCHOCOLATEFROSTING,Cake Yellow Choc Frosting,sweets,,,,1,18140,"Cake, yellow, commercially prepared, with chocolate frosting, in-store bakery",379.0,3.2,17.8,55.4,1.5,22.4,39.2,1.0,custom (g),100.0,1.0,piece (1/12 of a cake),144.0,1.0,cake,1729.0,1.0,piece (1/8 of 18 oz cake),64.0,1.0,oz,28.35,,,,,,,,,,,,,,,,,,,,,,,,
CAKEYELLOWFROSTING,Cake Yellow Vanilla Frosting,sweets,,,,,18141,"Cake, yellow, commercially prepared, with vanilla frosting",391.0,3.0,17.9,56.2,0.3,22.1,41.8,1.0,custom (g),100.0,1.0,serving,67.0,1.0,oz,28.35,,,,,,,,,,,,,,,,,,,,,,,,,,,,,,
CAMEMBERT,Camembert,dairy,,,,,1007,"Cheese, camembert",300.0,19.8,24.3,0.5,0.0,51.8,0.5,1.0,custom (g),100.0,1.0,oz,28.35,1.0,cup,246.0,1.0,cubic inch,17.0,1.0,wedge (1.33 oz),38.0,,,,,,,,,,,,,,,,,,,,,,,,
CAND100GRAND,Candies 100 GRAND BAR,sweets,,,,,19144,"Candies, NESTLE, 100 GRAND Bar",468.0,2.5,19.3,71.0,1.0,6.1,0.0,1.0,custom (g),100.0,1.0,bar (1.5 oz),43.0,1.0,"bar, miniature",21.0,1.0,serving 1.5 oz bar,43.0,,,,,,,,,,,,,,,,,,,,,,,,,,,
CAND5THAVE,Candies 5TH AVENUE,sweets,,,,,19098,"Candies, 5TH AVENUE Candy Bar",482.0,8.8,24.0,62.7,3.1,2.3,0.0,1.0,custom (g),100.0,1.0,bar 2 oz,56.0,1.0,bar snack size,16.0,,,,,,,,,,,,,,,,,,,,,,,,,,,,,,
CANDAFTEREIGHT,Candies AFTER EIGHT,sweets,,,,,19153,"Candies, NESTLE, AFTER EIGHT Mints",432.0,1.7,11.9,79.5,2.4,6.3,0.0,1.0,custom (g),100.0,1.0,serving 5 mints,42.0,1.0,piece,8.4,,,,,,,,,,,,,,,,,,,,,,,,,,,,,,
CANDALMONDJOY,Candies ALMOND JOY,sweets,,,,,19065,"Candies, ALMOND JOY Candy Bar",479.0,4.1,26.9,59.5,5.0,8.2,0.0,1.0,custom (g),100.0,1.0,package 1.76 oz,49.0,1.0,bar snack size,19.0,,,,,,,,,,,,,,,,,,,,,,,,,,,,,,
CANDALMONDJOYBITES,Candies ALMOND JOY BITES,sweets,,,,,19248,"Candies, HERSHEY'S, ALMOND JOY BITES",563.0,5.6,34.5,57.5,4.3,1.3,0.0,1.0,custom (g),100.0,18.0,pieces,40.0,,,,,,,,,,,,,,,,,,,,,,,,,,,,,,,,,
CANDALMONDSOLITARES,Candies ALMOND SOLITARIES,sweets,,,,,19084,"Candies, HERSHEY'S GOLDEN ALMOND SOLITAIRES",569.0,12.0,37.1,46.9,4.4,1.3,0.0,1.0,custom (g),100.0,13.0,pieces,41.0,,,,,,,,,,,,,,,,,,,,,,,,,,,,,,,,,
CANDBABYRUTH,Candies BABY RUTH,sweets,,,,,19111,"Candies, NESTLE, BABY RUTH Bar",459.0,5.4,21.6,64.8,2.0,7.0,54.0,1.0,custom (g),100.0,1.0,serving 2.1 oz bar,60.0,1.0,serving fun size bar 0.65 oz,18.0,,,,,,,,,,,,,,,,,,,,,,,,,,,,,,
CANDBITOHONEY,Candies BIT-O’-HONEY,sweets,,,,,19068,"Candies, NESTLE, BIT-O'-HONEY Candy Chews",375.0,2.0,7.5,80.9,0.2,8.3,0.0,1.0,custom (g),100.0,1.0,serving 6 pieces,40.0,,,,,,,,,,,,,,,,,,,,,,,,,,,,,,,,,
CANDBITTERSCOTCH,Candies Butterscotch,sweets,,,,,19070,"Candies, butterscotch",391.0,0.0,3.3,90.4,0.0,5.2,80.5,1.0,custom (g),100.0,1.0,oz,28.35,3.0,pieces,16.0,,,,,,,,,,,,,,,,,,,,,,,,,,,,,,
CANDBUTTERFINGER,Candies BUTTERFINGER,sweets,,,,,19069,"Candies, NESTLE, BUTTERFINGER Bar",459.0,5.4,18.9,72.9,2.0,1.2,0.0,1.0,custom (g),100.0,1.0,serving 2.1 oz bar,60.0,1.0,serving 1 fun size bar 0.65 oz,18.0,1.0,serving 0.75 oz bar,21.0,1.0,bar bite size,7.0,1.0,bar king size,108.0,10.0,Butterfinger BB's,26.0,2.0,tbsp,25.0,1.0,cup BB's,174.0,,,,,,,,,,,,
CANDCARMELO,Candies CARAMELLO,sweets,,,,,19075,"Candies, CARAMELLO Candy Bar",462.0,6.2,21.2,63.8,1.2,6.8,0.0,1.0,custom (g),100.0,1.0,bar 1.25 oz,35.0,1.0,bar 1.6 oz,45.0,6.0,blocks,43.0,,,,,,,,,,,,,,,,,,,,,,,,,,,
CANDCHOCFUDGEMARSH,Candies Choc Fudge Marshmallow,sweets,,,,,19379,"Candies, fudge, chocolate marshmallow, prepared-from-recipe",453.0,2.3,17.5,71.3,1.7,7.8,64.1,1.0,custom (g),100.0,1.0,piece,20.0,1.0,recipe yield (60 pieces),1229.0,,,,,,,,,,,,,,,,,,,,,,,,,,,,,,
CANDCHOCSEMI,Candies Chos Semisweet,sweets,,,,,19080,"Candies, semisweet chocolate",480.0,4.2,30.0,63.9,5.9,0.7,54.5,1.0,custom (g),100.0,1.0,serving,14.5,1.0,cup large chips,182.0,1.0,cup mini chips,173.0,1.0,oz (approx 60 pcs),28.35,1.0,cup chips (6 oz package),168.0,,,,,,,,,,,,,,,,,,,,,
CANDCHOCSWEET,Candies Choc Sweet,sweets,,,,,19081,"Candies, sweet chocolate",507.0,3.9,34.2,60.4,5.5,0.5,51.5,1.0,custom (g),100.0,1.0,oz,28.35,1.0,bar (1.45 oz),41.0,,,,,,,,,,,,,,,,,,,,,,,,,,,,,,
CANDCHUNKY,Candies CHUNKY,sweets,,,,,19119,"Candies, NESTLE, CHUNKY Bar",475.0,7.5,27.5,60.0,2.5,2.9,0.0,1.0,custom (g),100.0,1.0,serving 1.4 oz bar,40.0,,,,,,,,,,,,,,,,,,,,,,,,,,,,,,,,,
CANDCORDOVA,Candies COCOAVIA,sweets,,,,,19326,"Candies, MARS SNACKFOOD US, COCOAVIA Chocolate Bar",539.0,5.8,29.3,63.0,8.7,0.7,0.0,1.0,custom (g),100.0,1.0,serving 0.78 oz bar,22.0,,,,,,,,,,,,,,,,,,,,,,,,,,,,,,,,,
CANDCRUNCH,Candies NESTLE CRUNCH,sweets,,,,,19145,"Candies, NESTLE, CRUNCH Bar and Dessert Topping",500.0,5.0,26.0,67.0,1.9,0.7,0.0,1.0,custom (g),100.0,1.0,bar 1.55 oz,44.0,1.0,bar 0.5 oz,14.2,1.0,serving 4 fun size bars,41.0,2.0,tbsp,24.0,,,,,,,,,,,,,,,,,,,,,,,,
CANDDIVINITY,Candies Divinity,sweets,,,,,19384,"Candies, divinity, prepared-from-recipe",364.0,1.3,0.1,89.0,0.0,9.2,79.0,1.0,custom (g),100.0,1.0,piece,11.0,,,,,,,,,,,,,,,,,,,,,,,,,,,,,,,,,
CANDDOVE,Candies DOVE ,sweets,,,,,19255,"Candies, MARS SNACKFOOD US, DOVE Dark Chocolate",520.0,5.2,32.5,59.4,7.6,1.7,0.0,1.0,custom (g),100.0,1.0,serving 1.3 oz bar,37.0,1.0,serving 7 pieces,42.0,,,,,,,,,,,,,,,,,,,,,,,,,,,,,,
CANDFONDANT,Candies Fondant,sweets,,,,,19099,"Candies, fondant, prepared-from-recipe",373.0,0.0,0.0,93.2,0.0,6.7,88.9,1.0,custom (g),100.0,1.0,oz,28.35,,,,,,,,,,,,,,,,,,,,,,,,,,,,,,,,,
CANDFUDGEPEANUT,Candies Fudge Peanut Butter,sweets,,,,,19102,"Candies, fudge, peanut butter, prepared-from-recipe",387.0,3.8,6.6,77.8,0.7,10.9,73.4,1.0,custom (g),100.0,1.0,piece,16.0,,,,,,,,,,,,,,,,,,,,,,,,,,,,,,,,,
CANDFUDGEVANILLA,Candies Fudge Vanilla,sweets,,,,,19103,"Candies, fudge, vanilla, prepared-from-recipe",383.0,1.1,5.5,82.2,0.0,10.8,79.8,1.0,custom (g),100.0,1.0,oz,28.35,,,,,,,,,,,,,,,,,,,,,,,,,,,,,,,,,
CANDFUDGEVANILLANUTS,Candies Fudge Vanilla with Nuts,sweets,,,,,19104,"Candies, fudge, vanilla with nuts",435.0,3.0,13.7,74.6,0.9,8.0,71.0,1.0,custom (g),100.0,1.0,oz,28.35,,,,,,,,,,,,,,,,,,,,,,,,,,,,,,,,,
CANDGOOBERS,Candies GOOBERS,sweets,,,,,19105,"Candies, NESTLE, GOOBERS Chocolate Covered Peanuts",512.0,9.7,34.0,53.0,9.7,1.9,0.0,1.0,custom (g),100.0,1.0,package 1.375 oz,39.0,1.0,serving 0.25 cup,41.0,1.0,serving fun size,48.0,,,,,,,,,,,,,,,,,,,,,,,,,,,
CANDHALAVAH,Candies Halavah,sweets,,,,,19117,"Candies, halavah, plain",469.0,12.5,21.5,60.5,4.5,3.7,0.0,1.0,custom (g),100.0,1.0,oz,28.35,,,,,,,,,,,,,,,,,,,,,,,,,,,,,,,,,
CANDHEATHBITES,Candies HEATH BITES,sweets,,,,,19243,"Candies, HEATH BITES",530.0,3.9,30.4,63.4,2.0,0.9,0.0,1.0,custom (g),100.0,15.0,pieces,39.0,,,,,,,,,,,,,,,,,,,,,,,,,,,,,,,,,
CANDIEDFRUIT,Candied Fruit,fruit,,,,,9426,Candied fruit,322.0,0.3,0.1,82.7,1.6,16.7,80.7,1.0,custom (g),100.0,,,0.0,,,,,,,,,,,,,,,,,,,,,,,,,,,,,,,,,
CANDKITKAT,Candies KIT KAT,sweets,,,,,19109,"Candies, KIT KAT Wafer Bar",518.0,6.5,26.0,64.6,1.0,1.6,0.0,1.0,custom (g),100.0,1.0,bar (1.5 oz),42.0,1.0,"bar, miniature (.35 oz)",10.0,1.0,bar (1.625 oz),46.0,1.0,bar (2.8 oz),78.0,1.0,bar (3.375 oz),96.0,,,,,,,,,,,,,,,,,,,,,
CANDKITKATBIG,Candies KIT KAT BIG KAT,sweets,,,,,19250,"Candies, HERSHEY, KIT KAT BIG KAT Bar",520.0,6.2,27.8,63.6,1.9,1.1,0.0,1.0,custom (g),100.0,1.0,bar 1.94 oz,55.0,1.0,bar king size 2.8 oz,79.0,,,,,,,,,,,,,,,,,,,,,,,,,,,,,,
CANDKRACKEL,Candies KRACKLE,sweets,,,,,19110,"Candies, KRACKEL Chocolate Bar",512.0,6.6,26.6,64.0,2.2,1.2,0.0,1.0,custom (g),100.0,1.0,bar 1.45 oz,41.0,1.0,bar 2 oz,56.0,3.0,blocks,37.0,,,,,,,,,,,,,,,,,,,,,,,,,,,
CANDMARSALMONDBAR,Candies MARS Almond Bar,sweets,,,,,19115,"Candies, MARS SNACKFOOD US, MARS Almond Bar",467.0,8.1,23.0,62.7,2.0,4.5,0.0,1.0,custom (g),100.0,1.0,bar (1.76 oz),50.0,,,,,,,,,,,,,,,,,,,,,,,,,,,,,,,,,
CANDMILKYWAY,Candies MILKYWAY,sweets,,,,,19135,"Candies, MARS SNACKFOOD US, MILKY WAY Bar",456.0,4.0,17.2,71.2,1.0,6.3,0.0,1.0,custom (g),100.0,1.0,serving 2.05 oz bar,58.0,1.0,bar fun size,17.0,1.0,piece miniature 5 pieces = serving,8.2,1.0,bar king size,103.0,,,,,,,,,,,,,,,,,,,,,,,,
CANDMM,Candies M&M PEANUTS,sweets,,,,,19140,"Candies, MARS SNACKFOOD US, M&M's Peanut Chocolate Candies",515.0,9.6,26.1,60.5,3.7,2.5,0.0,1.0,custom (g),100.0,1.0,serving 1 singles bag,54.0,1.0,package fun size,18.0,10.0,pieces,20.0,1.0,cup,170.0,,,,,,,,,,,,,,,,,,,,,,,,
CANDMMMINIS,Candies M&M MINIS,sweets,,,,,19157,"Candies, MARS SNACKFOOD US, M&M's MINIs Milk Chocolate Candies",502.0,4.8,23.4,68.4,2.7,1.2,0.0,1.0,custom (g),100.0,1.0,serving 1.0 oz tube,30.0,1.0,serving 0.50 oz box,15.0,1.0,serving 1 1.94 oz tube,55.0,,,,,,,,,,,,,,,,,,,,,,,,,,,
CANDMMPRETZEL,Candies M&M Pretzel,sweets,,,,,19917,"Candies, M&M MARS Pretzel Chocolate Candies",447.0,5.0,15.0,72.9,2.5,4.8,0.0,1.0,custom (g),100.0,0.25,cup,40.0,,,,,,,,,,,,,,,,,,,,,,,,,,,,,,,,,
CANDMOUNDS,Candies MOUNDS,sweets,,,,,19142,"Candies, MOUNDS Candy Bar",486.0,4.6,26.6,58.6,3.7,9.1,0.0,1.0,custom (g),100.0,1.0,bar snack size,19.0,1.0,package 1.9 oz,53.0,,,,,,,,,,,,,,,,,,,,,,,,,,,,,,
CANDMRGOODBAR,Candies MR. GOODBAR,sweets,,,,,19143,"Candies, MR. GOODBAR Chocolate Bar",538.0,10.2,33.2,54.3,3.8,0.5,0.0,1.0,custom (g),100.0,1.0,bar (1.75 oz),49.0,1.0,bar (2.6 oz),73.0,,,,,,,,,,,,,,,,,,,,,,,,,,,,,,
CANDMUSKETEER,Candies 3 MUSKETEERS,sweets,,,,,19159,"Candies, MARS SNACKFOOD US, 3 MUSKETEERS Bar",436.0,2.6,12.8,77.8,1.5,5.8,0.0,1.0,custom (g),100.0,1.0,serving 2.13 oz bar,60.0,1.0,serving 2 fun size bars,28.0,,,,,,,,,,,,,,,,,,,,,,,,,,,,,,
CANDMUSKETEERPOP,Candies MUSKETEERS POP’ABLES,sweets,,,,,19308,"Candies, MARS SNACKFOOD US, POP'ABLES 3 MUSKETEERS Brand Bite Size Candies",443.0,2.6,15.2,75.9,1.3,5.3,0.0,1.0,custom (g),100.0,1.0,serving 15 pieces,41.0,,,,,,,,,,,,,,,,,,,,,,,,,,,,,,,,,
CANDOHHENRY,Candies OH HENRY!,sweets,,,,,19118,"Candies, NESTLE, OH HENRY! Bar",462.0,7.7,23.0,65.5,1.9,2.3,0.0,1.0,custom (g),100.0,1.0,bar 2 oz,57.0,1.0,serving fun size bar,26.0,,,,,,,,,,,,,,,,,,,,,,,,,,,,,,
CANDPAYDAY,Candies PAYDAY,sweets,,,,,19923,"Candies, HERSHEYS, PAYDAY Bar",490.0,13.4,25.0,52.9,3.8,7.0,0.0,1.0,custom (g),100.0,,,,,,,,,,,,,,,,,,,,,,,,,,,,,,,,,,,,
CANDPEANUTBRITTLE,Candies Peanut Brittle,sweets,,,,,19148,"Candies, peanut brittle, prepared-from-recipe",486.0,7.6,19.0,71.2,2.5,0.7,51.3,1.0,custom (g),100.0,1.0,oz,28.35,,,,,,,,,,,,,,,,,,,,,,,,,,,,,,,,,
CANDPEANUTSCHOC,Candies Peanuts Choc Coated,sweets,,,,,19126,"Candies, milk chocolate coated peanuts",519.0,13.1,33.5,49.7,4.7,1.9,37.6,1.0,custom (g),100.0,1.0,cup,149.0,10.0,pieces,40.0,,,,,,,,,,,,,,,,,,,,,,,,,,,,,,
CANDPOTOFGOLD,Candies POT OF GOLD,sweets,,,,,19130,"Candies, HERSHEY'S POT OF GOLD Almond Bar",577.0,12.8,38.5,44.9,3.8,1.3,0.0,1.0,custom (g),100.0,1.0,bar 2.8 oz,78.0,,,,,,,,,,,,,,,,,,,,,,,,,,,,,,,,,
CANDPRALINE,Candies Praline,sweets,,,,,19216,"Candies, praline, prepared-from-recipe",485.0,3.3,25.9,59.6,3.5,10.4,55.8,1.0,custom (g),100.0,1.0,piece,39.0,1.0,recipe yield,907.0,,,,,,,,,,,,,,,,,,,,,,,,,,,,,,
CANDRAISINCHOC,Candies Raisin Choc Coated,sweets,,,,,19127,"Candies, milk chocolate coated raisins",390.0,4.1,14.8,68.4,3.1,11.2,62.2,1.0,custom (g),100.0,,,,,,,,,,,,,,,,,,,,,,,,,,,,,,,,,,,,
CANDRAISINETS,Candies RAISINETS,sweets,,,,,19149,"Candies, NESTLE, RAISINETS Chocolate Covered Raisins",422.0,4.4,17.0,71.0,2.2,6.4,0.0,1.0,custom (g),100.0,1.0,serving 1.58 oz bag,45.0,1.0,serving fun size,48.0,1.0,serving 0.25 cup,45.0,,,,,,,,,,,,,,,,,,,,,,,,,,,
CANDREESEFAST,Candies REESE’S FAST BREAK,sweets,,,,,19252,"Candies, REESE'S, FAST BREAK, milk chocolate peanut butter and soft nougats",474.0,8.7,23.4,61.6,2.9,4.1,0.0,1.0,custom (g),100.0,2.0,oz bar,56.0,,,,,,,,,,,,,,,,,,,,,,,,,,,,,,,,,
CANDREESENURAGEOUS,Candies REESE’S NUTRAGEOUS,sweets,,,,,19239,"Candies, REESE'S NUTRAGEOUS Candy Bar",517.0,11.3,32.1,52.8,3.9,1.5,0.0,1.0,custom (g),100.0,1.0,bar 1.92 oz,54.0,2.0,bars,34.0,,,,,,,,,,,,,,,,,,,,,,,,,,,,,,
CANDREESESCUPS,Candies REESE’S CUPS,sweets,,,,,19150,"Candies, REESE'S Peanut Butter Cups",515.0,10.2,30.5,55.4,3.6,1.4,0.0,1.0,custom (g),100.0,1.0,package 0.6 oz 1 cup,17.0,1.0,package 1.6 oz 2 cups,45.0,1.0,miniature,7.0,,,,,,,,,,,,,,,,,,,,,,,,,,,
CANDREESESPIECES,Candies REESE’S PIECES,sweets,,,,,19151,"Candies, REESE'S PIECES Candy",497.0,12.5,24.8,59.9,3.0,1.0,0.0,1.0,custom (g),100.0,0.25,cup,47.0,10.0,pieces,8.0,1.0,package 1.63 oz,46.0,1.0,package (1.6 oz),46.0,,,,,,,,,,,,,,,,,,,,,,,,
CANDREESESTICKS,Candies REESESTICKS,sweets,,,,,19249,"Candies, HERSHEY, REESESTICKS crispy wafers, peanut butter, milk chocolate",521.0,9.5,31.3,55.4,3.3,1.6,0.0,1.0,custom (g),100.0,1.0,serving 1.5 oz,42.0,,,,,,,,,,,,,,,,,,,,,,,,,,,,,,,,,
CANDRESESBITES,Candies REESE’S BITES,sweets,,,,,19238,"Candies, REESE'S BITES",521.0,11.3,29.9,55.2,3.1,1.6,0.0,1.0,custom (g),100.0,16.0,pieces,39.0,,,,,,,,,,,,,,,,,,,,,,,,,,,,,,,,,
CANDROLO,Candies ROLO,sweets,,,,,19152,"Candies, ROLO Caramels in Milk Chocolate",474.0,5.1,20.9,68.0,0.9,4.6,0.0,1.0,custom (g),100.0,1.0,package 1 package,48.0,7.0,pieces,42.0,,,,,,,,,,,,,,,,,,,,,,,,,,,,,,
CANDSKITTLES,Candies SKITTLES Original,sweets,,,,,19370,"Candies, MARS SNACKFOOD US, SKITTLES Original Bite Size Candies",405.0,0.2,4.4,90.8,0.0,3.8,0.0,1.0,custom (g),100.0,1.0,serving 2.17 oz pack,62.0,1.0,cup,205.0,10.0,pieces,10.7,1.0,package fun size,20.0,,,,,,,,,,,,,,,,,,,,,,,,
CANDSKOR,Candies SKOR,sweets,,,,,19136,"Candies, HERSHEY'S SKOR Toffee Bar",541.0,3.1,30.4,63.7,1.3,1.6,0.0,1.0,custom (g),100.0,1.0,bar 1.4 oz,39.0,,,,,,,,,,,,,,,,,,,,,,,,,,,,,,,,,
CANDSNICKERS,Candies SNICKERS,sweets,,,,,19155,"Candies, MARS SNACKFOOD US, SNICKERS Bar",491.0,7.5,23.9,61.5,2.3,5.5,0.0,1.0,custom (g),100.0,1.0,bar (2 oz),57.0,1.0,"bar, fun size",15.0,1.0,"bar, king size (4 oz)",113.0,,,,,,,,,,,,,,,,,,,,,,,,,,,
CANDSNICKERSALMOND,Candies SNICKERS Almond,sweets,,,,,19302,"Candies, MARS SNACKFOOD US, SNICKERS Almond bar",472.0,5.4,22.4,64.7,2.6,5.5,0.0,1.0,custom (g),100.0,1.0,serving 1.76 oz bar,50.0,,,,,,,,,,,,,,,,,,,,,,,,,,,,,,,,,
CANDSNICKERSPOP,Candies SNICKERS POP’ABLES,sweets,,,,,19306,"Candies, MARS SNACKFOOD US, POP'ABLES SNICKERS Brand Bite Size Candies",480.0,7.2,24.3,61.1,2.3,5.8,0.0,1.0,custom (g),100.0,1.0,serving 13 pieces,39.0,,,,,,,,,,,,,,,,,,,,,,,,,,,,,,,,,
CANDSPECIALDARK,Candies SPECIAL DARK,sweets,,,,,19164,"Candies, SPECIAL DARK Chocolate Bar",556.0,5.5,32.4,60.5,6.5,0.9,0.0,1.0,custom (g),100.0,1.0,bar 1.45 oz,41.0,1.0,bar 2.6 oz,73.0,3.0,blocks,42.0,1.0,bar,17.0,,,,,,,,,,,,,,,,,,,,,,,,
CANDSYMPHONY,Candies SYMPHONY,sweets,,,,,19093,"Candies, SYMPHONY Milk Chocolate Bar",531.0,8.5,30.6,58.0,1.7,0.9,0.0,1.0,custom (g),100.0,1.0,bar 1.5 oz,42.0,1.0,bar 2.4 oz,68.0,,,,,,,,,,,,,,,,,,,,,,,,,,,,,,
CANDTAFFY,Candies Taffy,sweets,,,,,19382,"Candies, taffy, prepared-from-recipe",397.0,0.0,3.3,91.6,0.0,4.8,68.5,1.0,custom (g),100.0,1.0,piece,15.0,,,,,,,,,,,,,,,,,,,,,,,,,,,,,,,,,
CANDTAMARIND,Candies Tamarind,sweets,,,,,19921,"Candies, Tamarind",368.0,0.0,0.0,92.0,2.5,2.5,78.6,1.0,custom (g),100.0,,,,,,,,,,,,,,,,,,,,,,,,,,,,,,,,,,,,
CANDTOBLERONE,Candies TOBLERONE,sweets,,,,,19001,"Candies, TOBLERONE, milk chocolate with honey and almond nougat",525.0,5.7,28.6,61.2,2.5,3.3,0.0,1.0,custom (g),100.0,1.0,bar,35.0,,,,,,,,,,,,,,,,,,,,,,,,,,,,,,,,,
CANDTOFFE,Candies Toffee,sweets,,,,,19383,"Candies, toffee, prepared-from-recipe",560.0,1.1,32.8,64.7,0.0,0.6,63.5,1.0,custom (g),100.0,1.0,piece,12.0,,,,,,,,,,,,,,,,,,,,,,,,,,,,,,,,,
CANDTOOTSIE,Candies TOOTSIE ROLL,sweets,,,,,19064,"Candies, TOOTSIE ROLL, chocolate-flavor roll",387.0,1.6,3.3,87.7,0.1,6.7,0.0,1.0,custom (g),100.0,1.0,serving 6 pieces,40.0,1.0,piece,6.6,,,,,,,,,,,,,,,,,,,,,,,,,,,,,,
CANDTWIX,Candies TWIX Peanut Cookie Bar,sweets,,,,,19161,"Candies, MARS SNACKFOOD US, TWIX Peanut Butter Cookie Bars",536.0,9.2,32.7,54.1,3.1,1.8,0.0,1.0,custom (g),100.0,1.0,"package (1.89 oz, 2 bars)",54.0,1.0,"package (2.06 oz, 2 bars)",58.0,1.0,package (1.77 oz),50.0,1.0,package (9.43 oz),267.0,,,,,,,,,,,,,,,,,,,,,,,,
CANDTWIZZLERBITES,Candies TWIZZLERS CHERRY BITES,sweets,,,,,19067,"Candies, TWIZZLERS CHERRY BITES",338.0,3.0,1.7,79.4,0.1,15.0,0.0,1.0,custom (g),100.0,18.0,pieces,40.0,,,,,,,,,,,,,,,,,,,,,,,,,,,,,,,,,
CANDTWIZZLERNIBS,Candies TWIZZLERS CHERRY BITS,sweets,,,,,19092,"Candies, TWIZZLERS NIBS CHERRY BITS",347.0,2.3,2.6,79.4,0.6,15.0,0.0,1.0,custom (g),100.0,27.0,pieces,40.0,,,,,,,,,,,,,,,,,,,,,,,,,,,,,,,,,
CANDWHATCHA,Candies WHATCHAMACALLIT,sweets,,,,,19162,"Candies, WHATCHAMACALLIT Candy Bar",494.0,8.0,23.7,63.2,1.9,3.0,0.0,1.0,custom (g),100.0,1.0,bar 1.7 oz,48.0,,,,,,,,,,,,,,,,,,,,,,,,,,,,,,,,,
CANDWHIRCHOC,Candies White choc,sweets,,,,,19087,"Candies, white chocolate",539.0,5.9,32.1,59.2,0.2,1.3,59.0,1.0,custom (g),100.0,1.0,bar (3 oz),85.0,1.0,tbsp,14.0,1.0,cup chips,170.0,,,,,,,,,,,,,,,,,,,,,,,,,,,
CANDYORK,Candies YORK ,sweets,,,,,19091,"Candies, YORK Peppermint Pattie",384.0,2.2,7.2,81.0,2.0,9.0,0.0,1.0,custom (g),100.0,1.0,patty 1.5 oz,43.0,,,,,,,,,,,,,,,,,,,,,,,,,,,,,,,,,
CANOLA,Canola,fats,,,,,4582,"Oil, canola",884.0,0.0,100.0,0.0,0.0,0.0,0.0,1.0,custom (g),100.0,1.0,tbsp,14.0,1.0,cup,218.0,1.0,tsp,4.5,,,,,,,,,,,,,,,,,,,,,,,,,,,
CANTALOUPE,Cantaloupe,fruit,,,,,9181,"Melons, cantaloupe, raw",34.0,0.8,0.2,8.2,0.9,90.2,7.9,1.0,custom (g),100.0,1.0,"cup, balls",177.0,1.0,"cup, cubes",160.0,1.0,"cup, diced",156.0,1.0,"melon, large (about 6-1/2"" dia)",814.0,1.0,"wedge, large (1/8 of large melon)",102.0,1.0,"melon, medium (about 5"" dia)",552.0,1.0,"wedge, medium (1/8 of medium melon)",69.0,1.0,"melon, small (about 4-1/4"" dia)",441.0,1.0,"wedge, small (1/8 of small melon)",55.0,10.0,cantaloupe balls,138.0,1.0,NLEA serving,134.0,,,
CAPER,Caper,spice,,,,,2054,"Capers, canned",23.0,2.4,0.9,4.9,3.2,83.8,0.4,1.0,custom (g),100.0,1.0,"tbsp, drained",8.6,,,,,,,,,,,,,,,,,,,,,,,,,,,,,,,,,
CARAMBOLA,Carambola,fruit,,,,,9060,"Carambola, (starfruit), raw",31.0,1.0,0.3,6.7,2.8,91.4,4.0,1.0,custom (g),100.0,1.0,"cup, cubes",132.0,1.0,"cup, sliced",108.0,1.0,"large (4-1/2"" long)",124.0,1.0,"medium (3-5/8"" long)",91.0,1.0,"small (3-1/8"" long)",70.0,,,,,,,,,,,,,,,,,,,,,
CARAMEL,Candies Caramel,sweets,,,,,19074,"Candies, caramels",382.0,4.6,8.1,77.0,0.0,8.5,65.5,1.0,custom (g),100.0,1.0,package (2.5 oz),71.0,1.0,piece,10.1,,,,,,,,,,,,,,,,,,,,,,,,,,,,,,
CARAWAY,Caraway,spice,,,,,2005,"Spices, caraway seed",333.0,19.8,14.6,49.9,38.0,9.9,0.6,1.0,custom (g),100.0,1.0,tsp,2.1,1.0,tbsp,6.7,,,,,,,,,,,,,,,,,,,,,,,,,,,,,,
CARAWAYCHEESE,Caraway Cheese,dairy,,,,,1008,"Cheese, caraway",376.0,25.2,29.2,3.1,0.0,39.3,0.0,1.0,custom (g),100.0,1.0,oz,28.35,,,,,,,,,,,,,,,,,,,,,,,,,,,,,,,,,
CARBONATED,Carbonated,beverage,,,,,14121,"Beverages, Carbonated beverage, club soda",0.0,0.0,0.0,0.0,0.0,99.9,0.0,1.0,custom (g),100.0,1.0,fl oz,29.6,1.0,can or bottle (16 fl oz),474.0,1.0,can or bottle (12 fl oz),355.0,,,,,,,,,,,,,,,,,,,,,,,,,,,
CARDAMOM,Cardamom,spice,,,,,2006,"Spices, cardamom",311.0,10.8,6.7,68.5,28.0,8.3,0.0,1.0,custom (g),100.0,1.0,"tsp, ground",2.0,1.0,"tbsp, ground",5.8,,,,,,,,,,,,,,,,,,,,,,,,,,,,,,
CARDOON,Cardoon Cooked,vegetable,,,,,11123,"Cardoon, cooked, boiled, drained, without salt",22.0,0.8,0.1,5.3,1.7,93.5,0.0,1.0,custom (g),100.0,,,,,,,,,,,,,,,,,,,,,,,,,,,,,,,,,,,,
CARIBOU,Caribou,protein,,,,,17183,"Game meat, squirrel, raw",120.0,21.2,3.2,0.0,0.0,73.8,0.0,1.0,custom (g),100.0,1.0,oz,28.35,1.0,lb,453.6,,,,,,,,,,,,,,,,,,,,,,,,,,,,,,
CARISSA,Carissa,fruit,,,,,9061,"Carissa, (natal-plum), raw",62.0,0.5,1.3,13.6,0.0,84.2,0.0,1.0,custom (g),100.0,1.0,cup slices,150.0,1.0,fruit without skin and seeds,20.0,,,,,,,,,,,,,,,,,,,,,,,,,,,,,,
CAROB,Carob,nuts,,,,,16055,Carob flour,222.0,4.6,0.7,88.9,39.8,3.6,49.1,1.0,custom (g),100.0,1.0,cup,103.0,1.0,tbsp,6.0,,,,,,,,,,,,,,,,,,,,,,,,,,,,,,
CAROBMILK,Carob Milk,beverage,,,,,14169,"Beverages, Carob-flavor beverage mix, powder, prepared with whole milk",75.0,3.2,3.1,8.7,0.4,84.3,0.0,1.0,custom (g),100.0,1.0,cup (8 fl oz),256.0,,,,,,,,,,,,,,,,,,,,,,,,,,,,,,,,,
CARP,Carp,protein,,,,,15009,"Fish, carp, cooked, dry heat",162.0,22.9,7.2,0.0,0.0,69.6,0.0,1.0,custom (g),100.0,3.0,oz,85.0,1.0,fillet,170.0,,,,,,,,,,,,,,,,,,,,,,,,,,,,,,
CARROT,Carrot Raw,vegetable,,,,,11124,"Carrots, raw",41.0,0.9,0.2,9.6,2.8,88.3,4.7,1.0,custom (g),100.0,1.0,cup chopped,128.0,1.0,cup grated,110.0,1.0,cup strips or slices,122.0,1.0,"large (7-1/4"" to 8-/1/2"" long)",72.0,1.0,medium,61.0,1.0,"small (5-1/2"" long)",50.0,1.0,slice,3.0,1.0,"strip large (3"" long)",7.0,1.0,strip medium,4.0,,,,,,,,,
CARROTCOOKED,Carrot Cooked,vegetable,,,,,11125,"Carrots, cooked, boiled, drained, without salt",35.0,0.8,0.2,8.2,3.0,90.2,3.5,1.0,custom (g),100.0,1.0,tbsp,9.7,0.5,cup slices,78.0,1.0,carrot,46.0,,,,,,,,,,,,,,,,,,,,,,,,,,,
CARROTJUICE,Carrot Juice,beverage,,,,,11655,"Carrot juice, canned",40.0,0.9,0.1,9.3,0.8,88.9,3.9,1.0,custom (g),100.0,1.0,cup,236.0,1.0,fl oz,29.5,,,,,,,,,,,,,,,,,,,,,,,,,,,,,,
CASEIN,Casein,dairy,,,,,1068,"Cream substitute, liquid, with lauric acid oil and sodium caseinate",136.0,1.0,10.0,11.4,0.0,77.3,0.0,1.0,custom (g),100.0,1.0,"container, individual",15.0,0.5,cup,120.0,,,,,,,,,,,,,,,,,,,,,,,,,,,,,,
CASHEW,Cashew,nuts,,,,,12085,"Nuts, cashew nuts, dry roasted, without salt added",574.0,15.3,46.4,32.7,3.0,1.7,5.0,1.0,custom (g),100.0,1.0,"cup, halves and whole",137.0,1.0,tbsp,8.6,1.0,oz,28.35,,,,,,,,,,,,,,,,,,,,,,,,,,,
CASHEWBUTTER,Cashew Butter,nuts,,,,,12088,"Nuts, cashew butter, plain, without salt added",587.0,17.6,49.4,27.6,2.0,3.0,0.0,1.0,custom (g),100.0,1.0,tbsp,16.0,1.0,oz,28.35,,,,,,,,,,,,,,,,,,,,,,,,,,,,,,
CATFISH,Catfish,protein,,,,,15011,"Fish, catfish, channel, cooked, breaded and fried",229.0,18.1,13.3,8.0,0.7,58.8,0.0,1.0,custom (g),100.0,1.0,fillet,87.0,3.0,oz,85.0,,,,,,,,,,,,,,,,,,,,,,,,,,,,,,
CATSUP,Catsup,spice,,,,,11935,Catsup,101.0,1.0,0.1,27.4,0.3,68.5,21.3,1.0,custom (g),100.0,1.0,tbsp,17.0,1.0,packet,9.0,1.0,cup,240.0,,,,,,,,,,,,,,,,,,,,,,,,,,,
CATTAIL,Cattail Raw,vegetable,,,,,35195,"Cattail, Narrow Leaf Shoots (Northern Plains Indians)",25.0,1.2,0.0,5.1,4.5,92.7,0.2,1.0,custom (g),100.0,1.0,shoot,19.0,,,,,,,,,,,,,,,,,,,,,,,,,,,,,,,,,
CAULIFLOWER,Cauliflower Raw,vegetable,,,,,11135,"Cauliflower, raw",25.0,1.9,0.3,5.0,2.0,92.1,1.9,1.0,custom (g),100.0,1.0,"cup chopped (1/2"" pieces)",107.0,1.0,floweret,13.0,1.0,"head large (6-7"" dia.)",840.0,1.0,"head medium (5-6"" dia.)",588.0,1.0,"head small (4"" dia.)",265.0,,,,,,,,,,,,,,,,,,,,,
CAULIFLOWERCOOKED,Cauliflower Cooked,vegetable,,,,,11136,"Cauliflower, cooked, boiled, drained, without salt",23.0,1.8,0.5,4.1,2.3,93.0,2.1,1.0,custom (g),100.0,0.5,"cup (1"" pieces)",62.0,3.0,flowerets,54.0,,,,,,,,,,,,,,,,,,,,,,,,,,,,,,
CAVIAR,Caviar,protein,,,,,15012,"Fish, caviar, black and red, granular",264.0,24.6,17.9,4.0,0.0,47.5,0.0,1.0,custom (g),100.0,1.0,tbsp,16.0,1.0,oz,28.35,,,,,,,,,,,,,,,,,,,,,,,,,,,,,,
CAYENNE,Cayenne,spice,,,,,2031,"Spices, pepper, red or cayenne",318.0,12.0,17.3,56.6,27.2,8.1,10.3,1.0,custom (g),100.0,1.0,tsp,1.8,1.0,tbsp,5.3,,,,,,,,,,,,,,,,,,,,,,,,,,,,,,
CEERALGRAHMS,Cereal Honey Grahms,grain,prepared,,,,8035,"Cereals ready-to-eat, GENERAL MILLS, GOLDEN GRAHAMS",374.0,5.3,3.2,85.1,5.6,2.2,0.0,1.0,custom (g),100.0,0.75,cup (1 NLEA serving),31.0,,,,,,,,,,,,,,,,,,,,,,,,,,,,,,,,,
CELERIAC,Celeriac Cooked,vegetable,,,,,11142,"Celeriac, cooked, boiled, drained, without salt",27.0,1.0,0.2,5.9,1.2,92.3,0.0,1.0,custom (g),100.0,1.0,cup pieces,155.0,,,,,,,,,,,,,,,,,,,,,,,,,,,,,,,,,
CELERY,Celery Raw,vegetable,,,,,11143,"Celery, raw",16.0,0.7,0.2,3.0,1.6,95.4,1.3,1.0,custom (g),100.0,1.0,cup chopped,101.0,1.0,NLEA serving,110.0,1.0,tbsp,7.5,1.0,"stalk, large (11""-12"" long)",64.0,1.0,"stalk, medium (7-1/2"" - 8"" long)",40.0,1.0,"stalk, small (5"" long)",17.0,1.0,"strip (4"" long)",4.0,,,,,,,,,,,,,,,
CELERYSEED,Celery Seed,nuts,,,,,2007,"Spices, celery seed",392.0,18.1,25.3,41.4,11.8,6.0,0.7,1.0,custom (g),100.0,1.0,tsp,2.0,1.0,tbsp,6.5,,,,,,,,,,,,,,,,,,,,,,,,,,,,,,
CELTUCE,Celtuce Raw,vegetable,,,,,11145,"Celtuce, raw",18.0,0.8,0.3,3.6,1.7,94.5,0.0,1.0,custom (g),100.0,1.0,leaf,8.0,,,,,,,,,,,,,,,,,,,,,,,,,,,,,,,,,
CEREALCAPN,Cereal Cap'n Crunch,grain,prepared,,,,8010,"Cereals ready-to-eat, QUAKER, CAP'N CRUNCH",398.0,4.4,5.1,85.5,2.5,2.5,0.0,1.0,custom (g),100.0,0.75,cup (1 NLEA serving),27.0,,,,,,,,,,,,,,,,,,,,,,,,,,,,,,,,,
CEREALCHARMS,Cereal Lucky Charms,grain,prepared,,,,8050,"Cereals ready-to-eat, GENERAL MILLS, LUCKY CHARMS",380.0,7.7,5.0,80.9,5.0,4.2,0.0,1.0,custom (g),100.0,0.75,cup (1 NLEA serving),27.0,,,,,,,,,,,,,,,,,,,,,,,,,,,,,,,,,
CEREALCHERRIOS,Cereal Cherrios,grain,prepared,,,,8013,"Cereals ready-to-eat, GENERAL MILLS, CHEERIOS",376.0,12.1,6.7,73.2,9.4,5.1,0.0,1.0,custom (g),100.0,1.0,cup (1 NLEA serving),28.0,,,,,,,,,,,,,,,,,,,,,,,,,,,,,,,,,
CEREALCORN,Cereal Corn Flakes,grain,prepared,,,,8020,"Cereals ready-to-eat, KELLOGG, KELLOGG'S Corn Flakes",357.0,7.5,0.4,84.1,3.3,3.8,0.0,1.0,custom (g),100.0,1.0,cup (1 NLEA serving),28.0,,,,,,,,,,,,,,,,,,,,,,,,,,,,,,,,,
CEREALCRUNCH,Cereal Cinnamon Crunch,grain,prepared,,,,8272,"Cereals ready-to-eat, GENERAL MILLS, CINNAMON TOAST CRUNCH",410.0,5.5,10.2,78.0,6.8,3.2,0.0,1.0,custom (g),100.0,0.75,cup (1 NLEA serving),31.0,,,,,,,,,,,,,,,,,,,,,,,,,,,,,,,,,
CEREALFROSTED,Cereal Frosted Flakes,grain,prepared,,,,8069,"Cereals ready-to-eat, KELLOGG, KELLOGG'S FROSTED FLAKES",369.0,4.0,1.7,89.2,2.2,4.2,0.0,1.0,custom (g),100.0,0.75,cup ( 1 NLEA serving),30.0,1.0,cup,42.0,,,,,,,,,,,,,,,,,,,,,,,,,,,,,,
CEREALHONEY,Cereal Honey Nut Cheerios,grain,prepared,,,,8045,"Cereals ready-to-eat, GENERAL MILLS, HONEY NUT CHEERIOS",376.0,8.8,5.0,79.7,7.1,2.9,0.0,1.0,custom (g),100.0,0.75,cup (1 NLEA serving),28.0,,,,,,,,,,,,,,,,,,,,,,,,,,,,,,,,,
CEREALLOOPS,Cereal Fruit Loops,grain,prepared,,,,8030,"Cereals ready-to-eat, KELLOGG, KELLOGG'S FROOT LOOPS",375.0,5.3,3.4,88.0,9.3,2.5,0.0,1.0,custom (g),100.0,1.0,cup (1 NLEA serving),29.0,,,,,,,,,,,,,,,,,,,,,,,,,,,,,,,,,
CEREALOATS,Cereal Oats,grain,prepared,,,1,8180,"Cereals, oats, regular and quick and instant, unenriched, cooked with water (includes boiling and microwaving), with salt",71.0,2.5,1.5,12.0,1.7,83.6,0.3,1.0,custom (g),100.0,1.0,cup,234.0,0.75,cup,175.0,,,,,,,,,,,,,,,,,,,,,,,,,,,,,,
CEREALPUFFS,Cereal Cocoa Puffs,grain,prepared,,,,8271,"Cereals ready-to-eat, GENERAL MILLS, COCOA PUFFS",383.0,5.6,5.2,83.7,5.7,1.8,0.0,1.0,custom (g),100.0,0.75,cup (1 NLEA serving),27.0,,,,,,,,,,,,,,,,,,,,,,,,,,,,,,,,,
CEREALRAISIN,Cereal Raisin Bran,grain,prepared,,,,8060,"Cereals ready-to-eat, KELLOGG, KELLOGG'S RAISIN BRAN",318.0,7.7,2.7,77.3,11.4,10.4,0.0,1.0,custom (g),100.0,1.0,cup ( 1 NLEA serving),59.0,,,,,,,,,,,,,,,,,,,,,,,,,,,,,,,,,
CEREALRICE,Cereal Rice Krispies,grain,prepared,,,,8065,"Cereals ready-to-eat, KELLOGG, KELLOGG'S RICE KRISPIES",381.0,6.8,2.0,85.0,0.4,5.1,0.0,1.0,custom (g),100.0,1.25,cup (1 NLEA serving),33.0,1.0,cup,29.0,,,,,,,,,,,,,,,,,,,,,,,,,,,,,,
CEREALRICECREAM,Cereal Cream of Rice,grain,,,,,8168,"Cereals, CREAM OF RICE, cooked with water, with salt",52.0,0.9,0.1,11.5,0.1,87.5,0.0,1.0,custom (g),100.0,1.0,cup,244.0,0.75,cup,183.0,,,,,,,,,,,,,,,,,,,,,,,,,,,,,,
CEREALTRIX,Cereal Trix,grain,prepared,,,,8078,"Cereals ready-to-eat, GENERAL MILLS, TRIX",384.0,4.9,3.8,86.2,3.9,1.9,0.0,1.0,custom (g),100.0,1.0,cup (1 NLEA serving),32.0,,,,,,,,,,,,,,,,,,,,,,,,,,,,,,,,,
CHANTERELLE,Chanterelle Raw,vegetable,,,,,11239,"Mushrooms, Chanterelle, raw",38.0,1.5,0.5,6.9,3.8,89.8,1.2,1.0,custom (g),100.0,1.0,cup,54.0,1.0,piece,5.4,,,,,,,,,,,,,,,,,,,,,,,,,,,,,,
CHARD,Chard Cooked,vegetable,,,,,11148,"Chard, swiss, cooked, boiled, drained, without salt",20.0,1.9,0.1,4.1,2.1,92.7,1.1,1.0,custom (g),100.0,1.0,"cup, chopped",175.0,,,,,,,,,,,,,,,,,,,,,,,,,,,,,,,,,
CHAYOTE,Chayote,fruit,,,,,11150,"Chayote, fruit, cooked, boiled, drained, without salt",24.0,0.6,0.5,5.1,2.8,93.4,1.9,1.0,custom (g),100.0,1.0,"cup (1"" pieces)",160.0,,,,,,,,,,,,,,,,,,,,,,,,,,,,,,,,,
CHEDDAR,Cheddar Cheese,dairy,,,,,1009,"Cheese, cheddar",404.0,22.9,33.3,3.1,0.0,37.0,0.5,1.0,custom (g),100.0,1.0,"cup, diced",132.0,1.0,"cup, melted",244.0,1.0,"cup, shredded",113.0,1.0,oz,28.35,1.0,cubic inch,17.0,1.0,slice (1 oz),28.0,,,,,,,,,,,,,,,,,,
CHEESEBURGER,Cheeseburger,prepared,,,,1,21091,"Fast foods, cheeseburger; single, regular patty, with condiments and vegetables",254.0,13.1,11.5,25.0,1.4,48.1,5.1,1.0,custom (g),100.0,1.0,sandwich,115.0,,,,,,,,,,,,,,,,,,,,,,,,,,,,,,,,,
CHEESEFURTER,Cheesefurter,protein,prepared,,,,7016,"Cheesefurter, cheese smokie, pork, beef",328.0,14.1,29.0,1.5,0.0,52.5,1.5,1.0,custom (g),100.0,2.33,links,100.0,,,,,,,,,,,,,,,,,,,,,,,,,,,,,,,,,
CHERIMOYA,Cherimoya,fruit,,,,,9062,"Cherimoya, raw",75.0,1.6,0.7,17.7,3.0,79.4,12.9,1.0,custom (g),100.0,1.0,"cup, pieces",160.0,1.0,fruit without skin and seeds,235.0,,,,,,,,,,,,,,,,,,,,,,,,,,,,,,
CHERRIES,Cherries,fruit,,,,,9070,"Cherries, sweet, raw",63.0,1.1,0.2,16.0,2.1,82.2,12.8,1.0,custom (g),100.0,1.0,"cup, with pits, yields",138.0,1.0,"cup, without pits",154.0,1.0,cherry,8.2,1.0,NLEA serving,140.0,,,,,,,,,,,,,,,,,,,,,,,,
CHERRYPIE,Pie Cherry,sweets,,,,1,18309,"Pie, cherry, prepared from recipe",270.0,2.8,12.2,38.5,0.0,45.8,0.0,1.0,custom (g),100.0,1.0,oz,28.35,1.0,"piece (1/8 of 9"" dia)",180.0,,,,,,,,,,,,,,,,,,,,,,,,,,,,,,
CHERRYSOUR,Cherry Sour,fruit,,,,,9063,"Cherries, sour, red, raw",50.0,1.0,0.3,12.2,1.6,86.1,8.5,1.0,custom (g),100.0,1.0,"cup, without pits",155.0,1.0,"cup, with pits, yields",103.0,,,,,,,,,,,,,,,,,,,,,,,,,,,,,,
CHERVIL,Chervil,spice,,,,,2008,"Spices, chervil, dried",237.0,23.2,3.9,49.1,11.3,7.2,0.0,1.0,custom (g),100.0,1.0,tsp,0.6,1.0,tbsp,1.9,,,,,,,,,,,,,,,,,,,,,,,,,,,,,,
CHESHIRE,Cheshire,dairy,,,,,1010,"Cheese, cheshire",387.0,23.4,30.6,4.8,0.0,37.6,0.0,1.0,custom (g),100.0,1.0,oz,28.35,,,,,,,,,,,,,,,,,,,,,,,,,,,,,,,,,
CHESTNUT,Chestnut,nuts,,,,,12096,"Nuts, chestnuts, chinese, roasted",239.0,4.5,1.2,52.4,0.0,40.2,0.0,1.0,custom (g),100.0,1.0,oz,28.35,,,,,,,,,,,,,,,,,,,,,,,,,,,,,,,,,
CHIA,Chia,nuts,,,,,12006,"Seeds, chia seeds, dried",486.0,16.5,30.7,42.1,34.4,5.8,0.0,1.0,custom (g),100.0,1.0,oz,28.35,,,,,,,,,,,,,,,,,,,,,,,,,,,,,,,,,
CHICKENBREAST,Chicken Breast,protein,,,,,5064,"Chicken, broilers or fryers, breast, meat only, cooked, roasted",165.0,31.0,3.6,0.0,0.0,65.3,0.0,1.0,custom (g),100.0,1.0,"cup, chopped or diced",140.0,1.0,unit (yield from 1 lb ready-to-cook chicken),52.0,0.5,"breast, bone and skin removed",86.0,,,,,,,,,,,,,,,,,,,,,,,,,,,
CHICKENBREASTSLICED,Chicken Breast Sliced,protein,,,,,7933,"Chicken breast, oven-roasted, fat-free, sliced",79.0,16.8,0.4,2.2,0.0,76.7,0.1,1.0,custom (g),100.0,1.0,serving 2 slices,42.0,,,,,,,,,,,,,,,,,,,,,,,,,,,,,,,,,
CHICKENBROILERS,Chicken Broilers,protein,,,,,5013,"Chicken, broilers or fryers, meat only, roasted",190.0,28.9,7.4,0.0,0.0,63.8,0.0,1.0,custom (g),100.0,1.0,"cup, chopped or diced",140.0,1.0,tbsp,8.7,1.0,unit (yield from 1 lb ready-to-cook chicken),146.0,,,,,,,,,,,,,,,,,,,,,,,,,,,
CHICKENDRUMSTICK,Chicken Drumstick,protein,,,,,5069,"Chicken, broilers or fryers, drumstick, meat and skin, cooked, roasted",191.0,23.4,10.2,0.0,0.0,66.4,0.0,1.0,custom (g),100.0,1.0,drumstick with skin (yield from 1 lb ready-to-cook,105.0,1.0,drumstick without skin,96.0,,,,,,,,,,,,,,,,,,,,,,,,,,,,,,
CHICKENFINGERS,Chicken Fingers,protein,prepared,,,,36015,"Restaurant, family style, chicken fingers, from kid's menu",307.0,18.7,17.4,18.8,1.1,42.2,0.3,1.0,custom (g),100.0,1.0,serving,114.0,1.0,piece,37.0,,,,,,,,,,,,,,,,,,,,,,,,,,,,,,
CHICKENGIZZARD,Chicken Gizzard,protein,,,,,5024,"Chicken, gizzard, all classes, cooked, simmered",154.0,30.4,2.7,0.0,0.0,67.9,0.0,1.0,custom (g),100.0,1.0,cup chopped or dice,145.0,,,,,,,,,,,,,,,,,,,,,,,,,,,,,,,,,
CHICKENLEG,Chicken Leg,protein,,,,,5078,"Chicken, broilers or fryers, leg, meat and skin, cooked, roasted",184.0,24.0,9.0,0.0,0.0,66.7,0.0,1.0,custom (g),100.0,3.0,oz,85.0,1.0,"leg, with skin (Sum of drumstick+thigh+back)",258.0,1.0,thigh with skin,133.0,1.0,drumstick with skin,91.0,1.0,back with skin,35.0,,,,,,,,,,,,,,,,,,,,,
CHICKENLIVERPATE,Chicken Liver Pate,protein,,,,,7053,"Pate, chicken liver, canned",201.0,13.4,13.1,6.5,0.0,65.6,0.0,1.0,custom (g),100.0,1.0,tbsp,13.0,1.0,oz,28.35,,,,,,,,,,,,,,,,,,,,,,,,,,,,,,
CHICKENPARMESAN,Chicken Parmesan,protein,prepared,,,1,36059,"Restaurant, Italian, chicken parmesan without pasta",204.0,16.2,10.6,10.9,0.9,59.9,2.8,1.0,custom (g),100.0,1.0,serving,301.0,,,,,,,,,,,,,,,,,,,,,,,,,,,,,,,,,
CHICKENPOTPIE,Chicken Pot Pie,protein,prepared,,,1,22906,"Chicken pot pie, frozen entree, prepared",204.0,5.1,11.8,19.2,1.1,62.6,2.3,1.0,custom (g),100.0,1.0,pie,302.0,,,,,,,,,,,,,,,,,,,,,,,,,,,,,,,,,
CHICKENRICE,Chicken Rice,protein,prepared,,,1,36401,"Restaurant, Latino, chicken and rice, entree, prepared",174.0,12.0,5.1,20.0,1.2,61.1,0.6,1.0,custom (g),100.0,1.0,cup,141.0,,,,,,,,,,,,,,,,,,,,,,,,,,,,,,,,,
CHICKENSESAME,Chicken Sesame,protein,prepared,,,1,36633,"Restaurant, Chinese, sesame chicken",293.0,14.3,14.2,26.9,0.7,42.8,16.0,1.0,custom (g),100.0,1.0,order,547.0,,,,,,,,,,,,,,,,,,,,,,,,,,,,,,,,,
CHICKENTENDERS,Chicken Tenders,protein,,,,,21401,"Fast foods, chicken tenders",271.0,19.2,13.9,17.2,1.2,46.6,0.4,1.0,custom (g),100.0,1.0,strip,30.0,1.0,serving,184.0,,,,,,,,,,,,,,,,,,,,,,,,,,,,,,
CHICKENTHIGH,Chicken Thigh,protein,,,,,5094,"Chicken, broilers or fryers, thigh, meat and skin, cooked, roasted",232.0,23.3,14.7,0.0,0.0,62.0,0.0,1.0,custom (g),100.0,1.0,thigh with skin,137.0,1.0,thigh without skin,116.0,,,,,,,,,,,,,,,,,,,,,,,,,,,,,,
CHICKENWING,Chicken Wing,protein,,,,,5103,"Chicken, broilers or fryers, wing, meat and skin, cooked, roasted",254.0,23.8,16.9,0.0,0.0,59.4,0.0,1.0,custom (g),100.0,1.0,piece,85.0,,,,,,,,,,,,,,,,,,,,,,,,,,,,,,,,,
CHICKPEA,Chickpea,legume,protein,,A legume,,16057,"Chickpeas (garbanzo beans, bengal gram), mature seeds, cooked, boiled, without salt",164.0,8.9,2.6,27.4,7.6,60.2,4.8,1.0,custom (g),100.0,1.0,cup,164.0,,,,,,,,,,,,,,,,,,,,,,,,,,,,,,,,,
CHICKPEADRIED,Chickpea (Dried),legume,protein,,,,16056,"Chickpeas (garbanzo beans, bengal gram), mature seeds, raw",378.0,20.47,6.04,62.95,12.2,7.68,10.7,1.0,custom (g),100.0,1.0,cup,200.0,,,,,,,,,,,,,,,,,,,,,,,,,,,,,,,,,
CHICORY,Chicory Root Raw,vegetable,,,,,11154,"Chicory roots, raw",72.0,1.4,0.2,17.5,1.5,80.0,8.7,1.0,custom (g),100.0,1.0,root,60.0,0.5,"cup (1"" pieces)",45.0,,,,,,,,,,,,,,,,,,,,,,,,,,,,,,
CHILCHEN,Chilchen,protein,,,,,35133,Chilchen (Red Berry Beverage) (Navajo),44.0,0.8,0.6,8.7,0.0,89.7,2.6,1.0,custom (g),100.0,,,,,,,,,,,,,,,,,,,,,,,,,,,,,,,,,,,,
CHILEBEANS,Chile with Beans,protein,prepared,,,,36037,"Restaurant, family style, chili with meat and beans",157.0,12.6,9.8,4.6,1.4,71.3,2.3,1.0,custom (g),100.0,1.0,cup,136.0,1.0,serving,182.0,,,,,,,,,,,,,,,,,,,,,,,,,,,,,,
CHILI,Chili,prepared,protein,,,1,22911,"Chili, no beans, canned entree",118.0,7.5,7.1,6.1,0.5,77.7,1.1,1.0,custom (g),100.0,1.0,cup,240.0,,,,,,,,,,,,,,,,,,,,,,,,,,,,,,,,,
CHILIBEANS,Chili Beans,prepared,protein,,,1,16059,"Chili with beans, canned",103.0,6.1,3.8,13.2,3.3,75.5,1.6,1.0,custom (g),100.0,1.0,cup,256.0,1.0,tbsp,16.0,,,,,,,,,,,,,,,,,,,,,,,,,,,,,,
CHILIDOG,Chili Dog,prepared,,,,1,21119,"Fast foods, hotdog, with chili",260.0,11.8,11.8,27.4,0.0,47.8,0.0,1.0,custom (g),100.0,1.0,sandwich,114.0,,,,,,,,,,,,,,,,,,,,,,,,,,,,,,,,,
CHINESEBEEFVEG,Chinese Beef and Veg,protein,prepared,,,1,36603,"Restaurant, Chinese, beef and vegetables",105.0,7.1,5.3,7.3,1.5,78.8,2.4,1.0,custom (g),100.0,1.0,order,574.0,,,,,,,,,,,,,,,,,,,,,,,,,,,,,,,,,
CHINESECHICKCHOWMEIN,Chinese Chicken Chow Mein,protein,prepared,,,1,36623,"Restaurant, Chinese, chicken chow mein",85.0,6.8,2.8,8.3,1.0,81.0,1.7,1.0,custom (g),100.0,1.0,order,604.0,,,,,,,,,,,,,,,,,,,,,,,,,,,,,,,,,
CHINESEGENERAL,Chinese General Tso’s Chicken,protein,prepared,,,1,36618,"Restaurant, Chinese, general tso's chicken",295.0,12.9,16.4,24.0,0.9,45.1,11.6,1.0,custom (g),100.0,1.0,order,535.0,3.0,pieces,53.0,,,,,,,,,,,,,,,,,,,,,,,,,,,,,,
CHINESEKUNGPAOCHICK,Chinese Kung Pao Chicken,protein,prepared,,,1,36619,"Restaurant, Chinese, kung pao chicken",129.0,9.8,7.0,6.9,1.5,74.8,3.0,1.0,custom (g),100.0,1.0,order,604.0,,,,,,,,,,,,,,,,,,,,,,,,,,,,,,,,,
CHINESELEMONCHICK,Chinese Lemon Chicken,protein,prepared,,,1,36617,"Restaurant, Chinese, lemon chicken",252.0,11.9,13.6,20.6,1.0,52.7,8.2,1.0,custom (g),100.0,1.0,order,623.0,3.0,pieces,73.0,,,,,,,,,,,,,,,,,,,,,,,,,,,,,,
CHINESESHRIMPVEG,Chinese Shrimp and veg,protein,prepared,,,1,36620,"Restaurant, Chinese, shrimp and vegetables",78.0,5.9,4.0,4.5,1.4,84.1,2.2,1.0,custom (g),100.0,1.0,order,601.0,,,,,,,,,,,,,,,,,,,,,,,,,,,,,,,,,
CHINESESWSOURCHICK,Chinese Sweet Sour Chicken,protein,prepared,,,1,36621,"Restaurant, Chinese, sweet and sour chicken",250.0,10.1,12.7,23.9,1.0,52.2,11.5,1.0,custom (g),100.0,1.0,order,706.0,3.0,pieces,55.0,,,,,,,,,,,,,,,,,,,,,,,,,,,,,,
CHINESESWSOURPORK,Chinese Sweet Sour Pork,protein,prepared,,,1,36622,"Restaurant, Chinese, sweet and sour pork",270.0,8.9,15.7,23.3,1.0,50.8,10.3,1.0,custom (g),100.0,1.0,order,609.0,3.0,pieces,42.0,,,,,,,,,,,,,,,,,,,,,,,,,,,,,,
CHINESEVEGCHOWMEIN,Chinese Veg Chow Mein,prepared,,,,1,36624,"Restaurant, Chinese, vegetable chow mein, without meat or noodles",43.0,1.3,1.7,5.7,1.2,90.1,2.6,1.0,custom (g),100.0,1.0,order,777.0,1.0,cup,195.0,,,,,,,,,,,,,,,,,,,,,,,,,,,,,,
CHINESEVEGLOMEIN,Chinese Veg lo Mein,prepared,,,,1,36625,"Restaurant, Chinese, vegetable lo mein, without meat",121.0,4.8,2.4,20.2,1.3,71.3,2.6,1.0,custom (g),100.0,1.0,order,741.0,1.0,cup,136.0,,,,,,,,,,,,,,,,,,,,,,,,,,,,,,
CHINOOK,Salmon Chinook,protein,,,,,15210,"Fish, salmon, chinook, cooked, dry heat",231.0,25.7,13.4,0.0,0.0,65.6,0.0,1.0,custom (g),100.0,3.0,oz,85.0,0.5,fillet,154.0,,,,,,,,,,,,,,,,,,,,,,,,,,,,,,
CHIPSCASSAVA,Cassava Chips,prepared,,,,,25050,"Snacks, yucca (cassava) chips, salted",515.0,1.3,25.9,69.2,3.7,2.8,3.4,1.0,custom (g),100.0,1.0,oz,28.35,10.0,chips,17.0,1.0,bag,105.0,,,,,,,,,,,,,,,,,,,,,,,,,,,
CHIPSCORNRANCH,Tortilla Chips Ranch,grain,,,,,19058,"Snacks, tortilla chips, ranch-flavor",501.0,7.2,24.6,62.7,4.0,3.1,3.0,1.0,custom (g),100.0,1.0,oz,28.35,1.0,bag (7 oz),198.0,,,,,,,,,,,,,,,,,,,,,,,,,,,,,,
CHIPSCORNUNSALTED,Tortilla Chips Unsalted,grain,,,,,43364,"Snacks, tortilla chips, unsalted, white corn",503.0,7.8,23.4,65.3,5.3,2.1,1.0,1.0,custom (g),100.0,1.0,cup,26.0,1.0,"bag, single serving",28.0,10.0,chips,18.0,,,,,,,,,,,,,,,,,,,,,,,,,,,
CHIPSPITA,Pita Chips,prepared,,,,,25037,"Snacks, pita chips, salted",457.0,11.8,15.2,68.3,3.8,2.0,4.8,1.0,custom (g),100.0,1.0,oz,28.35,1.0,bag,262.0,,,,,,,,,,,,,,,,,,,,,,,,,,,,,,
CHIPSPLANTAIN,Plantain Chips,fruit,,,,,25027,"Snacks, plantain chips, salted",531.0,2.3,29.6,63.8,3.5,2.1,0.9,1.0,custom (g),100.0,1.0,oz,28.35,,,,,,,,,,,,,,,,,,,,,,,,,,,,,,,,,
CHIPSPOTATOBBQ,Potato Chips BBQ,vegetable,,,,,19042,"Snacks, potato chips, barbecue-flavor",487.0,6.5,31.1,55.9,3.8,2.5,5.5,1.0,custom (g),100.0,1.0,oz,28.35,1.0,bag (7 oz),198.0,,,,,,,,,,,,,,,,,,,,,,,,,,,,,,
CHIPSPOTATOSOUR,Potato Chips Sour Cream,vegetable,,,,,19043,"Snacks, potato chips, sour-cream-and-onion-flavor",531.0,8.1,33.9,51.5,5.2,1.8,0.0,1.0,custom (g),100.0,1.0,oz,28.35,1.0,bag (7 oz),198.0,,,,,,,,,,,,,,,,,,,,,,,,,,,,,,
CHIPSSWEETPOTATO,Sweet Potato Chips,vegetable,,,,,25012,"Snacks, sweet potato chips, unsalted",532.0,2.9,32.4,56.8,8.8,4.5,8.8,1.0,custom (g),100.0,1.0,oz,28.35,1.0,Bag,28.0,1.0,package,34.0,,,,,,,,,,,,,,,,,,,,,,,,,,,
CHIPSTARO,Taro Chips,vegetable,,,,,19524,"Snacks, taro chips",498.0,2.3,24.9,68.1,7.2,2.0,3.8,1.0,custom (g),100.0,1.0,oz,28.35,10.0,chips,23.0,,,,,,,,,,,,,,,,,,,,,,,,,,,,,,
CHIPSVEGGIE,Vegetable Chips,vegetable,,,,,25040,"Snacks, vegetable chips, made from garden vegetables",473.0,5.3,23.3,60.4,4.7,6.3,4.0,1.0,custom (g),100.0,1.0,oz,28.35,,,,,,,,,,,,,,,,,,,,,,,,,,,,,,,,,
CHITON,Chiton,protein,,,,,35026,"Chiton, leathery, gumboots (Alaska Native)",83.0,17.1,1.6,0.0,0.0,78.6,0.0,1.0,custom (g),100.0,,,,,,,,,,,,,,,,,,,,,,,,,,,,,,,,,,,,
CHIVE,Chive,spice,,,,,11156,"Chives, raw",30.0,3.3,0.7,4.3,2.5,90.7,1.9,1.0,custom (g),100.0,1.0,tbsp chopped,3.0,1.0,tsp chopped,1.0,,,,,,,,,,,,,,,,,,,,,,,,,,,,,,
CHOC45,Choc 45-59%,spice,,,,,19902,"Chocolate, dark, 45- 59% cacao solids",546.0,4.9,31.3,61.2,7.0,1.0,47.9,1.0,custom (g),100.0,1.0,oz,28.35,1.0,bar,162.0,,,,,,,,,,,,,,,,,,,,,,,,,,,,,,
CHOC60,Choc 60-69%,spice,,,,,19903,"Chocolate, dark, 60-69% cacao solids",579.0,6.1,38.3,52.4,8.0,1.2,36.7,1.0,custom (g),100.0,1.0,oz,28.35,1.0,bar,112.0,,,,,,,,,,,,,,,,,,,,,,,,,,,,,,
CHOC70,Choc 70-85%,spice,,,,,19904,"Chocolate, dark, 70-85% cacao solids",598.0,7.8,42.6,45.9,10.9,1.4,24.0,1.0,custom (g),100.0,1.0,oz,28.35,1.0,bar,101.0,,,,,,,,,,,,,,,,,,,,,,,,,,,,,,
CHOCBAKING,Baking Choc Squares Unsweet,spice,,,,,19078,"Baking chocolate, unsweetened, squares",642.0,14.3,52.3,28.4,16.6,1.3,0.9,1.0,custom (g),100.0,1.0,oz square Bakers,29.0,1.0,"cup, grated",132.0,0.5,oz Hersheys,14.2,,,,,,,,,,,,,,,,,,,,,,,,,,,
CHOCBEVSODA,Choc Soda,beverage,,,,,14552,"Carbonated beverage, chocolate-flavored soda",42.0,0.0,0.0,10.7,0.0,89.2,10.7,1.0,custom (g),100.0,1.0,fl oz,31.0,1.0,can or bottle (16 fl oz),492.0,1.0,can (12 fl oz),369.0,,,,,,,,,,,,,,,,,,,,,,,,,,,
CHOCFUDGE,Candies Choc Fudge,sweets,,,,,19100,"Candies, fudge, chocolate, prepared-from-recipe",411.0,2.4,10.4,76.4,1.7,9.8,73.1,1.0,custom (g),100.0,1.0,piece,17.0,,,,,,,,,,,,,,,,,,,,,,,,,,,,,,,,,
CHOCFUDGENUTS,Candies Choc Fudge with Nuts,sweets,,,,,19101,"Candies, fudge, chocolate, with nuts, prepared-from-recipe",461.0,4.4,18.9,67.9,2.5,7.7,63.4,1.0,custom (g),100.0,1.0,oz,28.35,,,,,,,,,,,,,,,,,,,,,,,,,,,,,,,,,
CHOCHOT,Choc Hot,beverage,,,,,1105,"Milk, chocolate beverage, hot cocoa, homemade",77.0,3.5,2.3,10.7,1.0,82.5,9.7,1.0,custom (g),100.0,1.0,cup,250.0,1.0,fl oz,31.2,,,,,,,,,,,,,,,,,,,,,,,,,,,,,,
CHOCMALT,Choc Malt,beverage,,,,,14318,"Beverages, Malted drink mix, chocolate, powder, prepared with whole milk",85.0,3.4,3.3,11.2,0.5,81.3,6.7,1.0,custom (g),100.0,1.0,cup (8 fl oz),265.0,,,,,,,,,,,,,,,,,,,,,,,,,,,,,,,,,
CHOCMILKCANDY,Candies Milk Choc Candy,sweets,,,,,19120,"Candies, milk chocolate",535.0,7.7,29.7,59.4,3.4,1.5,51.5,1.0,custom (g),100.0,1.0,"bar, miniature",7.0,1.0,bar (1.55 oz),44.0,1.0,cup chips,168.0,,,,,,,,,,,,,,,,,,,,,,,,,,,
CHOCOLATE,Baking Choc Liquid Unsweet,spice,,,,1,19077,"Baking chocolate, unsweetened, liquid",472.0,12.1,47.7,36.2,18.1,0.9,0.0,1.0,custom (g),100.0,1.0,oz,28.35,,,,,,,,,,,,,,,,,,,,,,,,,,,,,,,,,
CHOCOLATEGLAZE,Chocolate Glaze,sweets,,,,1,19409,"Frostings, glaze, chocolate, prepared-from-recipe, with butter, NFSMI Recipe No. C-32",359.0,1.4,7.2,72.2,1.1,18.3,64.3,1.0,custom (g),100.0,2.0,tablespoon,33.0,,,,,,,,,,,,,,,,,,,,,,,,,,,,,,,,,
CHOCOLATEMILK,Choc Milk,beverage,,,,,14177,"Beverages, Chocolate-flavor beverage mix, powder, prepared with whole milk",85.0,3.2,3.2,11.9,0.4,80.8,0.0,1.0,custom (g),100.0,1.0,cup (8 fl oz),266.0,,,,,,,,,,,,,,,,,,,,,,,,,,,,,,,,,
CHOCOLATESYRUP,Choc Beverage from Syrup,beverage,,,,,14181,"Beverages, Chocolate syrup",279.0,2.1,1.1,65.1,2.6,31.0,49.6,1.0,custom (g),100.0,1.0,serving 2 tbsp,39.0,1.0,cup,300.0,,,,,,,,,,,,,,,,,,,,,,,,,,,,,,
CHOKECHERRIES,Chokecherries,fruit,,,,,35179,"Chokecherries, raw, pitted (Shoshone Bannock)",156.0,2.9,1.0,33.9,17.0,61.5,14.2,1.0,custom (g),100.0,,,,,,,,,,,,,,,,,,,,,,,,,,,,,,,,,,,,
CHORIZO,Chorizo,protein,,,,,7019,"Chorizo, pork and beef",455.0,24.1,38.3,1.9,0.0,31.9,0.0,1.0,custom (g),100.0,1.0,oz,28.35,1.0,"link (4"" long)",60.0,,,,,,,,,,,,,,,,,,,,,,,,,,,,,,
CHRYSANTHEMUM,Chrysanthemum Cooked,vegetable,,,,,11158,"Chrysanthemum, garland, cooked, boiled, drained, without salt",20.0,1.6,0.1,4.3,2.3,92.5,2.0,1.0,custom (g),100.0,1.0,"cup (1"" pieces)",100.0,,,,,,,,,,,,,,,,,,,,,,,,,,,,,,,,,
CHUCKROAST,Chuck Roast,protein,,,,,13816,"Beef, chuck, blade roast, separable lean and fat, trimmed to 1/8"" fat, all grades, cooked, braised",341.0,26.8,25.1,0.0,0.0,47.7,0.0,1.0,custom (g),100.0,3.0,oz,85.0,1.0,"piece, cooked, excluding refuse (yield from 1 lb r",247.0,,,,,,,,,,,,,,,,,,,,,,,,,,,,,,
CHUM,Salmon Chum,protein,,,,,15211,"Fish, salmon, chum, cooked, dry heat",154.0,25.8,4.8,0.0,0.0,68.4,0.0,1.0,custom (g),100.0,3.0,oz,85.0,0.5,fillet,154.0,,,,,,,,,,,,,,,,,,,,,,,,,,,,,,
CILANTRO,Cilantro,spice,,,,,11165,"Coriander (cilantro) leaves, raw",23.0,2.1,0.5,3.7,2.8,92.2,0.9,1.0,custom (g),100.0,0.25,cup,4.0,9.0,sprigs,20.0,,,,,,,,,,,,,,,,,,,,,,,,,,,,,,
CINNAMON,Cinnamon,spice,,,,,2010,"Spices, cinnamon, ground",247.0,4.0,1.2,80.6,53.1,10.6,2.2,1.0,custom (g),100.0,1.0,tsp,2.6,1.0,tbsp,7.8,,,,,,,,,,,,,,,,,,,,,,,,,,,,,,
CINNAMONROLL,Cinnamon Roll,sweets,,,,,18358,"Sweet rolls, cinnamon, refrigerated dough with frosting, baked",362.0,5.4,13.2,56.1,0.0,22.7,0.0,1.0,custom (g),100.0,1.0,oz,28.35,1.0,roll,30.0,,,,,,,,,,,,,,,,,,,,,,,,,,,,,,
CISCO,Cisco,protein,,,,,15014,"Fish, cisco, smoked",177.0,16.4,11.9,0.0,0.0,69.8,0.0,1.0,custom (g),100.0,1.0,oz,28.35,3.0,oz,85.0,,,,,,,,,,,,,,,,,,,,,,,,,,,,,,
CITRUS,Citrus,fruit,,,,,14262,"Citrus fruit juice drink, frozen concentrate",162.0,1.2,0.1,40.2,0.2,57.4,28.6,1.0,custom (g),100.0,1.0,fl oz,35.2,1.0,can (12 fl oz),423.0,,,,,,,,,,,,,,,,,,,,,,,,,,,,,,
CLAM,Clam,protein,,,,,15159,"Mollusks, clam, mixed species, cooked, moist heat",148.0,25.6,1.9,5.1,0.0,63.6,0.0,1.0,custom (g),100.0,3.0,oz,85.0,20.0,small,190.0,,,,,,,,,,,,,,,,,,,,,,,,,,,,,,
CLEMENTINE,Clementine,fruit,,,,,9433,"Clementines, raw",47.0,0.8,0.1,12.0,1.7,86.6,9.2,1.0,custom (g),100.0,1.0,fruit,74.0,,,,,,,,,,,,,,,,,,,,,,,,,,,,,,,,,
CLOUDBERRY,Cloudberry,fruit,,,,,35027,"Cloudberries, raw (Alaska Native)",51.0,2.4,0.8,8.6,0.0,87.0,0.0,1.0,custom (g),100.0,,,,,,,,,,,,,,,,,,,,,,,,,,,,,,,,,,,,
CLOVE,Clove,spice,,,,,2011,"Spices, cloves, ground",274.0,6.0,13.0,65.5,33.9,9.9,2.4,1.0,custom (g),100.0,1.0,tsp,2.1,1.0,tbsp,6.5,,,,,,,,,,,,,,,,,,,,,,,,,,,,,,
CLUBSANDWICH,Sandwich Club,prepared,,,,1,21152,"SUBWAY, SUBWAY CLUB sub on white bread with lettuce and tomato",146.0,10.7,2.4,20.4,1.4,64.7,0.0,1.0,custom (g),100.0,6.0,inch sub,207.0,12.0,inch sub,413.0,,,,,,,,,,,,,,,,,,,,,,,,,,,,,,
COCKLES,Cockles,protein,,,,,35028,"Cockles, raw (Alaska Native)",79.0,13.5,0.7,4.7,0.0,78.8,0.0,1.0,custom (g),100.0,,,,,,,,,,,,,,,,,,,,,,,,,,,,,,,,,,,,
COCKTAILSAUCE,Cocktail Sauce,spice,,,,,27051,"Sauce, cocktail, ready-to-serve",124.0,1.4,1.1,28.2,1.8,65.7,11.8,1.0,custom (g),100.0,0.25,cup,60.0,,,,,,,,,,,,,,,,,,,,,,,,,,,,,,,,,
COCOA,Cocoa,spice,beverage,,,,14194,"Beverages, Cocoa mix, powder, prepared with water",55.0,0.9,0.6,11.5,0.5,86.3,9.0,1.0,custom (g),100.0,1.0,fl oz,34.3,1.0,serving 6 fl oz,206.0,,,,,,,,,,,,,,,,,,,,,,,,,,,,,,
COCOABUTTER,Cocoa Butter,fats,,,,,4501,"Oil, cocoa butter",884.0,0.0,100.0,0.0,0.0,0.0,0.0,1.0,custom (g),100.0,1.0,tablespoon,13.6,1.0,cup,218.0,1.0,tsp,4.5,,,,,,,,,,,,,,,,,,,,,,,,,,,
COCOAPOWDERUNSWEET,Cocoa Powder Unsweetened,condiment,,,,,19165,"Cocoa, dry powder, unsweetened",228.0,19.6,13.7,57.9,37.0,3.0,1.8,1.0,custom (g),100.0,1.0,cup,86.0,1.0,tbsp,5.4,,,,,,,,,,,,,,,,,,,,,,,,,,,,,,
COCONUT,Coconut,fruit,nuts,fats,Botanically a drupe (fruit),1,4047,"Oil, coconut",892.0,0.0,99.1,0.0,0.0,0.0,0.0,1.0,custom (g),100.0,1.0,tbsp,13.6,1.0,cup,218.0,1.0,tsp,4.5,,,,,,,,,,,,,,,,,,,,,,,,,,,
COCONUTFLAKEDSWEET,Coconut Flaked Sweetened,nuts,,,,,12109,"Nuts, coconut meat, dried (desiccated), sweetened, flaked, packaged",456.0,3.1,28.0,51.9,9.9,15.5,36.8,1.0,custom (g),100.0,1.0,cup,85.0,1.0,oz,28.4,,,,,,,,,,,,,,,,,,,,,,,,,,,,,,
COCONUTMILK,Coconut Milk,beverage,,,,,12117,"Nuts, coconut milk, raw (liquid expressed from grated meat and water)",230.0,2.3,23.8,5.5,2.2,67.6,3.3,1.0,custom (g),100.0,1.0,cup,240.0,1.0,tbsp,15.0,,,,,,,,,,,,,,,,,,,,,,,,,,,,,,
COCONUTMILKCANNED,Coconut Milk Canned,nuts,,,,,12118,"Nuts, coconut milk, canned (liquid expressed from grated meat and water)",197.0,2.0,21.3,2.8,0.0,72.9,0.0,1.0,custom (g),100.0,1.0,cup,226.0,1.0,tbsp,15.0,,,,,,,,,,,,,,,,,,,,,,,,,,,,,,
COCONUTWATER,Coconut Water,beverage,,,,,12119,"Nuts, coconut water (liquid from coconuts)",19.0,0.72,0.2,3.71,1.1,94.99,2.61,1.0,custom (g),100.0,1.0,cup,240.0,1.0,tbsp,15.0,,,,,,,,,,,,,,,,,,,,,,,,,,,,,,
COD,Cod,protein,,,,,15016,"Fish, cod, Atlantic, cooked, dry heat",105.0,22.8,0.9,0.0,0.0,75.9,0.0,1.0,custom (g),100.0,3.0,oz,85.0,1.0,fillet,180.0,,,,,,,,,,,,,,,,,,,,,,,,,,,,,,
COFFEE,Coffee,beverage,,,,,14209,"Coffee, brewed, prepared with tap water",1.0,0.1,0.0,0.0,0.0,99.4,0.0,1.0,custom (g),100.0,1.0,fl oz,29.6,6.0,fl oz,178.0,1.0,cup (8 fl oz),237.0,,,,,,,,,,,,,,,,,,,,,,,,,,,
COFFEEDECAF,Coffee Decaf,beverage,,,,,14201,"Beverages, coffee, brewed, prepared with tap water, decaffeinated",0.0,0.1,0.0,0.0,0.0,99.3,0.0,1.0,custom (g),100.0,1.0,fl oz,29.6,6.0,fl oz,178.0,1.0,cup (8 fl oz),237.0,,,,,,,,,,,,,,,,,,,,,,,,,,,
COFFEEESPRESSO,Coffee Espresso Restaurant,beverage,,,,,14210,"Beverages, coffee, brewed, espresso, restaurant-prepared",9.0,0.1,0.2,1.7,0.0,97.8,0.0,1.0,custom (g),100.0,1.0,fl oz,29.6,,,,,,,,,,,,,,,,,,,,,,,,,,,,,,,,,
COFFEEESPRESSODECAF,Coffee Espresso Decaf Restaurant,beverage,,,,,14202,"Beverages, coffee, brewed, espresso, restaurant-prepared, decaffeinated",9.0,0.1,0.2,1.7,0.0,97.8,0.0,1.0,custom (g),100.0,1.0,fl oz,29.6,,,,,,,,,,,,,,,,,,,,,,,,,,,,,,,,,
COHO,Salmon Coho,protein,,,,,15082,"Fish, salmon, coho, wild, cooked, moist heat",184.0,27.4,7.5,0.0,0.0,65.4,0.0,1.0,custom (g),100.0,3.0,oz,85.0,0.5,fillet,155.0,,,,,,,,,,,,,,,,,,,,,,,,,,,,,,
COLA,Cola,beverage,,,,,14148,"Beverages, carbonated, cola, regular",42.0,0.0,0.2,10.4,0.0,89.4,9.9,1.0,custom (g),100.0,1.0,fl oz,30.7,1.0,can or bottle (12 fl oz),370.0,1.0,can or bottle (16 fl oz),492.0,1.0,"drink, small (16 fl oz)",492.0,1.0,"drink, medium (22 fl oz)",676.0,1.0,"drink, large (32 fl oz)",984.0,1.0,"drink, extra large (44 fl oz)",1353.0,,,,,,,,,,,,,,,
COLBY,Colby,dairy,,,,,1011,"Cheese, colby",394.0,23.8,32.1,2.6,0.0,38.2,0.5,1.0,custom (g),100.0,1.0,"cup, diced",132.0,1.0,"cup, shredded",113.0,1.0,oz,28.35,1.0,cubic inch,17.0,1.0,slice (1 oz),28.0,,,,,,,,,,,,,,,,,,,,,
COLESLAW,Coleslaw,vegetable,prepared,,,,21127,"Fast foods, coleslaw",153.0,0.9,9.9,14.9,1.9,73.4,12.2,1.0,custom (g),100.0,1.0,cup,191.0,1.0,package,116.0,,,,,,,,,,,,,,,,,,,,,,,,,,,,,,
COLLARD,Collard Cooked,vegetable,,,,,11162,"Collards, cooked, boiled, drained, without salt",33.0,2.7,0.7,5.7,4.0,90.2,0.4,1.0,custom (g),100.0,1.0,"cup, chopped",190.0,,,,,,,,,,,,,,,,,,,,,,,,,,,,,,,,,
CONCH,Conch,protein,,,,,15250,"Mollusks, conch, baked or broiled",130.0,26.3,1.2,1.7,0.0,69.4,0.0,1.0,custom (g),100.0,1.0,"cup, sliced",127.0,1.0,"oz cooked, yield",17.0,,,,,,,,,,,,,,,,,,,,,,,,,,,,,,
COOKIESANIMAL,Cookies Animal,sweets,,,,,28043,"KEEBLER, ANIMALS, Cookies",450.0,5.6,14.2,75.3,1.4,2.8,0.0,1.0,custom (g),100.0,1.0,package 1 serving,40.0,,,,,,,,,,,,,,,,,,,,,,,,,,,,,,,,,
COOKIESANIMALFROSTED,Cookies Animal Frosted,sweets,,,,,28291,"Cookies, animal, with frosting or icing",509.0,3.0,24.1,70.1,0.9,2.0,41.1,1.0,custom (g),100.0,8.0,cookies 1 serving,31.0,1.0,package (40 g),40.0,,,,,,,,,,,,,,,,,,,,,,,,,,,,,,
COOKIESBROWNIES,Cookies Brownies,sweets,,,,1,18154,"Cookies, brownies, prepared from recipe",466.0,6.2,29.1,50.2,0.0,12.6,0.0,1.0,custom (g),100.0,1.0,oz,28.35,1.0,"brownie (2"" square)",24.0,,,,,,,,,,,,,,,,,,,,,,,,,,,,,,
COOKIESBUTTER,Cookies Butter,sweets,,,,1,18155,"Cookies, butter, commercially prepared, enriched",467.0,6.1,18.8,68.9,0.8,4.6,20.2,1.0,custom (g),100.0,1.0,oz,28.35,1.0,cookie,5.0,,,,,,,,,,,,,,,,,,,,,,,,,,,,,,
COOKIESCHOCOLATECHIP,Cookies Choc Chip,sweets,,,,1,18164,"Cookies, chocolate chip, refrigerated dough, baked",492.0,4.9,22.6,68.2,1.7,3.0,0.0,1.0,custom (g),100.0,1.0,oz,28.35,1.0,"cookie, medium (2-1/4"" dia)",12.0,,,,,,,,,,,,,,,,,,,,,,,,,,,,,,
COOKIESCHOCOLATESANDWICH,Cookies Choc Sandwich,sweets,,,,,18166,"Cookies, chocolate sandwich, with creme filling, regular",464.0,5.2,19.1,71.0,2.9,3.1,40.7,1.0,custom (g),100.0,3.0,cookie,36.0,1.0,oz,28.35,,,,,,,,,,,,,,,,,,,,,,,,,,,,,,
COOKIESFIGBAR,Cookies Fig Bar,sweets,,,,1,18170,"Cookies, fig bars",348.0,3.7,7.3,70.9,4.6,16.5,46.4,1.0,custom (g),100.0,1.0,oz,28.35,1.0,Figaroo (2 square halves),43.0,1.0,cookie,16.0,1.0,"individual package (2 oz package containing 2 3"" b",57.0,,,,,,,,,,,,,,,,,,,,,,,,
COOKIESFORTUNE,Cookies Fortune,sweets,,,,,18171,"Cookies, fortune",378.0,4.2,2.7,84.0,1.6,8.0,45.4,1.0,custom (g),100.0,1.0,oz,28.35,1.0,cookie,8.0,,,,,,,,,,,,,,,,,,,,,,,,,,,,,,
COOKIESGINGERSNAP,Cookies Gingersnap,sweets,,,,1,18172,"Cookies, gingersnaps",416.0,5.6,9.8,76.9,2.2,5.3,19.9,1.0,custom (g),100.0,1.0,oz,28.35,1.0,cookie,7.0,1.0,"large (approx 3-1/2"" to 4"" dia)",32.0,,,,,,,,,,,,,,,,,,,,,,,,,,,
COOKIESGIRLSCOUTSCARAMEL,Cookies Girl Scouts Caramel,sweets,,,,,28029,"GIRL SCOUTS, Caramel Dulce De Leche Cookies",520.0,5.1,27.1,64.8,1.3,2.5,0.0,1.0,custom (g),100.0,4.0,cookies,30.0,,,,,,,,,,,,,,,,,,,,,,,,,,,,,,,,,
COOKIESGIRLSCOUTSCHALET,Cookies Girl Scouts Chalet,sweets,,,,,28030,"GIRL SCOUTS, Chalet Cookies",478.0,4.2,19.1,72.3,1.5,2.8,0.0,1.0,custom (g),100.0,3.0,cookies,36.0,,,,,,,,,,,,,,,,,,,,,,,,,,,,,,,,,
COOKIESGIRLSCOUTSDOSIDOS,Cookies Girl Scouts Do-Si-Dos,sweets,,,,,28031,"GIRL SCOUTS, Do-si-dos Cookies",478.0,8.1,21.4,66.0,3.7,3.0,0.0,1.0,custom (g),100.0,2.0,cookies,24.0,,,,,,,,,,,,,,,,,,,,,,,,,,,,,,,,,
COOKIESGIRLSCOUTSSAMOSAS,Cookies Girl Scouts Samoas,sweets,,,,,28032,"GIRL SCOUTS, Samoas Cookies",489.0,3.5,25.8,64.1,4.4,5.7,0.0,1.0,custom (g),100.0,2.0,cookies,29.0,,,,,,,,,,,,,,,,,,,,,,,,,,,,,,,,,
COOKIESGIRLSCOUTSTAGALONGS,Cookies Girl Scouts Tagalongs,sweets,,,,,28033,"GIRL SCOUTS, Tagalongs Cookies",558.0,8.1,35.3,52.2,3.5,1.8,0.0,1.0,custom (g),100.0,2.0,cookies,25.0,,,,,,,,,,,,,,,,,,,,,,,,,,,,,,,,,
COOKIESGIRLSCOUTSTHANKU,Cookies Girl Scouts Thank U,sweets,,,,,28034,"GIRL SCOUTS, Thank U Berry Munch Cookies",491.0,4.6,21.6,70.0,1.8,3.5,0.0,1.0,custom (g),100.0,2.0,cookies,25.0,,,,,,,,,,,,,,,,,,,,,,,,,,,,,,,,,
COOKIESGIRLSCOUTSTHINMINTS,Cookies Girl Scouts Thin Mints,sweets,,,,,28035,"GIRL SCOUTS, Thin Mints Cookies",502.0,4.5,24.2,67.3,2.3,2.0,0.0,1.0,custom (g),100.0,4.0,cookies,32.0,,,,,,,,,,,,,,,,,,,,,,,,,,,,,,,,,
COOKIESGIRLSCOUTSTREFOILS,Cookies Girl Scouts Trefoils,sweets,,,,,28036,"GIRL SCOUTS, Trefoils Cookies",498.0,5.7,22.9,68.0,1.6,2.5,0.0,1.0,custom (g),100.0,5.0,cookies,33.0,,,,,,,,,,,,,,,,,,,,,,,,,,,,,,,,,
COOKIESGLUTINOCHOCOLATECREME,Cookies Glutino Choc Creme,sweets,,,,,28356,"GLUTINO, Gluten Free Cookies, Chocolate Vanilla Creme",474.0,2.2,17.9,76.0,2.5,2.8,0.0,1.0,custom (g),100.0,3.0,cookies,44.0,,,,,,,,,,,,,,,,,,,,,,,,,,,,,,,,,
COOKIESGLUTIONVANILLACREME,Cookies Glutino Vanilla Creme,sweets,,,,,28357,"GLUTINO, Gluten Free Cookies, Vanilla Creme",487.0,2.2,18.8,77.3,0.0,1.3,0.0,1.0,custom (g),100.0,3.0,cookies,45.0,,,,,,,,,,,,,,,,,,,,,,,,,,,,,,,,,
COOKIESGRAHAM,Cookies Graham,sweets,,,,,18173,"Cookies, graham crackers, plain or honey (includes cinnamon)",430.0,6.7,10.6,77.7,3.4,3.4,24.9,1.0,custom (g),100.0,1.0,oz,28.35,1.0,cracker,15.0,1.0,"cup, crushed",84.0,1.0,large rectangular piece or 2 squares or 4 small re,14.0,,,,,,,,,,,,,,,,,,,,,,,,
COOKIESMACAROON,Cookies Macaroon,sweets,,,,1,28309,"Cookies, coconut macaroon",460.0,3.0,22.6,61.2,5.1,11.5,45.2,1.0,custom (g),100.0,2.0,cookie 1 serving,36.0,,,,,,,,,,,,,,,,,,,,,,,,,,,,,,,,,
COOKIESMARIEBISCUIT,Cookies Marie Biscuit,sweets,,,,,28351,"Cookies, Marie biscuit",406.0,7.0,10.6,70.5,3.5,9.8,21.2,1.0,custom (g),100.0,5.0,cookie,28.0,,,,,,,,,,,,,,,,,,,,,,,,,,,,,,,,,
COOKIESMOLASSES,Cookies Molasses,sweets,,,,1,18177,"Cookies, molasses",430.0,5.6,12.8,73.8,1.0,5.8,17.6,1.0,custom (g),100.0,1.0,oz,28.35,1.0,"large (3-1/2"" to 4"" dia) (include Archway brand)",32.0,1.0,medium,15.0,1.0,"cookie, Little Debbie",20.0,,,,,,,,,,,,,,,,,,,,,,,,
COOKIESOATMEAL,Cookies Oatmeal,sweets,,,,1,18183,"Cookies, oatmeal, refrigerated dough, baked",471.0,6.0,21.0,65.7,2.8,5.8,0.0,1.0,custom (g),100.0,1.0,oz,28.35,1.0,cookie,12.0,,,,,,,,,,,,,,,,,,,,,,,,,,,,,,
COOKIESOATMEALICED,Cookies Oatmeal Iced,sweets,,,,,28203,"MOTHER'S, Iced Oatmeal Cookies",463.0,5.4,18.0,71.0,2.7,3.5,0.0,1.0,custom (g),100.0,4.0,cookies,32.0,,,,,,,,,,,,,,,,,,,,,,,,,,,,,,,,,
COOKIESOATMEALRAISIN,Cookies Oatmeal Raisin,sweets,,,,1,18184,"Cookies, oatmeal, prepared from recipe, with raisins",435.0,6.5,16.2,68.4,0.0,6.4,0.0,1.0,custom (g),100.0,1.0,oz,28.35,1.0,"cookie (2-5/8"" dia)",15.0,,,,,,,,,,,,,,,,,,,,,,,,,,,,,,
COOKIESOATMEALSANDWICH,Cookies Oatmeal Sandwich,sweets,,,,,28300,"Cookies, oatmeal sandwich, with creme filling",398.0,2.6,18.3,55.6,2.6,22.1,31.4,1.0,custom (g),100.0,1.0,cookie 1 serving,38.0,,,,,,,,,,,,,,,,,,,,,,,,,,,,,,,,,
COOKIESPEANUTBUTTER,Cookies Peanut Butter,sweets,,,,1,18188,"Cookies, peanut butter, refrigerated dough, baked",503.0,9.1,27.5,57.3,1.2,4.0,0.0,1.0,custom (g),100.0,1.0,oz,28.35,1.0,cookie,12.0,,,,,,,,,,,,,,,,,,,,,,,,,,,,,,
COOKIESSHORTBREAD,Cookies Shortbread,sweets,,,,1,18192,"Cookies, shortbread, commercially prepared, plain",514.0,5.4,26.2,63.8,1.3,3.6,21.6,1.0,custom (g),100.0,1.0,oz,28.35,1.0,cookie,11.8,,,,,,,,,,,,,,,,,,,,,,,,,,,,,,
COOKIESSUGAR,Cookies Sugar,sweets,,,,1,18208,"Cookies, sugar, prepared from recipe, made with margarine",472.0,5.9,23.4,60.0,1.2,8.9,24.9,1.0,custom (g),100.0,1.0,oz,28.35,1.0,"cookie (3"" dia)",14.0,,,,,,,,,,,,,,,,,,,,,,,,,,,,,,
COOKIESVANILLASANDWICH,Cookies Vanilla Sandwich,sweets,,,,,18210,"Cookies, vanilla sandwich with creme filling",483.0,4.5,20.0,72.1,1.5,2.2,39.3,1.0,custom (g),100.0,1.0,oz,28.35,1.0,"cookie, oval (3-1/8"" x 1-1/4"" x 3/8"")",15.0,1.0,"cookie, round (1-3/4"" dia)",10.0,,,,,,,,,,,,,,,,,,,,,,,,,,,
COOKIESVANILLAWAFER,Cookies Vanilla Wafer,sweets,,,,,18213,"Cookies, vanilla wafers, higher fat",455.0,4.9,16.4,72.6,1.6,5.0,35.1,1.0,custom (g),100.0,8.0,wafers,30.0,8.0,wafers mini wafers,11.6,,,,,,,,,,,,,,,,,,,,,,,,,,,,,,
CORIANDER,Coriander,spice,,,,,11165,"Coriander (cilantro) leaves, raw",23.0,2.1,0.5,3.7,2.8,92.2,0.9,1.0,custom (g),100.0,0.25,cup,4.0,9.0,sprigs,20.0,,,,,,,,,,,,,,,,,,,,,,,,,,,,,,
CORIANDERSEED,Coriander (ground),spice,,,,,2013,"Spices, coriander seed",298.0,12.37,17.77,54.99,41.9,8.86,0.0,1.0,custom (g),100.0,1.0,tsp,1.8,1.0,tbsp,5.5,,,,,,,,,,,,,,,,,,,,,,,,,,,,,,
CORN,Corn Cooked,vegetable,grain,,Used as a vegetable,,11168,"Corn, sweet, yellow, cooked, boiled, drained, without salt",96.0,3.4,1.5,21.0,2.4,73.4,4.5,1.0,custom (g),100.0,1.0,"ear small (5-1/2"" to 6-1/2"" long)",89.0,1.0,"ear medium (6-3/4"" to 7-1/2"" long)",103.0,1.0,"ear large (7-3/4"" to 9"" long)",118.0,1.0,cup cut,149.0,1.0,baby ear,8.0,,,,,,,,,,,,,,,,,,,,,
CORNBREAD,Cornbread,prepared,,,,1,18024,"Bread, cornbread, prepared from recipe, made with low fat (2%) milk",266.0,6.7,7.1,43.5,0.0,39.1,0.0,1.0,custom (g),100.0,1.0,oz,28.35,1.0,piece,65.0,,,,,,,,,,,,,,,,,,,,,,,,,,,,,,
CORNCREAMWHITE,Corn Cream Style White,grain,prepared,,,,11906,"Corn, sweet, white, canned, cream style, regular pack",74.0,1.7,0.4,18.6,1.2,78.2,6.1,1.0,custom (g),100.0,1.0,cup,256.0,1.0,can (303 x 406),482.0,,,,,,,,,,,,,,,,,,,,,,,,,,,,,,
CORNCREAMYELLOW,Corn Cream Style Yellow,grain,prepared,,,,11174,"Corn, sweet, yellow, canned, cream style, regular pack",72.0,1.7,0.4,18.1,1.2,78.7,3.2,1.0,custom (g),100.0,1.0,cup,256.0,1.0,can (303 x 406),482.0,,,,,,,,,,,,,,,,,,,,,,,,,,,,,,
CORNDOG,Corn Dog,prepared,,,,1,21120,"Fast foods, hotdog, with corn flour coating (corndog)",263.0,9.6,10.8,31.9,0.0,46.7,0.0,1.0,custom (g),100.0,1.0,sandwich,175.0,,,,,,,,,,,,,,,,,,,,,,,,,,,,,,,,,
CORNISH,Cornish,protein,,,,,5308,"Chicken, cornish game hens, meat and skin, cooked, roasted",259.0,22.3,18.2,0.0,0.0,58.7,0.0,1.0,custom (g),100.0,3.0,oz,85.0,0.5,bird,129.0,1.0,bird whole,257.0,,,,,,,,,,,,,,,,,,,,,,,,,,,
CORNMEAL,Cornmeal,grain,,,,,20020,"Cornmeal, whole-grain, yellow",362.0,8.1,3.6,76.9,7.3,10.3,0.6,1.0,custom (g),100.0,1.0,cup,122.0,,,,,,,,,,,,,,,,,,,,,,,,,,,,,,,,,
CORNSALAD,Corn Salad,vegetable,,,,,11190,"Cornsalad, raw",21.0,2.0,0.4,3.6,0.0,92.8,0.0,1.0,custom (g),100.0,1.0,cup,56.0,,,,,,,,,,,,,,,,,,,,,,,,,,,,,,,,,
CORNSTARCH,Cornstarch,spice,,,,,20027,Cornstarch,381.0,0.3,0.1,91.3,0.9,8.3,0.0,1.0,custom (g),100.0,1.0,cup,128.0,,,,,,,,,,,,,,,,,,,,,,,,,,,,,,,,,
CORNWHITERAW,Corn White Raw,grain,,,,,11900,"Corn, sweet, white, raw",86.0,3.2,1.2,19.0,2.7,76.0,3.2,1.0,custom (g),100.0,1.0,"ear, small (5-1/2"" to 6-1/2"" long)",73.0,1.0,"ear, medium (6-3/4"" to 7-1/2"" long)",90.0,1.0,"ear, large (7-3/4"" to 9"" long)",143.0,1.0,cup kernels,154.0,,,,,,,,,,,,,,,,,,,,,,,,
CORNYELLOWRAW,Corn Yellow Raw,grain,,,,,11167,"Corn, sweet, yellow, raw",86.0,3.3,1.4,18.7,2.0,76.0,6.3,1.0,custom (g),100.0,1.0,cup,145.0,1.0,"ear, large (7-3/4"" to 9"" long) yields",143.0,1.0,"ear, medium (6-3/4"" to 7-1/2"" long) yields",102.0,1.0,"ear, small (5-1/2"" to 6-1/2"" long)",73.0,,,,,,,,,,,,,,,,,,,,,,,,
COTTAGE,Cottage,dairy,,,,,1012,"Cheese, cottage, creamed, large or small curd",98.0,11.1,4.3,3.4,0.0,79.8,2.7,1.0,custom (g),100.0,4.0,oz,113.0,1.0,"cup, large curd (not packed)",210.0,1.0,"cup, small curd (not packed)",225.0,,,,,,,,,,,,,,,,,,,,,,,,,,,
COTTAGE2,Cottage Cheese 2%,dairy,,,,,1015,"Cheese, cottage, lowfat, 2% milkfat",81.0,10.4,2.3,4.8,0.0,81.2,4.0,1.0,custom (g),100.0,4.0,oz,113.0,1.0,cup (not packed),226.0,,,,,,,,,,,,,,,,,,,,,,,,,,,,,,
COTTONSEED,Cottonseed,fats,,,,,4502,"Oil, cottonseed, salad or cooking",884.0,0.0,100.0,0.0,0.0,0.0,0.0,1.0,custom (g),100.0,1.0,tablespoon,13.6,1.0,cup,218.0,1.0,tsp,4.5,,,,,,,,,,,,,,,,,,,,,,,,,,,
COUSCOUS,Couscous,grain,,,,,20029,"Couscous, cooked",112.0,3.8,0.2,23.2,1.4,72.6,0.1,1.0,custom (g),100.0,1.0,"cup, cooked",157.0,1.0,"cup, dry, yields",528.0,1.0,"oz, dry, yields",86.0,,,,,,,,,,,,,,,,,,,,,,,,,,,
COUSCOUSDRY,Couscous Dry,grain,,,,,20028,"Couscous, dry",376.0,12.8,0.6,77.4,5.0,8.6,0.0,1.0,custom (g),100.0,1.0,cup,173.0,,,,,,,,,,,,,,,,,,,,,,,,,,,,,,,,,
COWPEA,Cowpea,legume,,,,,16063,"Cowpeas, common (blackeyes, crowder, southern), mature seeds, cooked, boiled, without salt",116.0,7.7,0.5,20.8,6.5,70.0,3.3,1.0,custom (g),100.0,1.0,cup,171.0,,,,,,,,,,,,,,,,,,,,,,,,,,,,,,,,,
CRAB,Crab,protein,,,,,15140,"Crustaceans, crab, blue, cooked, moist heat",83.0,17.9,0.7,0.0,0.0,79.7,0.0,1.0,custom (g),100.0,1.0,"cup, flaked and pieces",118.0,1.0,cup (not packed),135.0,1.0,oz,28.35,3.0,oz,85.0,,,,,,,,,,,,,,,,,,,,,,,,
CRABAPPLE,Crabapple,fruit,,,,,9077,"Crabapples, raw",76.0,0.4,0.3,19.9,0.0,78.9,0.0,1.0,custom (g),100.0,1.0,cup slices,110.0,,,,,,,,,,,,,,,,,,,,,,,,,,,,,,,,,
CRABBLUECAN,Crab Blue Canned,protein,,,,,15141,"Crustaceans, crab, blue, canned",83.0,17.9,0.7,0.0,0.0,79.7,0.0,1.0,custom (g),100.0,1.0,cup,135.0,1.0,oz,28.35,1.0,"can (6.5 oz), drained",125.0,3.0,oz,85.0,,,,,,,,,,,,,,,,,,,,,,,,
CRABDUNGENESS,Crab Dungeness Cooked,protein,,,,,15226,"Crustaceans, crab, dungeness, cooked, moist heat",110.0,22.3,1.2,0.9,0.0,73.3,0.0,1.0,custom (g),100.0,3.0,oz,85.0,1.0,crab,127.0,,,,,,,,,,,,,,,,,,,,,,,,,,,,,,
CRABKING,Crab King Cooked,protein,,,,,15137,"Crustaceans, crab, alaska king, cooked, moist heat",97.0,19.4,1.5,0.0,0.0,77.5,0.0,1.0,custom (g),100.0,1.0,leg,134.0,3.0,oz,85.0,,,,,,,,,,,,,,,,,,,,,,,,,,,,,,
CRACKERCHEESE,Cracker Cheese,grain,prepared,,,,18214,"Crackers, cheese, regular",489.0,10.9,22.7,59.4,2.3,3.5,4.5,1.0,custom (g),100.0,0.5,oz,14.2,1.0,"cup, bite size",62.0,1.0,"cup, crushed",72.0,1.0,gold fish,0.6,1.0,"bag, single serving",28.0,1.0,snack stick,2.0,1.0,"cracker (1"" square)",1.0,,,,,,,,,,,,,,,
CRACKERMATZO,Cracker Matzo,grain,prepared,,,,18217,"Crackers, matzo, plain",395.0,10.0,1.4,83.7,3.0,4.3,0.3,1.0,custom (g),100.0,0.5,oz,14.2,1.0,matzo,28.0,,,,,,,,,,,,,,,,,,,,,,,,,,,,,,
CRACKERMEAL,Cracker Meal,grain,,,,,18236,Cracker meal,383.0,9.3,1.7,80.9,2.6,7.6,0.3,1.0,custom (g),100.0,1.0,oz,28.35,1.0,cup,115.0,,,,,,,,,,,,,,,,,,,,,,,,,,,,,,
CRACKERMELBA,Cracker Melba,grain,prepared,,,,18220,"Crackers, melba toast, plain",390.0,12.1,3.2,76.6,6.3,5.1,0.9,1.0,custom (g),100.0,0.5,oz,14.2,1.0,cup pieces,30.0,1.0,"cup, rounds",33.0,1.0,melba round,3.0,1.0,"piece (3-3/4"" x 1-3/4"" x 1/8"")",5.0,,,,,,,,,,,,,,,,,,,,,
CRACKERMULTI,Cracker Multi-Grain,grain,prepared,,,,28292,"Crackers, multigrain",482.0,7.1,20.4,67.6,3.5,2.5,12.0,1.0,custom (g),100.0,4.0,crackers,14.0,,,,,,,,,,,,,,,,,,,,,,,,,,,,,,,,,
CRACKERRICEBROWN,Cracker Brown Rice,grain,,,,,19051,"Snacks, rice cracker brown rice, plain",387.0,8.2,2.8,81.5,4.2,5.8,0.9,1.0,custom (g),100.0,1.0,cake,9.0,2.0,cakes,18.0,,,,,,,,,,,,,,,,,,,,,,,,,,,,,,
CRACKERRUSK,Cracker Rusk,grain,prepared,,,,18224,"Crackers, rusk toast",407.0,13.5,7.2,72.3,0.0,5.5,0.0,1.0,custom (g),100.0,0.5,oz,14.2,1.0,rusk,10.0,,,,,,,,,,,,,,,,,,,,,,,,,,,,,,
CRACKERRYE,Cracker Rye,grain,prepared,,,,18226,"Crackers, rye, wafers, plain",334.0,9.6,0.9,80.4,22.9,5.0,1.0,1.0,custom (g),100.0,0.5,oz,14.2,1.0,"cup, crushed",61.0,1.0,"cracker (4-1/2"" x 2-1/2"" x 1/8"")",11.0,1.0,"cracker, triple",25.0,,,,,,,,,,,,,,,,,,,,,,,,
CRACKERSALTINES,Cracker Saltines,grain,prepared,,,,18228,"Crackers, saltines (includes oyster, soda, soup)",418.0,9.5,8.6,74.0,2.8,5.0,1.3,1.0,custom (g),100.0,5.0,crackers,14.9,0.5,oz,14.2,1.0,"cup, crushed",70.0,5.0,crackers square (1 serving),15.0,1.0,cracker square,3.0,1.0,"cracker, round large",10.0,1.0,"cracker, oyster",1.0,1.0,"cracker, rectangle",6.0,1.0,cup oyster crackers,45.0,,,,,,,,,
CRACKERWHEAT,Cracker Wheat,grain,prepared,,,,18232,"Crackers, wheat, regular",455.0,7.3,16.4,70.7,6.9,2.8,15.5,1.0,custom (g),100.0,16.0,crackers 1 serving,34.0,2.0,crackers 1 serving,14.5,,,,,,,,,,,,,,,,,,,,,,,,,,,,,,
CRACKERWHOLE,Cracker Whole Wheat,grain,prepared,,,,18235,"Crackers, whole-wheat",427.0,10.6,14.1,69.5,10.3,2.9,1.2,1.0,custom (g),100.0,1.0,serving,28.0,6.0,"crackers, Triscuits, regular size",28.0,1.0,cracker,4.6,0.5,oz,14.2,1.0,"cup, crushed",94.0,10.0,Triscuit Bits,10.0,,,,,,,,,,,,,,,,,,
CRANBERRY,Cranberry,fruit,,,,,35030,"Cranberry, low bush or lingenberry, raw (Alaska Native)",55.0,0.4,0.5,12.2,0.0,86.7,0.0,1.0,custom (g),100.0,,,,,,,,,,,,,,,,,,,,,,,,,,,,,,,,,,,,
CRANBERRYDRIED,Cranberry Dried,fruit,,,,,9079,"Cranberries, dried, sweetened",308.0,0.2,1.1,82.8,5.3,15.8,72.6,1.0,custom (g),100.0,0.2,cup,40.0,,,,,,,,,,,,,,,,,,,,,,,,,,,,,,,,,
CRANBERRYJUICE,Cranberry Juice,beverage,,,,,14284,"Beverages, Cranberry juice cocktail",52.0,0.0,0.3,12.2,0.0,87.4,11.4,1.0,custom (g),100.0,1.0,cup,271.0,,,,,,,,,,,,,,,,,,,,,,,,,,,,,,,,,
CRANBERRYSAUCE,Cranberry Sauce,spice,,,,,9081,"Cranberry sauce, canned, sweetened",159.0,0.9,0.1,40.4,1.1,58.5,31.8,1.0,custom (g),100.0,1.0,cup,277.0,1.0,"slice (1/2"" thick, approx 8 slices per can)",57.0,,,,,,,,,,,,,,,,,,,,,,,,,,,,,,
CRAYFISH,Crayfish,protein,,,,,15146,"Crustaceans, crayfish, mixed species, wild, cooked, moist heat",82.0,16.8,1.2,0.0,0.0,79.4,0.0,1.0,custom (g),100.0,3.0,oz,85.0,,,,,,,,,,,,,,,,,,,,,,,,,,,,,,,,,
CREAM,Heavy Whipping Cream,dairy,,,,,1053,"Cream, fluid, heavy whipping",340.0,2.8,36.1,2.7,0.0,57.8,2.9,1.0,custom (g),100.0,1.0,"cup, whipped",120.0,1.0,"cup, fluid (yields 2 cups whipped)",238.0,1.0,tbsp,15.0,1.0,fl oz,29.8,,,,,,,,,,,,,,,,,,,,,,,,
CREAMCHEESE,Cream Cheese,dairy,,,,,1017,"Cheese, cream",350.0,6.2,34.4,5.5,0.0,52.6,3.8,1.0,custom (g),100.0,1.0,tbsp,14.5,1.0,cup,232.0,1.0,"tbsp, whipped",10.0,1.0,oz,28.35,1.0,cubic inch,16.0,1.0,"package, small (3 oz)",85.0,,,,,,,,,,,,,,,,,,
CREAMOFTARTAR,Cream of Tartar,spice,,,,,18373,"Leavening agents, cream of tartar",258.0,0.0,0.0,61.5,0.2,1.7,0.0,1.0,custom (g),100.0,1.0,tsp,3.0,0.5,tsp,1.5,,,,,,,,,,,,,,,,,,,,,,,,,,,,,,
CREAMOFWHEAT,Cream of Wheat,grain,prepared,,,,8103,"Cereals, CREAM OF WHEAT, regular (10 minute), cooked with water, without salt",50.0,1.4,0.2,10.5,0.5,87.6,0.0,1.0,custom (g),100.0,1.0,cup (1 serving),251.0,1.0,tbsp,16.0,,,,,,,,,,,,,,,,,,,,,,,,,,,,,,
CREAMSUBLIQUID,Cream Substitute Liquid,spice,,,,,1205,"Cream substitute, flavored, liquid",251.0,0.7,13.5,35.1,1.1,50.1,33.0,1.0,custom (g),100.0,1.0,tbsp,15.0,,,,,,,,,,,,,,,,,,,,,,,,,,,,,,,,,
CREAMSUBPWDR,Cream Substitute Powdered,spice,,,,,1069,"Cream substitute, powdered",529.0,2.5,32.9,59.3,0.0,3.0,7.8,1.0,custom (g),100.0,1.0,cup,94.0,1.0,tsp,2.0,1.0,packet,3.0,,,,,,,,,,,,,,,,,,,,,,,,,,,
CRESSCOOKED,Cress Cooked,vegetable,,,,,11204,"Cress, garden, cooked, boiled, drained, without salt",23.0,1.9,0.6,3.8,0.7,92.5,3.1,1.0,custom (g),100.0,1.0,cup,135.0,0.5,cup,68.0,,,,,,,,,,,,,,,,,,,,,,,,,,,,,,
CRESSRAW,Cress Raw,vegetable,,,,,11203,"Cress, garden, raw",32.0,2.6,0.7,5.5,1.1,89.4,4.4,1.0,custom (g),100.0,1.0,cup,50.0,1.0,sprig,1.0,,,,,,,,,,,,,,,,,,,,,,,,,,,,,,
CROAKER,Croaker,protein,,,,,15021,"Fish, croaker, Atlantic, cooked, breaded and fried",221.0,18.2,12.7,7.5,0.4,59.8,0.0,1.0,custom (g),100.0,1.0,fillet,87.0,3.0,oz,85.0,,,,,,,,,,,,,,,,,,,,,,,,,,,,,,
CROISSANT,Croissant Butter,prepared,grain,,,,18239,"Croissants, butter",406.0,8.2,21.0,45.8,2.6,23.2,11.3,1.0,custom (g),100.0,1.0,oz,28.35,1.0,"croissant, mini",28.0,1.0,"croissant, small",42.0,1.0,"croissant, medium",57.0,1.0,"croissant, large",67.0,,,,,,,,,,,,,,,,,,,,,
CROISSANTAPPLE,Croissant Apple,prepared,,,,,18240,"Croissants, apple",254.0,7.4,8.7,37.1,2.5,45.6,0.0,1.0,custom (g),100.0,1.0,oz,28.35,1.0,"croissant, medium",57.0,,,,,,,,,,,,,,,,,,,,,,,,,,,,,,
CROISSANTCHEESE,Croissant Cheese,prepared,,,,,18241,"Croissants, cheese",414.0,9.2,20.9,47.0,2.6,21.0,11.3,1.0,custom (g),100.0,1.0,oz,28.35,1.0,"croissant, small",42.0,1.0,"croissant, medium",57.0,1.0,"croissant, large",67.0,,,,,,,,,,,,,,,,,,,,,,,,
CROISSANTPLAIN,Croissant Plain,prepared,,,,,18242,"Croutons, plain",407.0,11.9,6.6,73.5,5.1,5.5,0.0,1.0,custom (g),100.0,0.5,oz,14.2,1.0,cup,30.0,,,,,,,,,,,,,,,,,,,,,,,,,,,,,,
CROOKNECK,Crookneck Cooked,vegetable,,,,,11468,"Squash, summer, crookneck and straightneck, cooked, boiled, drained, without salt",23.0,1.0,0.4,3.8,1.1,94.2,2.5,1.0,custom (g),100.0,1.0,"cup, sliced",180.0,0.5,cup slices,90.0,,,,,,,,,,,,,,,,,,,,,,,,,,,,,,
CROUTON,Crouton Plain,grain,,,,,18242,"Croutons, plain",407.0,11.9,6.6,73.5,5.1,5.5,0.0,1.0,custom (g),100.0,0.5,oz,14.2,1.0,cup,30.0,,,,,,,,,,,,,,,,,,,,,,,,,,,,,,
CROUTONSEASON,Crouton Seasoned,grain,prepared,,,,18243,"Croutons, seasoned",465.0,10.8,18.3,63.5,5.0,3.6,4.4,1.0,custom (g),100.0,0.5,oz,14.2,1.0,cup,40.0,1.0,"package, fast food",10.0,4.0,cubes,1.0,,,,,,,,,,,,,,,,,,,,,,,,
CUCUMBER,Cucumber Peeled Raw,vegetable,fruit,,Botanically a fruit,,11206,"Cucumber, peeled, raw",12.0,0.6,0.2,2.2,0.7,96.7,1.4,1.0,custom (g),100.0,1.0,"cup, pared, chopped",133.0,1.0,"cup, sliced",119.0,1.0,"large (8-1/4"" long)",280.0,1.0,medium,201.0,1.0,slice,7.0,1.0,"small (6-3/8"" long)",158.0,1.0,"stick (4"" long)",9.0,,,,,,,,,,,,,,,
CUCUMBERPEEL,Cucumber with Peel Raw,vegetable,,,,,11205,"Cucumber, with peel, raw",15.0,0.7,0.1,3.6,0.5,95.2,1.7,1.0,custom (g),100.0,0.5,cup slices,52.0,1.0,"cucumber (8-1/4"")",301.0,,,,,,,,,,,,,,,,,,,,,,,,,,,,,,
CUMIN,Cumin,spice,,,,,2014,"Spices, cumin seed",375.0,17.8,22.3,44.2,10.5,8.1,2.2,1.0,custom (g),100.0,1.0,"tsp, whole",2.1,1.0,"tbsp, whole",6.0,,,,,,,,,,,,,,,,,,,,,,,,,,,,,,
CURED,Cured,protein,,,,,10879,"Pork, cured, ham -- water added, whole, boneless, separable lean only, heated, roasted",117.0,18.0,4.4,1.6,0.0,72.6,1.6,1.0,custom (g),100.0,3.0,oz,85.0,1.0,roast whole,1867.0,,,,,,,,,,,,,,,,,,,,,,,,,,,,,,
CURRANT,Currant,fruit,,,,,9083,"Currants, european black, raw",63.0,1.4,0.4,15.4,0.0,82.0,0.0,1.0,custom (g),100.0,1.0,cup,112.0,,,,,,,,,,,,,,,,,,,,,,,,,,,,,,,,,
CURRANTREDWHITE,Currant Red and White,fruit,,,,,9084,"Currants, red and white, raw",56.0,1.4,0.2,13.8,4.3,84.0,7.4,1.0,custom (g),100.0,1.0,cup,112.0,,,,,,,,,,,,,,,,,,,,,,,,,,,,,,,,,
CURRANTSDRIED,Currants Dried,fruit,,,,,9085,"Currants, zante, dried",283.0,4.1,0.3,74.1,6.8,19.2,67.3,1.0,custom (g),100.0,1.0,cup,144.0,,,,,,,,,,,,,,,,,,,,,,,,,,,,,,,,,
CURRY,Curry,spice,,,,,2015,"Spices, curry powder",325.0,14.3,14.0,55.8,53.2,8.8,2.8,1.0,custom (g),100.0,1.0,tsp,2.0,1.0,tbsp,6.3,,,,,,,,,,,,,,,,,,,,,,,,,,,,,,
CUSK,Cusk,protein,,,,,15193,"Fish, cusk, cooked, dry heat",112.0,24.4,0.9,0.0,0.0,69.7,0.0,1.0,custom (g),100.0,1.0,fillet,95.0,3.0,oz,85.0,,,,,,,,,,,,,,,,,,,,,,,,,,,,,,
CUSTARD,Custard,sweets,,,,1,19170,"Egg custards, dry mix, prepared with whole milk",122.0,4.0,4.0,17.6,0.0,73.5,4.8,1.0,custom (g),100.0,0.5,cup,141.0,,,,,,,,,,,,,,,,,,,,,,,,,,,,,,,,,
CUTTLEFISH,Cuttlefish,protein,,,,,15229,"Mollusks, cuttlefish, mixed species, cooked, moist heat",158.0,32.5,1.4,1.6,0.0,61.1,0.0,1.0,custom (g),100.0,3.0,oz,85.0,,,,,,,,,,,,,,,,,,,,,,,,,,,,,,,,,
DAIQUIRI,Daiquiri,beverage,,,,,14010,"Alcoholic beverage, daiquiri, prepared-from-recipe",186.0,0.1,0.1,6.9,0.1,69.7,5.6,1.0,custom (g),100.0,1.0,fl oz,30.2,1.0,cocktail (2 fl oz),60.0,,,,,,,,,,,,,,,,,,,,,,,,,,,,,,
DANDELION,Dandelion Cooked,vegetable,,,,,11208,"Dandelion greens, cooked, boiled, drained, without salt",33.0,2.0,0.6,6.4,2.9,89.8,0.5,1.0,custom (g),100.0,1.0,"cup, chopped",105.0,,,,,,,,,,,,,,,,,,,,,,,,,,,,,,,,,
DANISH,Danish,prepared,,,,,18230,"Crackers, standard snack-type, sandwich, with cheese filling",477.0,9.3,21.1,61.7,1.9,3.9,3.2,1.0,custom (g),100.0,0.5,oz,14.2,1.0,"cracker, sandwich",7.0,,,,,,,,,,,,,,,,,,,,,,,,,,,,,,
DATE,Date,fruit,,,,,9087,"Dates, deglet noor",282.0,2.5,0.4,75.0,8.0,20.5,63.4,1.0,custom (g),100.0,1.0,"cup, chopped",147.0,1.0,"date, pitted",7.1,,,,,,,,,,,,,,,,,,,,,,,,,,,,,,
DATESMEDJOOL,Dates Medjool,fruit,,,,,9421,"Dates, medjool",277.0,1.8,0.1,75.0,6.7,21.3,66.5,1.0,custom (g),100.0,1.0,"date, pitted",24.0,,,,,,,,,,,,,,,,,,,,,,,,,,,,,,,,,
DEER,Deer,protein,,,,,17165,"Game meat, deer, cooked, roasted",158.0,30.2,3.2,0.0,0.0,65.2,0.0,1.0,custom (g),100.0,3.0,oz,85.0,1.0,"piece, cooked (yield from 1 lb raw meat, boneless)",340.0,,,,,,,,,,,,,,,,,,,,,,,,,,,,,,
DEVILFISH,Devilfish,protein,,,,,35034,"Fish, devilfish, meat (Alaska Native)",97.0,11.7,5.3,0.0,0.0,80.8,0.0,1.0,custom (g),100.0,,,,,,,,,,,,,,,,,,,,,,,,,,,,,,,,,,,,
DILL,Dill,spice,,,,,2045,"Dill weed, fresh",43.0,3.5,1.1,7.0,2.1,86.0,0.0,1.0,custom (g),100.0,5.0,sprigs,1.0,1.0,cup sprigs,8.9,,,,,,,,,,,,,,,,,,,,,,,,,,,,,,
DIPQUESO,Dip Queso,prepared,,,,,27052,"Dip, salsa con queso, cheese and salsa- medium",143.0,3.1,9.5,11.1,0.7,73.7,1.9,1.0,custom (g),100.0,2.0,tbsp,30.0,0.5,cup,125.0,,,,,,,,,,,,,,,,,,,,,,,,,,,,,,
DOCK,Dock Cooked,vegetable,,,,,11617,"Dock, cooked, boiled, drained, without salt",20.0,1.8,0.6,2.9,2.6,93.6,0.0,1.0,custom (g),100.0,,,,,,,,,,,,,,,,,,,,,,,,,,,,,,,,,,,,
DOUGHNUTCAKE,Doughnut Cake-type,sweets,grain,,,,18248,"Doughnuts, cake-type, plain (includes unsugared, old-fashioned)",434.0,5.3,24.9,47.1,1.7,20.8,18.1,1.0,custom (g),100.0,1.0,donut,40.0,1.0,oz,28.35,1.0,doughnut stick,52.0,1.0,"doughnut, long type (twist) (4-1/2"" long)",52.0,1.0,"doughnut medium (3-1/4"" dia)",54.0,1.0,"doughnut, mini (1-1/2"" dia) or doughnut hole",14.0,1.0,"doughnut, large (4"" dia)",71.0,,,,,,,,,,,,,,,
DOUGHNUTCAKEGLAZE,Doughnut Cake-type Glazed,sweets,grain,,,1,18250,"Doughnuts, cake-type, plain, sugared or glazed",434.0,5.3,24.9,47.1,1.7,20.8,18.1,1.0,custom (g),100.0,1.0,donut,40.0,1.0,oz,28.35,1.0,doughnut stick,52.0,1.0,"doughnut, long type (twist) (4-1/2"" long)",52.0,1.0,"doughnut medium (3-1/4"" dia)",54.0,1.0,"doughnut, mini (1-1/2"" dia) or doughnut hole",14.0,1.0,"doughnut, large (4"" dia)",71.0,,,,,,,,,,,,,,,
DOUGHNUTYEAST,Doughnut Yeast-type,sweets,grain,,,,18436,"Doughnuts, yeast-leavened, glazed, unenriched (includes honey buns)",403.0,6.4,22.8,44.3,1.2,25.4,0.0,1.0,custom (g),100.0,1.0,oz,28.35,1.0,"doughnut, medium (3-1/4"" dia)",60.0,,,,,,,,,,,,,,,,,,,,,,,,,,,,,,
DRESSINGBLUE,Dressing Blue,spice,,,,,4539,"Salad dressing, blue or roquefort cheese dressing, commercial, regular",484.0,1.4,51.1,4.8,0.4,39.7,3.5,1.0,custom (g),100.0,1.0,tbsp,15.0,1.0,cup,245.0,,,,,,,,,,,,,,,,,,,,,,,,,,,,,,
DRESSINGBUTTERMILK,Dressing Buttermilk,spice,,,,,43215,"Salad dressing, buttermilk, lite",202.0,1.2,12.4,21.3,1.1,62.0,3.8,1.0,custom (g),100.0,1.0,tablespoon,15.0,1.0,serving (2 tbsp),30.0,,,,,,,,,,,,,,,,,,,,,,,,,,,,,,
DRESSINGCAESAR,Dressing Caesar,spice,,,,,43015,"Salad dressing, caesar dressing, regular",542.0,2.2,57.9,3.3,0.5,34.3,2.8,1.0,custom (g),100.0,1.0,tbsp,14.7,1.0,cup,235.0,1.0,serving (2 tbsp),30.0,,,,,,,,,,,,,,,,,,,,,,,,,,,
DRESSINGFRENCH,Dressing French,spice,,,,,4120,"Salad dressing, french dressing, commercial, regular",457.0,0.8,44.8,15.6,0.0,36.6,15.9,1.0,custom (g),100.0,1.0,tbsp,16.0,1.0,cup,250.0,,,,,,,,,,,,,,,,,,,,,,,,,,,,,,
DRESSINGGREENGODDESS,Dressing Green Goddess,spice,,,,,43017,"Salad dressing, green goddess, regular",427.0,1.9,43.3,7.4,0.1,45.0,6.7,1.0,custom (g),100.0,1.0,tbsp,15.0,1.0,cup,245.0,,,,,,,,,,,,,,,,,,,,,,,,,,,,,,
DRESSINGHONEYMUST,Dressing Honey Mustard,spice,,,,,4703,"Salad dressing, honey mustard, regular",464.0,0.9,40.8,23.3,0.4,32.6,15.8,1.0,custom (g),100.0,2.0,tbsp,30.0,,,,,,,,,,,,,,,,,,,,,,,,,,,,,,,,,
DRESSINGITALIAN,Dressing Italian,spice,,,,,4114,"Salad dressing, italian dressing, commercial, regular",240.0,0.4,21.1,12.1,0.0,63.4,10.8,1.0,custom (g),100.0,1.0,tbsp,14.7,1.0,cup,235.0,,,,,,,,,,,,,,,,,,,,,,,,,,,,,,
DRESSINGRANCH,Dressing Ranch,spice,,,,,4639,"Salad dressing, ranch dressing, regular",430.0,1.3,44.5,5.9,0.0,45.7,4.7,1.0,custom (g),100.0,1.0,tablespoon,15.0,1.0,serving,30.0,,,,,,,,,,,,,,,,,,,,,,,,,,,,,,
DRESSINGRUSSIAN,Dressing Tussian,spice,,,,,4015,"Salad dressing, russian dressing",355.0,0.7,26.2,31.9,0.7,38.5,17.7,1.0,custom (g),100.0,1.0,tbsp,15.0,1.0,cup,245.0,1.0,serving (2 tbsp),30.0,,,,,,,,,,,,,,,,,,,,,,,,,,,
DRESSINGSESAME,Dressing Sesame,spice,,,,,4016,"Salad dressing, sesame seed dressing, regular",443.0,3.1,45.2,8.6,1.0,39.2,8.3,1.0,custom (g),100.0,1.0,tablespoon,15.0,1.0,cup,245.0,,,,,,,,,,,,,,,,,,,,,,,,,,,,,,
DRESSINGTHOUSAND,Dressing Thousand,spice,,,,,4017,"Salad dressing, thousand island, commercial, regular",379.0,1.1,35.1,14.6,0.8,46.5,15.2,1.0,custom (g),100.0,1.0,tbsp,16.0,1.0,cup,250.0,1.0,serving (2 tbsp),30.0,,,,,,,,,,,,,,,,,,,,,,,,,,,
DRUM,Drum,protein,,,,,15195,"Fish, drum, freshwater, cooked, dry heat",153.0,22.5,6.3,0.0,0.0,70.9,0.0,1.0,custom (g),100.0,3.0,oz,85.0,1.0,fillet,154.0,,,,,,,,,,,,,,,,,,,,,,,,,,,,,,
DRUMETTE,Drumette,protein,,,,,5103,"Chicken, broilers or fryers, wing, meat and skin, cooked, roasted",254.0,23.8,16.9,0.0,0.0,59.4,0.0,1.0,custom (g),100.0,1.0,piece,85.0,,,,,,,,,,,,,,,,,,,,,,,,,,,,,,,,,
DRUMSTICK,Drumstick Leaves Cooked,vegetable,,,,,11223,"Drumstick leaves, cooked, boiled, drained, without salt",60.0,5.3,0.9,11.2,2.0,81.7,1.0,1.0,custom (g),100.0,1.0,"cup, chopped",42.0,,,,,,,,,,,,,,,,,,,,,,,,,,,,,,,,,
DRYWHITECHEESE,Dry White Cheese,dairy,,,,,1227,"Cheese, dry white, queso seco",325.0,24.5,24.4,2.0,0.0,42.2,0.6,1.0,custom (g),100.0,1.0,cup grated,97.0,,,,,,,,,,,,,,,,,,,,,,,,,,,,,,,,,
DUCK,Duck,protein,,,,,5140,"Duck, domesticated, meat and skin, cooked, roasted",337.0,19.0,28.4,0.0,0.0,51.8,0.0,1.0,custom (g),100.0,1.0,"cup, chopped or diced",140.0,1.0,unit (yield from 1 lb ready-to-cook duck),173.0,0.5,duck,382.0,,,,,,,,,,,,,,,,,,,,,,,,,,,
DUCKEGG,Duck Egg,protein,,,,,1138,"Egg, duck, whole, fresh, raw",185.0,12.8,13.8,1.4,0.0,70.8,0.9,1.0,custom (g),100.0,1.0,egg,70.0,,,,,,,,,,,,,,,,,,,,,,,,,,,,,,,,,
DUCKSAUCE,Duck Sauce,spice,,,,,27046,"Sauce, duck, ready-to-serve",245.0,0.4,0.1,60.6,0.6,37.4,30.5,1.0,custom (g),100.0,2.0,Tbsp,33.0,,,,,,,,,,,,,,,,,,,,,,,,,,,,,,,,,
DUMPLING,Dumpling,prepared,,,,,32025,"Dumpling, potato- or cheese-filled, frozen",195.0,5.3,6.1,29.6,0.9,57.2,1.8,1.0,custom (g),100.0,3.0,pieces pierogies,114.0,,,,,,,,,,,,,,,,,,,,,,,,,,,,,,,,,
DURIAN,Durian,fruit,,,,,9422,"Durian, raw or frozen",147.0,1.5,5.3,27.1,3.8,65.0,0.0,1.0,custom (g),100.0,1.0,"cup, chopped or diced",243.0,1.0,fruit,602.0,,,,,,,,,,,,,,,,,,,,,,,,,,,,,,
DURUM,Durum,grain,,,,,20076,"Wheat, durum",339.0,13.7,2.5,71.1,0.0,10.9,0.0,1.0,custom (g),100.0,1.0,cup,192.0,,,,,,,,,,,,,,,,,,,,,,,,,,,,,,,,,
ECLAIR,Eclair,sweets,,,,,18969,"Cream puff, eclair, custard or cream filled, iced",334.0,4.4,18.5,37.4,0.9,38.6,22.1,1.0,custom (g),100.0,4.0,oz,113.0,,,,,,,,,,,,,,,,,,,,,,,,,,,,,,,,,
EDAM,Edam,dairy,,,,,1018,"Cheese, edam",357.0,25.0,27.8,1.4,0.0,41.6,1.4,1.0,custom (g),100.0,1.0,oz,28.35,1.0,package (7 oz),198.0,,,,,,,,,,,,,,,,,,,,,,,,,,,,,,
EDAMAME,Edamame,legume,,,,,11212,"Edamame, frozen, prepared",121.0,11.9,5.2,8.9,5.2,72.8,2.2,1.0,custom (g),100.0,1.0,cup,155.0,,,,,,,,,,,,,,,,,,,,,,,,,,,,,,,,,
EEL,Eel,protein,,,,,15026,"Fish, eel, mixed species, cooked, dry heat",236.0,23.6,14.9,0.0,0.0,59.3,0.0,1.0,custom (g),100.0,1.0,"oz, boneless",28.35,1.0,oz with bone (yield after bone removed),22.0,1.0,"cubic inch, boneless",17.0,1.0,fillet,159.0,3.0,oz,85.0,,,,,,,,,,,,,,,,,,,,,
EGGBOILED,Egg Boiled,protein,,,,,1129,"Egg, whole, cooked, hard-boiled",155.0,12.6,10.6,1.1,0.0,74.6,1.1,1.0,custom (g),100.0,1.0,"cup, chopped",136.0,1.0,tbsp,8.5,1.0,large,50.0,,,,,,,,,,,,,,,,,,,,,,,,,,,
EGGFRIED,Egg Fried,protein,,,,,1128,"Egg, whole, cooked, fried",196.0,13.6,14.8,0.8,0.0,69.5,0.4,1.0,custom (g),100.0,1.0,large,46.0,,,,,,,,,,,,,,,,,,,,,,,,,,,,,,,,,
EGGNOG,Eggnog,beverage,,,,,1057,Eggnog,88.0,4.5,4.2,8.1,0.0,82.5,8.1,1.0,custom (g),100.0,1.0,cup,254.0,1.0,fl oz,31.8,1.0,quart,1016.0,,,,,,,,,,,,,,,,,,,,,,,,,,,
EGGOMELET,Egg Omelet,protein,,,,,1130,"Egg, whole, cooked, omelet",154.0,10.6,11.7,0.6,0.0,76.1,0.3,1.0,custom (g),100.0,1.0,tbsp,15.0,1.0,large,61.0,,,,,,,,,,,,,,,,,,,,,,,,,,,,,,
EGGPLANT,Eggplant Cooked,vegetable,fruit,,Botanically a berry,,11210,"Eggplant, cooked, boiled, drained, without salt",35.0,0.8,0.2,8.7,2.5,89.7,3.2,1.0,custom (g),100.0,1.0,"cup (1"" cubes)",99.0,,,,,,,,,,,,,,,,,,,,,,,,,,,,,,,,,
EGGPOACHED,Egg Poached,protein,,,,,1131,"Egg, whole, cooked, poached",143.0,12.5,9.5,0.7,0.0,75.8,0.4,1.0,custom (g),100.0,1.0,large,50.0,,,,,,,,,,,,,,,,,,,,,,,,,,,,,,,,,
EGGRAW,Egg Raw,protein,,,,,1123,"Egg, whole, raw, fresh",143.0,12.6,9.5,0.7,0.0,76.2,0.4,1.0,custom (g),100.0,1.0,large,50.0,1.0,extra large,56.0,1.0,jumbo,63.0,,,,1.0,cup (4.86 large eggs),243.0,1.0,medium,44.0,1.0,small,38.0,,,,,,,,,,,,,,,
EGGROLL,Egg Roll,prepared,,,,1,22955,"Egg rolls, vegetable, frozen, prepared",214.0,6.0,7.0,31.8,2.4,53.4,6.0,1.0,custom (g),100.0,1.0,egg roll,68.0,1.0,oz,28.35,,,,,,,,,,,,,,,,,,,,,,,,,,,,,,
EGGROLLCHICKEN,Egg Roll Chicken,prepared,,,,1,22954,"Egg rolls, chicken, refrigerated, heated",197.0,10.4,4.5,28.5,2.4,54.2,5.6,1.0,custom (g),100.0,1.0,roll,80.0,1.0,oz,28.35,,,,,,,,,,,,,,,,,,,,,,,,,,,,,,
EGGROLLPORK,Egg Roll Pork,prepared,,,,1,22953,"Egg rolls, pork, refrigerated, heated",222.0,9.9,7.2,29.5,2.1,51.3,5.3,1.0,custom (g),100.0,1.0,roll,85.0,1.0,oz,28.35,,,,,,,,,,,,,,,,,,,,,,,,,,,,,,
EGGSCRAMBLED,Egg Scrambled,protein,,,,,1132,"Egg, whole, cooked, scrambled",149.0,10.0,11.0,1.6,0.0,76.4,1.4,1.0,custom (g),100.0,1.0,large,61.0,1.0,tbsp,13.7,1.0,cup,220.0,,,,,,,,,,,,,,,,,,,,,,,,,,,
EGGWHITE,Egg White,protein,,,,,1124,"Egg, white, raw, fresh",52.0,10.9,0.2,0.7,0.0,87.6,0.7,1.0,custom (g),100.0,1.0,large,33.0,1.0,cup,243.0,,,,,,,,,,,,,,,,,,,,,,,,,,,,,,
EGGYOLK,Egg Yolk,protein,,,,,1125,"Egg, yolk, raw, fresh",322.0,15.9,26.5,3.6,0.0,52.3,0.6,1.0,custom (g),100.0,1.0,large,17.0,1.0,cup,243.0,,,,,,,,,,,,,,,,,,,,,,,,,,,,,,
ELDERBERRIES,Elderberries,fruit,,,,,9088,"Elderberries, raw",73.0,0.7,0.5,18.4,7.0,79.8,0.0,1.0,custom (g),100.0,1.0,cup,145.0,,,,,,,,,,,,,,,,,,,,,,,,,,,,,,,,,
ELK,Elk,protein,,,,,17167,"Game meat, elk, cooked, roasted",146.0,30.2,1.9,0.0,0.0,66.3,0.0,1.0,custom (g),100.0,3.0,oz,85.0,1.0,"piece, cooked (yield from 1 lb raw meat, boneless)",340.0,,,,,,,,,,,,,,,,,,,,,,,,,,,,,,
EMPANADAS,Empanadas,prepared,,,,,36403,"Restaurant, Latino, empanadas, beef, prepared",335.0,11.3,18.4,31.2,2.0,37.5,1.8,1.0,custom (g),100.0,1.0,piece,89.0,,,,,,,,,,,,,,,,,,,,,,,,,,,,,,,,,
EMU,Emu,protein,prepared,,,,5622,"Emu, ground, cooked, pan-broiled",163.0,28.4,4.7,0.0,0.0,65.8,0.0,1.0,custom (g),100.0,1.0,patty (yield from 135.8 g raw meat),109.0,1.0,serving ( 3 oz ),85.0,,,,,,,,,,,,,,,,,,,,,,,,,,,,,,
ENCHILADACHEESE,Enchiladas Cheese,prepared,,,,1,36050,"Restaurant, Mexican, cheese enchilada",273.0,11.2,18.5,15.4,1.9,52.4,2.6,1.0,custom (g),100.0,1.0,serving serving size varied from 1 to 3 enchiladas,244.0,1.0,enchilada,137.0,2.0,enchilada,257.0,3.0,enchilada,365.0,,,,,,,,,,,,,,,,,,,,,,,,
ENCHILADASAUCE,Enchilada Sauce,spice,,,,,27063,"Sauce, enchilada, red, mild, ready to serve",30.0,0.6,0.9,4.9,0.5,91.8,1.8,1.0,custom (g),100.0,0.25,cup,56.0,1.0,cup,224.0,1.0,can,283.0,,,,,,,,,,,,,,,,,,,,,,,,,,,
ENDIVE,Endive Raw,vegetable,,,,,11213,"Endive, raw",17.0,1.2,0.2,3.4,3.1,93.8,0.2,1.0,custom (g),100.0,0.5,"cup, chopped",25.0,1.0,head,513.0,,,,,,,,,,,,,,,,,,,,,,,,,,,,,,
ENGLISHMUFFIN,English Muffin,grain,prepared,,,1,28320,"English muffins, whole grain white",245.0,7.0,1.8,50.2,3.5,39.5,1.8,1.0,custom (g),100.0,1.0,muffin 1 serving,57.0,,,,,,,,,,,,,,,,,,,,,,,,,,,,,,,,,
ENGLISHMUFFINWT,English Muffin (Wheat),grain,prepared,,,1,18264,"English muffins, wheat",223.0,8.7,2.0,44.8,4.6,42.3,1.6,1.0,custom (g),100.0,1.0,muffin 1 serving,57.0,,,,,,,,,,,,,,,,,,,,,,,,,,,,,,,,,
ENOKI,Enoki Raw,vegetable,,,,,11950,"Mushrooms, enoki, raw",37.0,2.7,0.3,7.8,2.7,88.3,0.2,1.0,custom (g),100.0,1.0,large,5.0,1.0,medium,3.0,1.0,cup whole,64.0,1.0,cup sliced,65.0,,,,,,,,,,,,,,,,,,,,,,,,
EPAZOTE,Epazote,spice,,,,,11984,"Epazote, raw",32.0,0.3,0.5,7.4,3.8,89.2,0.0,1.0,custom (g),100.0,1.0,tbsp,0.8,1.0,sprig,2.0,,,,,,,,,,,,,,,,,,,,,,,,,,,,,,
EPPAW,Eppaw Raw,vegetable,,,,,11618,"Eppaw, raw",150.0,4.6,1.8,31.7,0.0,60.0,0.0,1.0,custom (g),100.0,1.0,cup,100.0,,,,,,,,,,,,,,,,,,,,,,,,,,,,,,,,,
ESCAROLE,Escarole Cooked,vegetable,,,,,11214,"Escarole, cooked, boiled, drained, no salt added",19.0,1.1,0.2,3.1,2.8,94.3,0.2,1.0,custom (g),100.0,1.0,cup,150.0,,,,,,,,,,,,,,,,,,,,,,,,,,,,,,,,,
EVAPORATEDMILK,Evaporated Milk,dairy,,,,,1096,"Milk, canned, evaporated, with added vitamin D and without added vitamin A",134.0,6.8,7.6,10.0,0.0,74.0,10.0,1.0,custom (g),100.0,1.0,fl oz,31.5,1.0,cup,252.0,1.0,can (13 oz),369.0,0.5,cup,126.0,,,,,,,,,,,,,,,,,,,,,,,,
FALAFEL,Falafel,prepared,,,,1,16138,"Falafel, home-prepared",333.0,13.3,17.8,31.8,0.0,34.6,0.0,1.0,custom (g),100.0,1.0,"patty (approx 2-1/4"" dia)",17.0,,,,,,,,,,,,,,,,,,,,,,,,,,,,,,,,,
FARINA,Farina,grain,,,,,8113,"Cereals, farina, enriched, cooked with water, without salt",53.0,1.8,0.3,10.9,0.8,86.5,0.8,1.0,custom (g),100.0,1.0,cup,240.0,1.0,tbsp,15.0,,,,,,,,,,,,,,,,,,,,,,,,,,,,,,
FAVABEAN,Fava Bean,legume,,,,,16053,"Broadbeans (fava beans), mature seeds, cooked, boiled, without salt",110.0,7.6,0.4,19.6,5.4,71.5,1.8,1.0,custom (g),100.0,1.0,cup,170.0,,,,,,,,,,,,,,,,,,,,,,,,,,,,,,,,,
FEIJOA,Feijoa,fruit,,,,,9334,"Feijoa, raw",61.0,0.7,0.4,15.2,6.4,83.3,8.2,1.0,custom (g),100.0,1.0,"cup, pureed",243.0,1.0,fruit without peel,42.0,1.0,"cup 1/2"" chunks",205.0,,,,,,,,,,,,,,,,,,,,,,,,,,,
FENGUGREEK,Fenugreek,nuts,,,,,2019,"Spices, fenugreek seed",323.0,23.0,6.4,58.4,24.6,8.8,0.0,1.0,custom (g),100.0,1.0,tsp,3.7,1.0,tbsp,11.1,,,,,,,,,,,,,,,,,,,,,,,,,,,,,,
FENNEL,Fennel Raw,vegetable,,,,,11957,"Fennel, bulb, raw",31.0,1.2,0.2,7.3,3.1,90.2,3.9,1.0,custom (g),100.0,1.0,"cup, sliced",87.0,1.0,bulb,234.0,,,,,,,,,,,,,,,,,,,,,,,,,,,,,,
FETA,Feta,dairy,,,,,1019,"Cheese, feta",264.0,14.2,21.3,4.1,0.0,55.2,4.1,1.0,custom (g),100.0,1.0,"cup, crumbled",150.0,1.0,oz,28.35,1.0,cubic inch,17.0,1.0,wedge (1.33 oz),38.0,,,,,,,,,,,,,,,,,,,,,,,,
FIG,Fig,fruit,,,,,9094,"Figs, dried, uncooked",249.0,3.3,0.9,63.9,9.8,30.1,47.9,1.0,custom (g),100.0,1.0,cup,149.0,1.0,fig,8.4,,,,,,,,,,,,,,,,,,,,,,,,,,,,,,
FILBERT,Filbert,nuts,,,,,12120,"Nuts, hazelnuts or filberts",628.0,14.9,60.8,16.7,9.7,5.3,4.3,1.0,custom (g),100.0,1.0,"cup, chopped",115.0,1.0,"cup, ground",75.0,1.0,"cup, whole",135.0,1.0,oz (21 whole kernels),28.35,10.0,nuts,14.0,,,,,,,,,,,,,,,,,,,,,
FILETMIGNON,Filet Mignon,protein,,,,,23600,"Beef, tenderloin, steak, separable lean only, trimmed to 1/8"" fat, all grades, cooked, broiled",200.0,29.0,8.4,0.0,0.0,62.9,0.0,1.0,custom (g),100.0,1.0,oz,28.35,1.0,lb,453.6,,,,,,,,,,,,,,,,,,,,,,,,,,,,,,
FIREWEED,Fireweed Raw,vegetable,,,,,11985,"Fireweed, leaves, raw",103.0,4.7,2.8,19.2,10.6,70.8,0.0,1.0,custom (g),100.0,1.0,"cup, chopped",23.0,1.0,plant,22.0,,,,,,,,,,,,,,,,,,,,,,,,,,,,,,
FISHBROTH,Fish Broth,prepared,,,,,6963,Fish broth,16.0,2.0,0.6,0.4,0.0,96.0,0.1,1.0,custom (g),100.0,1.0,cup,244.0,1.0,fl oz,30.5,,,,,,,,,,,,,,,,,,,,,,,,,,,,,,
FISHFRIED,Fish Batter and Fried,protein,prepared,,,,36033,"Restaurant, family style, fish fillet, battered or breaded, fried",219.0,13.5,10.8,16.9,0.9,56.7,0.5,1.0,custom (g),100.0,1.0,serving,226.0,,,,,,,,,,,,,,,,,,,,,,,,,,,,,,,,,
FISHSAUCE,Fish Sauce,spice,,,,,6179,"Sauce, fish, ready-to-serve",35.0,5.1,0.0,3.6,0.0,71.1,3.6,1.0,custom (g),100.0,1.0,tbsp,18.0,,,,,,,,,,,,,,,,,,,,,,,,,,,,,,,,,
FISHSTICK,Fish Stick,protein,,,,,15027,"Fish, fish sticks, frozen, prepared",277.0,11.0,16.2,21.7,1.5,49.5,1.6,1.0,custom (g),100.0,1.0,"piece (4"" x 2"" x 1/2"")",57.0,1.0,"stick (4"" x 1"" x 1/2"")",28.0,,,,,,,,,,,,,,,,,,,,,,,,,,,,,,
FLAN,Flan,sweets,,,,,19232,"Flan, caramel custard, dry mix, prepared with whole milk",113.0,3.0,3.0,18.7,0.0,74.6,0.0,1.0,custom (g),100.0,,,,,,,,,,,,,,,,,,,,,,,,,,,,,,,,,,,,
FLATFISHRAW,Flatfish,protein,,,,,15028,"Fish, flatfish (flounder and sole species), cooked, dry heat",86.0,15.2,2.4,0.0,0.0,81.1,0.0,1.0,custom (g),100.0,1.0,fillet,127.0,3.0,oz,85.0,,,,,,,,,,,,,,,,,,,,,,,,,,,,,,
FLAXSEED,Flaxseed,nuts,,,,,12220,"Seeds, flaxseed",534.0,18.3,42.2,28.9,27.3,7.0,1.6,1.0,custom (g),100.0,1.0,"tbsp, whole",10.3,1.0,"cup, whole",168.0,1.0,"tbsp, ground",7.0,1.0,"tsp, whole",3.4,1.0,"tsp, ground",2.5,,,,,,,,,,,,,,,,,,,,,
FLAXSEEDOIL,Flaxseed Oil,fats,,,,,42231,"Oil, flaxseed, cold pressed",884.0,0.1,100.0,0.0,0.0,0.1,0.0,1.0,custom (g),100.0,1.0,tbsp,13.6,1.0,cup,218.0,,,,,,,,,,,,,,,,,,,,,,,,,,,,,,
FLOUNDER,Flounder,protein,,,,,15029,"Fish, flatfish (flounder and sole species), cooked, dry heat",86.0,15.2,2.4,0.0,0.0,81.1,0.0,1.0,custom (g),100.0,1.0,fillet,127.0,3.0,oz,85.0,,,,,,,,,,,,,,,,,,,,,,,,,,,,,,
FLOURAPENRICHED,Flour AP Enriched,grain,,,,,20581,"Wheat flour, white, all-purpose, enriched",364.0,10.3,1.0,76.3,2.7,11.9,0.3,1.0,custom (g),100.0,1.0,cup,125.0,,,,,,,,,,,,,,,,,,,,,,,,,,,,,,,,,
FLOURBARLEY,Flour Barley,grain,,,,,20130,Barley flour or meal,345.0,10.5,1.6,74.5,10.1,12.1,0.8,1.0,custom (g),100.0,1.0,cup,148.0,,,,,,,,,,,,,,,,,,,,,,,,,,,,,,,,,
FLOURCAKE,Flour Cake,grain,,,,,20084,"Wheat flour, white, cake, enriched",362.0,8.2,0.9,78.0,1.7,12.5,0.3,1.0,custom (g),100.0,1.0,"cup unsifted, dipped",137.0,,,,,,,,,,,,,,,,,,,,,,,,,,,,,,,,,
FOCACCIA,Focaccia,prepared,,,,,18973,"Focaccia, Italian flatbread, plain",249.0,8.8,7.9,35.8,1.8,45.9,1.8,1.0,custom (g),100.0,1.0,piece,57.0,,,,,,,,,,,,,,,,,,,,,,,,,,,,,,,,,
FOIEGRAS,Foiegras,protein,,,,,5282,"Pate de foie gras, canned (goose liver pate), smoked",462.0,11.4,43.8,4.7,0.0,37.0,0.0,1.0,custom (g),100.0,1.0,tbsp,13.0,1.0,oz,28.35,,,,,,,,,,,,,,,,,,,,,,,,,,,,,,
FONTINA,Fontina,dairy,,,,,1020,"Cheese, fontina",389.0,25.6,31.1,1.6,0.0,37.9,1.6,1.0,custom (g),100.0,1.0,"cup, diced",132.0,1.0,"cup, shredded",108.0,1.0,oz,28.35,1.0,cubic inch,15.0,1.0,slice (1 oz),28.0,1.0,package (8 oz),227.0,,,,,,,,,,,,,,,,,,
FORTUNECOOKIE,Fortune Cookie,prepared,,,,,18171,"Cookies, fortune",378.0,4.2,2.7,84.0,1.6,8.0,45.4,1.0,custom (g),100.0,1.0,oz,28.35,1.0,cookie,8.0,,,,,,,,,,,,,,,,,,,,,,,,,,,,,,
FRANKFURTER,Frankfurter,protein,,,,,7945,"Frankfurter, beef, heated",322.0,11.7,29.4,2.7,0.0,53.5,1.3,1.0,custom (g),100.0,1.0,frankfurter,48.0,1.0,package,451.0,,,,,,,,,,,,,,,,,,,,,,,,,,,,,,
FRANKFURTERRAW,"Frankfurter, beef (uncooked)",protein,,,,,7022,"Frankfurter, beef, unheated",315.0,11.69,28.1,2.97,0.0,54.47,1.17,1.0,custom (g),100.0,1.0,frankfurter,48.0,1.0,package,451.0,,,,,,,,,,,,,,,,,,,,,,,,,,,,,,
SPORTPEPPERS,Pickled hot peppers,vegetables,,,,,31034,"Peppers, hot pickled, canned",22.0,0.8,0.4,4.56,2.6,90.2,1.6,1.0,custom (g),100.0,1.0,pepper,6.0,,,,,,,,,,,,,,,,,,,,,,,,,,,,,,,,,
FRENCHBEAN,French Bean,legume,,,,,16023,"Beans, french, mature seeds, cooked, boiled, without salt",129.0,7.0,0.8,24.0,9.4,66.6,0.0,1.0,custom (g),100.0,1.0,cup,177.0,,,,,,,,,,,,,,,,,,,,,,,,,,,,,,,,,
FRENCHBREAD,Breads French Bread,prepared,,,,,18029,"Bread, french or vienna (includes sourdough)",272.0,10.8,2.4,51.9,2.2,33.0,4.6,1.0,custom (g),100.0,1.0,oz,28.35,1.0,slice,139.0,,,,,,,,,,,,,,,,,,,,,,,,,,,,,,
FRENCHTOAST,French Toast,prepared,,,,1,18269,"French toast, prepared from recipe, made with low fat (2%) milk",229.0,7.7,10.8,25.0,0.0,54.7,0.0,1.0,custom (g),100.0,1.0,oz,28.35,1.0,slice,65.0,,,,,,,,,,,,,,,,,,,,,,,,,,,,,,
FROG,Frog,protein,,,,,80200,"Frog legs, raw",73.0,16.4,0.3,0.0,0.0,81.9,0.0,1.0,custom (g),100.0,1.0,leg,45.0,,,,,,,,,,,,,,,,,,,,,,,,,,,,,,,,,
FROSTING,Chocolate Glaze with Butter,sweets,,,,1,19409,"Frostings, glaze, chocolate, prepared-from-recipe, with butter, NFSMI Recipe No. C-32",359.0,1.42,7.17,72.18,1.1,18.27,64.3,1.0,custom (g),100.0,2.0,tablespoon,33.0,,,,,,,,,,,,,,,,,,,,,,,,,,,,,,,,,
FROSTINGCHOC,Frosting Choc,sweets,,,,,19226,"Frostings, chocolate, creamy, ready-to-eat",397.0,1.1,17.6,63.2,0.9,17.0,57.7,1.0,custom (g),100.0,2.0,tbsp creamy,41.0,,,,,,,,,,,,,,,,,,,,,,,,,,,,,,,,,
FROSTINGCOCONUT,Frosting Coconut,sweets,,,,,19227,"Frostings, coconut-nut, ready-to-eat",433.0,1.5,24.0,52.7,2.5,21.0,40.0,1.0,custom (g),100.0,0.08,package,38.0,2.0,tbsp,35.0,1.0,package (16 oz),462.0,,,,,,,,,,,,,,,,,,,,,,,,,,,
FROSTINGCREAM,Frosting Cream Cheese,sweets,,,,,19228,"Frostings, cream cheese-flavor, ready-to-eat",415.0,0.1,17.3,67.3,0.0,15.1,63.5,1.0,custom (g),100.0,2.0,tbsp creamy,33.0,2.0,tbsp whipped,24.0,,,,,,,,,,,,,,,,,,,,,,,,,,,,,,
FROSTINGGLAZE,Frosting Glaze,sweets,,,,,19375,"Frostings, glaze, prepared-from-recipe",341.0,0.4,0.5,83.7,0.0,15.3,80.4,1.0,custom (g),100.0,1.0,recipe yield,327.0,,,,,,,,,,,,,,,,,,,,,,,,,,,,,,,,,
FROSTINGVANILLA,Frosting Vanilla,sweets,,,,,19230,"Frostings, vanilla, creamy, ready-to-eat",418.0,0.0,16.2,67.9,0.0,15.1,63.1,1.0,custom (g),100.0,0.08,package,38.0,2.0,tbsp creamy,33.0,1.0,package (16 oz),462.0,,,,,,,,,,,,,,,,,,,,,,,,,,,
FRUCTOSELIQ,Sweetener Fructose Liquid,spice,,,,,44018,"Sweeteners, tabletop, fructose, liquid",279.0,0.0,0.0,76.1,0.1,23.9,76.0,1.0,custom (g),100.0,1.0,serving,0.1,,,,,,,,,,,,,,,,,,,,,,,,,,,,,,,,,
FRUCTOSEPWDR,Sweetener Fructose Powder,spice,,,,,43216,"Sweeteners, tabletop, fructose, dry, powder",368.0,0.0,0.0,100.0,0.0,0.0,92.7,1.0,custom (g),100.0,1.0,cup,196.0,1.0,tsp,4.2,1.0,individual packet,3.0,,,,,,,,,,,,,,,,,,,,,,,,,,,
FRUITCOCKTAIL,Fruit Cocktail,fruit,,,,,9097,"Fruit cocktail, (peach and pineapple and pear and grape and cherry), canned, juice pack, solids and liquids",46.0,0.5,0.0,11.9,1.0,87.4,10.9,1.0,custom (g),100.0,1.0,cup,237.0,,,,,,,,,,,,,,,,,,,,,,,,,,,,,,,,,
FRYBREAD,Breads Fry Bread,prepared,grain,,,,35142,"Frybread, made with lard (Navajo)",330.0,6.7,12.2,48.3,0.0,31.6,2.0,1.0,custom (g),100.0,1.0,piece,152.0,,,,,,,,,,,,,,,,,,,,,,,,,,,,,,,,,
FRYERS,Fryers,protein,,,,,5045,"Chicken, broilers or fryers, dark meat, meat only, cooked, roasted",205.0,27.4,9.7,0.0,0.0,63.1,0.0,1.0,custom (g),100.0,1.0,"cup, chopped or diced",140.0,1.0,unit (yield from 1 lb ready-to-cook chicken),81.0,0.5,"chicken, bone and skin removed",136.0,,,,,,,,,,,,,,,,,,,,,,,,,,,
FUDGE,Candies Fudge,sweets,,,,,19100,"Candies, fudge, chocolate, prepared-from-recipe",411.0,2.4,10.4,76.4,1.7,9.8,73.1,1.0,custom (g),100.0,1.0,piece,17.0,,,,,,,,,,,,,,,,,,,,,,,,,,,,,,,,,
GARLIC,Garlic Raw,vegetable,spice,,A bulb vegetable,,11215,"Garlic, raw",149.0,6.4,0.5,33.1,2.1,58.6,1.0,1.0,custom (g),100.0,1.0,cup,136.0,1.0,tsp,2.8,1.0,clove,3.0,3.0,cloves,9.0,,,,,,,,,,,,,,,,,,,,,,,,
GARLICBREAD,Breads Garlic Bread,prepared,grain,,,,18963,"Garlic bread, frozen",350.0,8.4,16.6,41.7,2.5,31.8,3.7,1.0,custom (g),100.0,1.0,slice presliced,43.0,1.0,slice,59.0,,,,,,,,,,,,,,,,,,,,,,,,,,,,,,
GEFILTEFISH,Gefilte Fish,protein,,,,,15030,"Fish, gefiltefish, commercial, sweet recipe",84.0,9.1,1.7,7.4,0.0,80.3,0.0,1.0,custom (g),100.0,1.0,piece,42.0,,,,,,,,,,,,,,,,,,,,,,,,,,,,,,,,,
GELATIN,Gelatin Dry Powder,sweets,,,,,19177,"Gelatins, dry powder, unsweetened",335.0,85.6,0.1,0.0,0.0,13.0,0.0,1.0,custom (g),100.0,1.0,envelope (1 tbsp),7.0,1.0,package (1 oz),28.0,,,,,,,,,,,,,,,,,,,,,,,,,,,,,,
GHEE,Ghee,dairy,fats,,Clarified butter,,1003,"Butter oil, anhydrous",876.0,0.3,99.5,0.0,0.0,0.2,0.0,1.0,custom (g),100.0,1.0,tbsp,12.8,1.0,cup,205.0,,,,,,,,,,,,,,,,,,,,,,,,,,,,,,
GIBLETS,Giblets,protein,,,,,5021,"Chicken, broilers or fryers, giblets, cooked, fried",277.0,32.5,13.5,4.3,0.0,47.9,0.0,1.0,custom (g),100.0,1.0,"cup, chopped or diced",145.0,1.0,unit (yield from 1 lb ready-to-cook chicken),13.0,,,,,,,,,,,,,,,,,,,,,,,,,,,,,,
GINGER,Ginger Root Raw,vegetable,spice,,A root vegetable,,11216,"Ginger root, raw",80.0,1.8,0.8,17.8,2.0,78.9,1.7,1.0,custom (g),100.0,1.0,tsp,2.0,0.25,"cup slices (1"" dia)",24.0,5.0,"slices (1"" dia)",11.0,,,,,,,,,,,,,,,,,,,,,,,,,,,
GINGERGROUND,Ginger Ground,spice,,,,,2021,"Spices, ginger, ground",335.0,9.0,4.2,71.6,14.1,9.9,3.4,1.0,custom (g),100.0,1.0,tsp,1.8,1.0,tbsp,5.2,,,,,,,,,,,,,,,,,,,,,,,,,,,,,,
GINKGO,Ginkgo,nuts,,,,,12127,"Nuts, ginkgo nuts, raw",182.0,4.3,1.7,37.6,0.0,55.2,0.0,1.0,custom (g),100.0,1.0,oz,28.35,,,,,,,,,,,,,,,,,,,,,,,,,,,,,,,,,
GJETOST,Gjetost,dairy,,,,,1021,"Cheese, gjetost",466.0,9.7,29.5,42.6,0.0,13.4,0.0,1.0,custom (g),100.0,1.0,oz,28.35,1.0,package (8 oz),227.0,,,,,,,,,,,,,,,,,,,,,,,,,,,,,,
GOAT,Goat,protein,,,,,17169,"Game meat, goat, cooked, roasted",143.0,27.1,3.0,0.0,0.0,68.2,0.0,1.0,custom (g),100.0,3.0,oz,85.0,1.0,"piece, cooked (yield from 1 lb raw meat, boneless)",340.0,,,,,,,,,,,,,,,,,,,,,,,,,,,,,,
GOATCHEESE,Goat Cheese,dairy,,,,,1159,"Cheese, goat, soft type",264.0,18.5,21.1,0.0,0.0,60.8,0.0,1.0,custom (g),100.0,1.0,oz,28.35,,,,,,,,,,,,,,,,,,,,,,,,,,,,,,,,,
GOATMILK,Goat Milk,dairy,beverage,,,,1106,"Milk, goat, fluid, with added vitamin D",69.0,3.6,4.1,4.5,0.0,87.0,4.5,1.0,custom (g),100.0,1.0,fl oz,30.5,1.0,cup,244.0,1.0,quart,976.0,,,,,,,,,,,,,,,,,,,,,,,,,,,
GOJI,Goji,fruit,,,,,9110,"Goji berries, dried",349.0,14.3,0.4,77.1,13.0,7.5,45.6,1.0,custom (g),100.0,5.0,tbsp,28.0,,,,,,,,,,,,,,,,,,,,,,,,,,,,,,,,,
GOOSE,Goose,protein,,,,,5149,"Goose, domesticated, meat only, cooked, roasted",238.0,29.0,12.7,0.0,0.0,57.2,0.0,1.0,custom (g),100.0,1.0,unit (yield from 1 lb ready-to-cook goose),143.0,0.5,goose,591.0,,,,,,,,,,,,,,,,,,,,,,,,,,,,,,
GOOSEBERRIES,Gooseberries,fruit,,,,,9107,"Gooseberries, raw",44.0,0.9,0.6,10.2,4.3,87.9,0.0,1.0,custom (g),100.0,1.0,cup,150.0,,,,,,,,,,,,,,,,,,,,,,,,,,,,,,,,,
GOOSEEGG,Goose Egg,protein,,,,,1139,"Egg, goose, whole, fresh, raw",185.0,13.9,13.3,1.4,0.0,70.4,0.9,1.0,custom (g),100.0,1.0,egg,144.0,,,,,,,,,,,,,,,,,,,,,,,,,,,,,,,,,
GOOSELIVER,Goose Liver,protein,,,,,7054,"Pate, goose liver, smoked, canned",462.0,11.4,43.8,4.7,0.0,37.0,0.0,1.0,custom (g),100.0,1.0,tbsp,13.0,1.0,oz,28.35,,,,,,,,,,,,,,,,,,,,,,,,,,,,,,
GOUDA,Gouda,dairy,,,,,1022,"Cheese, gouda",356.0,24.9,27.4,2.2,0.0,41.5,2.2,1.0,custom (g),100.0,1.0,oz,28.35,1.0,package (7 oz),198.0,,,,,,,,,,,,,,,,,,,,,,,,,,,,,,
GOURD,Gourd Cooked,vegetable,,,,,11023,"Balsam-pear (bitter gourd), leafy tips, cooked, boiled, drained, without salt",34.0,3.6,0.2,6.7,1.9,88.7,1.0,1.0,custom (g),100.0,1.0,cup,58.0,,,,,,,,,,,,,,,,,,,,,,,,,,,,,,,,,
GRAHAM,Graham,prepared,,,,,18173,"Cookies, graham crackers, plain or honey (includes cinnamon)",430.0,6.7,10.6,77.7,3.4,3.4,24.9,1.0,custom (g),100.0,1.0,oz,28.35,1.0,cracker,15.0,1.0,"cup, crushed",84.0,1.0,large rectangular piece or 2 squares or 4 small re,14.0,,,,,,,,,,,,,,,,,,,,,,,,
GRANOLA,Granola,prepared,,,,,8037,"Cereals ready-to-eat, granola, homemade",489.0,13.7,24.3,53.9,8.9,5.8,0.0,1.0,custom (g),100.0,1.0,cup,122.0,1.0,oz,28.35,,,,,,,,,,,,,,,,,,,,,,,,,,,,,,
GRANOLABARPB,Granola Bar Peanut Butter,prepared,,,,,19021,"Snacks, granola bars, soft, uncoated, peanut butter",426.0,10.5,15.8,64.4,4.3,7.3,0.0,1.0,custom (g),100.0,1.0,bar (1 oz),28.0,,,,,,,,,,,,,,,,,,,,,,,,,,,,,,,,,
GRANOLABARSCHOCCHIP,Granola Bars Choc Chip,prepared,,,,,19404,"Snacks, granola bars, soft, uncoated, chocolate chip",418.0,5.7,16.6,70.2,3.8,6.5,28.9,1.0,custom (g),100.0,1.0,bar (1.5 oz),43.0,1.0,bar (1 oz),28.0,,,,,,,,,,,,,,,,,,,,,,,,,,,,,,
GRANOLABARSPLAIN,Granola Bars Plain,prepared,,,,,19020,"Snacks, granola bars, soft, uncoated, plain",443.0,7.4,17.2,67.3,4.6,6.4,0.0,1.0,custom (g),100.0,1.0,bar (1 oz),28.0,,,,,,,,,,,,,,,,,,,,,,,,,,,,,,,,,
GRANOLABARSRAISIN,Granola Bars Raisin,prepared,,,,,19022,"Snacks, granola bars, soft, uncoated, raisin",448.0,7.6,17.8,66.4,4.2,6.4,0.0,1.0,custom (g),100.0,1.0,bar (1.5 oz),43.0,1.0,bar (1 oz),28.0,,,,,,,,,,,,,,,,,,,,,,,,,,,,,,
GRAPE,Grape,fruit,,,,,9132,"Grapes, red or green (European type, such as Thompson seedless), raw",69.0,0.7,0.2,18.1,0.9,80.5,15.5,1.0,custom (g),100.0,1.0,cup,151.0,10.0,grapes,49.0,1.0,NLEA serving,126.0,,,,,,,,,,,,,,,,,,,,,,,,,,,
GRAPEFRUIT,Grapefruit,fruit,,,,,9116,"Grapefruit, raw, white, all areas",33.0,0.7,0.1,8.4,1.1,90.5,7.3,1.0,custom (g),100.0,1.0,"cup sections, with juice",230.0,0.5,"fruit (3-3/4"" dia)",118.0,,,,,,,,,,,,,,,,,,,,,,,,,,,,,,
GRAPEFRUITJUICE,Grapefruit Juice,beverage,,,,,9123,"Grapefruit juice, white, canned or bottled, unsweetened",34.0,0.6,0.1,7.9,0.8,91.2,7.2,1.0,custom (g),100.0,1.0,cup,247.0,1.0,fl oz,30.9,,,,,,,,,,,,,,,,,,,,,,,,,,,,,,
GRAPEJUICE,Grape Juice,beverage,,,,,9135,"Grape juice, canned or bottled, unsweetened, without added ascorbic acid",60.0,0.4,0.1,14.8,0.2,84.5,14.2,1.0,custom (g),100.0,1.0,cup,253.0,1.0,fl oz,31.6,,,,,,,,,,,,,,,,,,,,,,,,,,,,,,
GRAPELEAVE,Grape Leave Raw,vegetable,,,,,11974,"Grape leaves, raw",93.0,5.6,2.1,17.3,11.0,73.3,6.3,1.0,custom (g),100.0,1.0,cup,14.0,1.0,leaf,3.0,,,,,,,,,,,,,,,,,,,,,,,,,,,,,,
GRAPESEEDOIL,Grapeseed Oil,fats,,,,,4517,"Oil, grapeseed",884.0,0.0,100.0,0.0,0.0,0.0,0.0,1.0,custom (g),100.0,1.0,tablespoon,13.6,1.0,cup,218.0,1.0,tsp,4.5,,,,,,,,,,,,,,,,,,,,,,,,,,,
GRAVY,Gravy,prepared,,,,,6318,"Gravy, CAMPBELL'S, country style cream",76.0,1.7,5.1,5.1,0.0,86.8,0.0,1.0,custom (g),100.0,0.25,cup,59.0,,,,,,,,,,,,,,,,,,,,,,,,,,,,,,,,,
HOLLANDAISESAUCE,Hollandaise Sauce,prepared,,,,1,,"Hollandaise sauce, prepared from recipe",529.0,5.3,56.65,1.8,0.03,34.45,0.46,1.0,custom (g),100.0,1.0,tablespoon,14.9,,,,,,,,,,,,,,,,,,,,,,,,,,,,,,,,,
PIECRUSTRAW,Pie Crust (Unbaked),sweets,,,,1,18402,"Pie crust, standard-type, prepared from recipe, unbaked",469.0,5.7,30.8,42.3,3.4,19.7,0.15,1.0,custom (g),100.0,1.0,"piece (1/8 of 9"" crust)",27.0,1.0,"crust, single 9""",214.0,,,,,,,,,,,,,,,,,,,,,,,,,,,,,,
PIEDOUBLECRUST,Pie Crust Double (Baked),sweets,,,,1,,"Pie crust, double, prepared from recipe, baked",527.16,6.6,34.43,47.86,1.69,9.45,0.18,1.0,custom (g),100.0,1.0,"crust, double 9""",498.0,,,,,,,,,,,,,,,,,,,,,,,,,,,,,,,,,
PIEDOUBLECRUSTRAW,Pie Crust Double (Unbaked),sweets,,,,1,,"Pie crust, double, prepared from recipe, unbaked",469.5,5.88,30.66,42.62,1.51,19.49,0.16,1.0,custom (g),100.0,1.0,"crust, double 9""",428.0,,,,,,,,,,,,,,,,,,,,,,,,,,,,,,,,,
PIESINGLECRUST,Pie Crust Single (Baked),sweets,,,,1,18336,"Pie crust, standard-type, prepared from recipe, baked",527.0,6.4,34.6,47.5,1.7,9.8,0.17,1.0,custom (g),100.0,1.0,"piece (1/8 of 9"" crust)",23.0,1.0,"crust, single 9""",180.0,,,,,,,,,,,,,,,,,,,,,,,,,,,,,,
SAUSAGEGRAVY,Sausage Gravy,prepared,,,,1,,"Sausage gravy, prepared from recipe",175.53,8.78,11.84,6.63,0.28,71.03,3.74,1.0,custom (g),100.0,1.0,serving,115.15,,,,,,,,,,,,,,,,,,,,,,,,,,,,,,,,,
GREENBEAN,Green Bean,legume,,,,,16023,"Beans, french, mature seeds, cooked, boiled, without salt",129.0,7.0,0.8,24.0,9.4,66.6,0.0,1.0,custom (g),100.0,1.0,cup,177.0,,,,,,,,,,,,,,,,,,,,,,,,,,,,,,,,,
GRITS,Grits,grain,,,,,8161,"Cereals, corn grits, white, regular and quick, enriched, cooked with water, with salt",71.0,1.7,0.5,14.8,0.8,82.9,0.1,1.0,custom (g),100.0,1.0,cup,257.0,1.0,tablespoon,16.0,,,,,,,,,,,,,,,,,,,,,,,,,,,,,,
GROUPER,Grouper,protein,,,,,15032,"Fish, grouper, mixed species, cooked, dry heat",118.0,24.8,1.3,0.0,0.0,73.4,0.0,1.0,custom (g),100.0,3.0,oz,85.0,1.0,fillet,202.0,,,,,,,,,,,,,,,,,,,,,,,,,,,,,,
GRUYERE,Gruyere,dairy,,,,,1023,"Cheese, gruyere",413.0,29.8,32.3,0.4,0.0,33.2,0.4,1.0,custom (g),100.0,1.0,oz,28.35,1.0,slice (1 oz),28.0,1.0,cubic inch,15.0,1.0,"cup, diced",132.0,1.0,"cup, shredded",108.0,1.0,package (6 oz),170.0,,,,,,,,,,,,,,,,,,
GUANABANA,Guanabana,fruit,,,,,9434,"Guanabana nectar, canned",59.0,0.1,0.2,14.9,0.1,84.7,13.1,1.0,custom (g),100.0,1.0,cup,251.0,,,,,,,,,,,,,,,,,,,,,,,,,,,,,,,,,
GUAVA,Guava,fruit,,,,,9143,"Guava sauce, cooked",36.0,0.3,0.1,9.5,3.6,89.6,5.9,1.0,custom (g),100.0,1.0,cup,238.0,,,,,,,,,,,,,,,,,,,,,,,,,,,,,,,,,
GUAVASAUCE,Guava Sauce,spice,,,,,9143,"Guava sauce, cooked",36.0,0.3,0.1,9.5,3.6,89.6,5.9,1.0,custom (g),100.0,1.0,cup,238.0,,,,,,,,,,,,,,,,,,,,,,,,,,,,,,,,,
GUINEA,Guinea,protein,,,,,5151,"Guinea hen, meat and skin, raw",158.0,23.4,6.5,0.0,0.0,68.9,0.0,1.0,custom (g),100.0,3.0,oz,85.0,1.0,unit (yield from 1 lb ready-to-cook guinea),359.0,0.5,guinea,345.0,,,,,,,,,,,,,,,,,,,,,,,,,,,
GUMDROP,Gumdrop,prepared,,,,,19106,"Candies, gumdrops, starch jelly pieces",396.0,0.0,0.0,98.9,0.1,1.0,59.0,1.0,custom (g),100.0,1.0,cup gumdrops,182.0,10.0,gumdrops,36.0,10.0,gummy bears,22.0,10.0,gummy dinosaurs,63.0,10.0,gummy fish,50.0,10.0,gummy worms,74.0,1.0,spice stick,9.5,1.0,spice drop,24.0,1.0,"gumdrop, small (1/2"" dia)",3.2,1.0,"gumdrop, medium (3/4"" dia)",4.2,1.0,"gumdrop, large (1"" dia)",11.6,1.0,"jelly ring (1-1/4"" dia)",10.0
HADDOCK,Haddock,protein,,,,,15034,"Fish, haddock, cooked, dry heat",90.0,20.0,0.6,0.0,0.0,79.7,0.0,1.0,custom (g),100.0,1.0,fillet,150.0,3.0,oz,85.0,,,,,,,,,,,,,,,,,,,,,,,,,,,,,,
HALFANDHALF,Half and Half,dairy,beverage,,,,1049,"Cream, fluid, half and half",123.0,3.1,10.4,4.7,0.0,81.2,4.1,1.0,custom (g),100.0,1.0,fl oz,30.2,1.0,tbsp,15.0,1.0,cup,242.0,1.0,"container, individual (.5 fl oz)",15.0,,,,,,,,,,,,,,,,,,,,,,,,
HALIBUT,Halibut,protein,,,,,15037,"Fish, halibut, Atlantic and Pacific, cooked, dry heat",111.0,22.5,1.6,0.0,0.0,76.1,0.0,1.0,custom (g),100.0,3.0,oz,85.0,0.5,fillet,159.0,,,,,,,,,,,,,,,,,,,,,,,,,,,,,,
HAMBURGER,Hamburger,prepared,,,,1,21109,"Fast foods, hamburger; single, regular patty; with condiments and vegetables",254.0,11.7,12.2,24.8,0.0,49.4,0.0,1.0,custom (g),100.0,1.0,item,110.0,,,,,,,,,,,,,,,,,,,,,,,,,,,,,,,,,
HASHBROWN,Hash Brown,vegetable,prepared,,,1,11370,"Potatoes, hash brown, home-prepared",265.0,3.0,12.5,35.1,3.2,47.2,1.5,1.0,custom (g),100.0,1.0,cup,156.0,,,,,,,,,,,,,,,,,,,,,,,,,,,,,,,,,
HAZELNUT,Hazelnut,nuts,,,,,12120,"Nuts, hazelnuts or filberts",628.0,14.9,60.8,16.7,9.7,5.3,4.3,1.0,custom (g),100.0,1.0,"cup, chopped",115.0,1.0,"cup, ground",75.0,1.0,"cup, whole",135.0,1.0,oz (21 whole kernels),28.35,10.0,nuts,14.0,,,,,,,,,,,,,,,,,,,,,
HAZELNUTOIL,Hazelnut Oil,fats,,,,,4532,"Oil, hazelnut",884.0,0.0,100.0,0.0,0.0,0.0,0.0,1.0,custom (g),100.0,1.0,tablespoon,13.6,1.0,cup,218.0,1.0,tsp,4.5,,,,,,,,,,,,,,,,,,,,,,,,,,,
HEARTOFPALM,Heart of Palm Raw,vegetable,,,,,43392,"Hearts of palm, raw",115.0,2.7,0.2,25.6,1.5,69.5,17.2,1.0,custom (g),100.0,,,,,,,,,,,,,,,,,,,,,,,,,,,,,,,,,,,,
HEMP,Hemp,nuts,,,,,12012,"Seeds, hemp seed, hulled",553.0,31.6,48.8,8.7,4.0,5.0,1.5,1.0,custom (g),100.0,3.0,tbsp,30.0,,,,,,,,,,,,,,,,,,,,,,,,,,,,,,,,,
HERRING,Herring,protein,,,,,15040,"Fish, herring, Atlantic, cooked, dry heat",203.0,23.0,11.6,0.0,0.0,64.2,0.0,1.0,custom (g),100.0,1.0,fillet,143.0,3.0,oz,85.0,,,,,,,,,,,,,,,,,,,,,,,,,,,,,,
HICKORYNUT,Hickory Nut,nuts,,,,,12130,"Nuts, hickorynuts, dried",657.0,12.7,64.4,18.2,6.4,2.6,0.0,1.0,custom (g),100.0,1.0,cup,120.0,1.0,oz,28.35,1.0,nut,3.0,,,,,,,,,,,,,,,,,,,,,,,,,,,
HOISIN,Hoisin,spice,,,,,6175,"Sauce, hoisin, ready-to-serve",220.0,3.3,3.4,44.1,2.8,44.2,27.3,1.0,custom (g),100.0,1.0,tbsp,16.0,,,,,,,,,,,,,,,,,,,,,,,,,,,,,,,,,
HOISINSAUCE,Hoisin Sauce,spice,,,,,6175,"Sauce, hoisin, ready-to-serve",220.0,3.3,3.4,44.1,2.8,44.2,27.3,1.0,custom (g),100.0,1.0,tbsp,16.0,,,,,,,,,,,,,,,,,,,,,,,,,,,,,,,,,
HOMINY,Hominy,grain,,,,,20030,"Hominy, canned, white",72.0,1.5,0.9,14.3,2.5,82.5,1.8,1.0,custom (g),100.0,1.0,cup,165.0,,,,,,,,,,,,,,,,,,,,,,,,,,,,,,,,,
HONEY,Honey,spice,,,,,19296,Honey,304.0,0.3,0.0,82.4,0.2,17.1,82.1,1.0,custom (g),100.0,1.0,cup,339.0,1.0,tbsp,21.0,1.0,packet (0.5 oz),14.0,,,,,,,,,,,,,,,,,,,,,,,,,,,
HONEYDEW,Honeydew,fruit,,,,,9184,"Melons, honeydew, raw",36.0,0.5,0.1,9.1,0.8,89.8,8.1,1.0,custom (g),100.0,1.0,"cup, diced (approx 20 pieces per cup)",170.0,1.0,"cup, balls",177.0,1.0,"melon (5-1/4"" dia)",1000.0,1.0,"melon (6"" - 7"" dia)",1280.0,1.0,"wedge (1/8 of 5-1/4"" dia melon)",125.0,1.0,"wedge (1/8 of 6"" to 7"" dia melon)",160.0,10.0,honeydew balls,138.0,1.0,NLEA serving,134.0,,,,,,,,,,,,
HORCHATA,Horchata,beverage,,,,,14638,"Beverage, Horchata, as served in restaurant",54.0,0.5,0.7,11.5,0.0,87.1,9.4,1.0,custom (g),100.0,1.0,cup,228.0,,,,,,,,,,,,,,,,,,,,,,,,,,,,,,,,,
HORNED,Horned,fruit,,,,,9451,Horned melon (Kiwano),44.0,1.8,1.3,7.6,0.0,89.0,0.0,1.0,custom (g),100.0,1.0,cup,233.0,1.0,"fruit (4-2/3"" long x 2-3/4"" dia)",209.0,,,,,,,,,,,,,,,,,,,,,,,,,,,,,,
HORSE,Horse,protein,,,,,17171,"Game meat, horse, cooked, roasted",175.0,28.1,6.0,0.0,0.0,64.0,0.0,1.0,custom (g),100.0,3.0,oz,85.0,1.0,"piece, cooked (yield from 1 lb raw meat, boneless)",340.0,,,,,,,,,,,,,,,,,,,,,,,,,,,,,,
HORSERADISH,Horseradish Prepared,vegetable,spice,,A root vegetable,,2055,"Horseradish, prepared",48.0,1.2,0.7,11.3,3.3,85.1,8.0,1.0,custom (g),100.0,1.0,tsp,5.0,1.0,tbsp,15.0,,,,,,,,,,,,,,,,,,,,,,,,,,,,,,
HORSERADISHSAUCE,Horseradish Sauce,spice,,,,,27066,"Sauce, horseradish",503.0,1.1,50.9,10.1,1.0,35.8,9.0,1.0,custom (g),100.0,1.0,tsp,5.6,,,,,,,,,,,,,,,,,,,,,,,,,,,,,,,,,
HOTCAKE,Hotcake,prepared,grain,,,,21321,"McDONALD'S, Hotcakes (plain)",228.0,6.0,5.8,38.3,1.4,48.2,0.0,1.0,custom (g),100.0,3.0,hotcakes 5.3 oz,149.0,,,,,,,,,,,,,,,,,,,,,,,,,,,,,,,,,
HOTCHILESRIRACHA,Hot Chile Sriracha,spice,,,,,6631,"Sauce, hot chile, sriracha",93.0,1.9,0.9,19.2,2.2,71.8,15.1,1.0,custom (g),100.0,1.0,tsp,6.5,,,,,,,,,,,,,,,,,,,,,,,,,,,,,,,,,
HOTDOG,Hot Dog,prepared,,,,,21118,"Fast foods, hotdog, plain",247.0,10.6,14.8,18.4,0.0,54.0,0.0,1.0,custom (g),100.0,1.0,sandwich,98.0,,,,,,,,,,,,,,,,,,,,,,,,,,,,,,,,,
HOTDOGBUN,Buns Hot Dog Bun,prepared,,,,,28313,"Rolls, hamburger or hot dog, whole wheat",269.0,12.4,4.4,44.9,6.1,35.9,5.9,1.0,custom (g),100.0,1.0,roll,56.0,,,,,,,,,,,,,,,,,,,,,,,,,,,,,,,,,
HUCKLEBERRIES,Huckleberries,fruit,,,,,35043,"Huckleberries, raw (Alaska Native)",37.0,0.4,0.1,8.7,0.0,90.7,0.0,1.0,custom (g),100.0,,,,,,,,,,,,,,,,,,,,,,,,,,,,,,,,,,,,
HUMMUS,Hummus,legume,,,,1,16158,"Hummus, commercial",166.0,7.9,9.6,14.3,6.0,66.6,0.0,1.0,custom (g),100.0,1.0,tbsp,15.0,1.0,cup,246.0,,,,,,,,,,,,,,,,,,,,,,,,,,,,,,
HUSHPUPPIES,Hush Puppies,prepared,,,,1,18270,"Hush puppies, prepared from recipe",337.0,7.7,13.5,46.0,2.8,29.0,2.0,1.0,custom (g),100.0,1.0,oz,28.35,1.0,cup,152.0,1.0,hush puppy,22.0,,,,,,,,,,,,,,,,,,,,,,,,,,,
HYACINTH,Hyacinth Cooked,vegetable,,,,,11225,"Hyacinth-beans, immature seeds, cooked, boiled, drained, without salt",50.0,3.0,0.3,9.2,0.0,86.9,0.0,1.0,custom (g),100.0,1.0,cup,87.0,,,,,,,,,,,,,,,,,,,,,,,,,,,,,,,,,
ICECREAMBARCHOC,Ice Cream Bar Choc,dairy,sweets,,,,1237,"Ice cream, bar or stick, chocolate covered",331.0,4.1,24.1,24.5,0.8,46.3,18.3,1.0,custom (g),100.0,1.0,bar,50.0,,,,,,,,,,,,,,,,,,,,,,,,,,,,,,,,,
ICECREAMCHOC,Ice Cream Chocolate,dairy,sweets,,,,19270,"Ice creams, chocolate",216.0,3.8,11.0,28.2,1.2,55.7,25.4,1.0,custom (g),100.0,1.0,individual (3.5 fl oz),58.0,0.5,cup (4 fl oz),66.0,,,,,,,,,,,,,,,,,,,,,,,,,,,,,,
ICECREAMCHOCLIGHT,Ice Cream Choc Light,dairy,sweets,,,,19114,"Ice creams, chocolate, light",187.0,5.0,7.2,25.7,0.8,61.4,24.7,1.0,custom (g),100.0,1.0,serving,68.0,1.0,unit,100.0,,,,,,,,,,,,,,,,,,,,,,,,,,,,,,
ICECREAMCONECHOC,Ice Cream Choc with Cone,dairy,sweets,,,,1240,"Ice cream cone, chocolate covered, with nuts, flavors other than chocolate",354.0,5.2,21.9,34.4,1.0,37.4,25.0,1.0,custom (g),100.0,1.0,unit,96.0,,,,,,,,,,,,,,,,,,,,,,,,,,,,,,,,,
ICECREAMCONEWAFER,Ice Cream Cone only,sweets,,,,,18271,"Ice cream cones, cake or wafer-type",417.0,8.1,6.9,79.0,3.0,5.3,6.0,1.0,custom (g),100.0,1.0,oz,28.35,1.0,cone,4.0,1.0,large waffle cone,29.0,,,,,,,,,,,,,,,,,,,,,,,,,,,
ICECREAMCREAM,Ice Cream Creamsicle,dairy,sweets,,,,1302,"Light ice cream, Creamsicle",165.0,1.5,3.1,32.8,0.0,61.8,18.5,1.0,custom (g),100.0,,,,,,,,,,,,,,,,,,,,,,,,,,,,,,,,,,,,
ICECREAMSAND,Ice Cream Sandwich,dairy,sweets,,,,1238,Ice cream sandwich,237.0,4.3,8.6,37.1,0.0,48.9,18.6,1.0,custom (g),100.0,1.0,serving,70.0,,,,,,,,,,,,,,,,,,,,,,,,,,,,,,,,,
ICECREAMSOFTVAN,Ice Cream Soft Vanilla,dairy,sweets,,,,21028,"Fast foods, vanilla, light, soft-serve ice cream, with cone",163.0,4.2,4.9,26.4,0.1,63.6,19.5,1.0,custom (g),100.0,1.0,item,120.0,,,,,,,,,,,,,,,,,,,,,,,,,,,,,,,,,
ICECREAMSTRAW,Ice Cream Strawberry,dairy,sweets,,,,19271,"Ice creams, strawberry",192.0,3.2,8.4,27.6,0.9,60.0,0.0,1.0,custom (g),100.0,1.0,individual (3.5 fl oz),58.0,0.5,cup (4 fl oz),66.0,,,,,,,,,,,,,,,,,,,,,,,,,,,,,,
ICECREAMSUBDAEFUD,Ice Cream Sundae Fudge,dairy,sweets,,,,21033,"Fast foods, sundae, hot fudge",180.0,3.6,5.5,30.2,0.0,59.7,0.0,1.0,custom (g),100.0,1.0,sundae,158.0,,,,,,,,,,,,,,,,,,,,,,,,,,,,,,,,,
ICECREAMSUNDAECARM,Ice Cream Sundae Caramel,dairy,sweets,,,,21032,"Fast foods, sundae, caramel",196.0,4.7,6.0,31.8,0.0,56.5,0.0,1.0,custom (g),100.0,1.0,sundae,155.0,,,,,,,,,,,,,,,,,,,,,,,,,,,,,,,,,
ICECREAMSUNDAESTRW,Ice Cream Sundae Strawberry,dairy,sweets,,,,21034,"Fast foods, sundae, strawberry",175.0,4.1,5.1,29.2,0.0,60.9,0.0,1.0,custom (g),100.0,1.0,sundae,153.0,,,,,,,,,,,,,,,,,,,,,,,,,,,,,,,,,
ICECREAMVANILLA,Ice Cream Vanilla,dairy,sweets,,,,19095,"Ice creams, vanilla",207.0,3.5,11.0,23.6,0.7,61.0,21.2,1.0,custom (g),100.0,1.0,serving 1/2 cup,66.0,,,,,,,,,,,,,,,,,,,,,,,,,,,,,,,,,
ICECREAMVANILLALIGHT,Ice Cream Vanilla Light,dairy,sweets,,,,19088,"Ice creams, vanilla, light",180.0,4.8,4.8,29.5,0.3,59.9,22.1,1.0,custom (g),100.0,1.0,serving 1/2 cup,76.0,,,,,,,,,,,,,,,,,,,,,,,,,,,,,,,,,
INCAPARINA,Incaparina,grain,,,,,8580,"Incaparina, dry mix (corn and soy flours), unprepared",379.0,21.8,5.6,60.5,9.9,7.5,0.0,1.0,custom (g),100.0,1.0,tbsp,8.9,1.0,cup,128.0,,,,,,,,,,,,,,,,,,,,,,,,,,,,,,
JACKFRUIT,Jackfruit,fruit,,,,,9144,"Jackfruit, raw",95.0,1.7,0.6,23.2,1.5,73.5,19.1,1.0,custom (g),100.0,1.0,"cup, sliced",165.0,1.0,"cup 1"" pieces",151.0,,,,,,,,,,,,,,,,,,,,,,,,,,,,,,
JALAPENO,Jalapeno,spice,,,,,11979,"Peppers, jalapeno, raw",29.0,0.9,0.4,6.5,2.8,91.7,4.1,1.0,custom (g),100.0,1.0,"cup, sliced",90.0,1.0,pepper,14.0,,,,,,,,,,,,,,,,,,,,,,,,,,,,,,
JAM,Jam Preserves,sweets,,,,,19297,Jams and preserves,278.0,0.4,0.1,68.9,1.1,30.5,48.5,1.0,custom (g),100.0,1.0,tbsp,20.0,1.0,packet (0.5 oz),14.0,,,,,,,,,,,,,,,,,,,,,,,,,,,,,,
JAMNOSUGAR,Jam Preserves no Sugar,sweets,spice,,,,43028,"Jams and preserves, no sugar (with sodium saccharin), any flavor",132.0,0.3,0.3,53.4,2.5,45.8,37.8,1.0,custom (g),100.0,1.0,cup,224.0,1.0,tbsp,14.0,,,,,,,,,,,,,,,,,,,,,,,,,,,,,,
JELLIES,Jellies,sweets,,,,,19300,Jellies,266.0,0.1,0.0,70.0,1.0,29.8,51.2,1.0,custom (g),100.0,1.0,serving 1 tbsp,21.0,1.0,packet (0.5 oz),14.0,,,,,,,,,,,,,,,,,,,,,,,,,,,,,,
JELLYBEAN,Candies Jellybean,sweets,,,,,19108,"Candies, jellybeans",375.0,0.0,0.1,93.5,0.2,6.3,70.0,1.0,custom (g),100.0,10.0,small,11.0,10.0,large (1 oz),28.0,,,,,,,,,,,,,,,,,,,,,,,,,,,,,,
JELLYFISH,Jellyfish,protein,,,,,43497,"Jellyfish, dried, salted",36.0,5.5,1.4,0.0,0.0,68.0,0.0,1.0,custom (g),100.0,1.0,cup,58.0,,,,,,,,,,,,,,,,,,,,,,,,,,,,,,,,,
JERUSALEM,Jerusalem Artichoke Raw,vegetable,,,,,11226,"Jerusalem-artichokes, raw",73.0,2.0,0.0,17.4,1.6,78.0,9.6,1.0,custom (g),100.0,1.0,cup slices,150.0,,,,,,,,,,,,,,,,,,,,,,,,,,,,,,,,,
JICAMA,Jicama Raw,vegetable,,,,,11603,"Yambean (jicama), raw",38.0,0.7,0.1,8.8,4.9,90.1,1.8,1.0,custom (g),100.0,1.0,cup slices,120.0,1.0,cup,130.0,1.0,large,1200.0,1.0,medium,659.0,1.0,slice,6.0,1.0,small,365.0,,,,,,,,,,,,,,,,,,
JUJUBE,Jujube,fruit,,,,,9146,"Jujube, raw",79.0,1.2,0.2,20.2,0.0,77.9,0.0,1.0,custom (g),100.0,,,,,,,,,,,,,,,,,,,,,,,,,,,,,,,,,,,,
JUTE,Jute Cooked,vegetable,,,,,11232,"Jute, potherb, cooked, boiled, drained, without salt",37.0,3.7,0.2,7.3,2.0,87.2,1.0,1.0,custom (g),100.0,1.0,cup,87.0,,,,,,,,,,,,,,,,,,,,,,,,,,,,,,,,,
KALE,Kale Cooked,vegetable,,,,,11234,"Kale, cooked, boiled, drained, without salt",28.0,1.9,0.4,5.6,2.0,91.2,1.2,1.0,custom (g),100.0,1.0,"cup, chopped",130.0,,,,,,,,,,,,,,,,,,,,,,,,,,,,,,,,,
KANPYO,Kanpyo Dried,vegetable,,,,,11237,"Kanpyo, (dried gourd strips)",258.0,8.6,0.6,65.0,9.8,20.0,0.0,1.0,custom (g),100.0,1.0,strip,6.3,0.5,cup,27.0,,,,,,,,,,,,,,,,,,,,,,,,,,,,,,
KEFIR,Kefir,dairy,,,,,1289,"Kefir, lowfat, plain, LIFEWAY",41.0,3.8,0.9,4.5,0.0,90.1,4.6,1.0,custom (g),100.0,,,,,,,,,,,,,,,,,,,,,,,,,,,,,,,,,,,,
KELP,Kelp Raw,vegetable,,,,,11445,"Seaweed, kelp, raw",43.0,1.7,0.6,9.6,1.3,81.6,0.6,1.0,custom (g),100.0,2.0,tbsp (1/8 cup),10.0,,,,,,,,,,,,,,,,,,,,,,,,,,,,,,,,,
KETCHUP,Ketchup,prepared,,,,,11935,Catsup,101.0,1.0,0.1,27.4,0.3,68.5,21.3,1.0,custom (g),100.0,1.0,tbsp,17.0,1.0,packet,9.0,1.0,cup,240.0,,,,,,,,,,,,,,,,,,,,,,,,,,,
KIDNEYBEAN,Kidney Bean,legume,,,,,16028,"Beans, kidney, all types, mature seeds, cooked, boiled, without salt",127.0,8.7,0.5,22.8,6.4,66.9,0.3,1.0,custom (g),100.0,1.0,cup,177.0,1.0,tbsp,11.0,,,,,,,,,,,,,,,,,,,,,,,,,,,,,,
KIELBASA,Kielbasa,protein,,,,,7968,"Kielbasa, fully cooked, grilled",337.0,12.4,29.7,5.0,0.0,49.4,2.4,1.0,custom (g),100.0,3.0,oz,85.0,1.0,link,367.0,,,,,,,,,,,,,,,,,,,,,,,,,,,,,,
KIMCHI,Kimchi,vegetable,prepared,,,,11118,"Cabbage, kimchi",15.0,1.1,0.5,2.4,1.6,94.3,1.1,1.0,custom (g),100.0,1.0,cup,150.0,,,,,,,,,,,,,,,,,,,,,,,,,,,,,,,,,
KIWI,Kiwi,fruit,,,,,9148,"Kiwifruit, green, raw",61.0,1.1,0.5,14.7,3.0,83.1,9.0,1.0,custom (g),100.0,1.0,"cup, sliced",180.0,1.0,"fruit (2"" dia)",69.0,1.0,NLEA serving,148.0,,,,,,,,,,,,,,,,,,,,,,,,,,,
KOHLRABI,Kohlrabi Cooked,vegetable,,,,,11242,"Kohlrabi, cooked, boiled, drained, without salt",29.0,1.8,0.1,6.7,1.1,90.3,2.8,1.0,custom (g),100.0,1.0,cup slices,165.0,,,,,,,,,,,,,,,,,,,,,,,,,,,,,,,,,
KUMQUAT,Kumquat,fruit,,,,,9149,"Kumquats, raw",71.0,1.9,0.9,15.9,6.5,80.8,9.4,1.0,custom (g),100.0,1.0,fruit without refuse,19.0,,,,,,,,,,,,,,,,,,,,,,,,,,,,,,,,,
LADYFINGERS,Cookies Ladyfingers,sweets,,,,,18175,"Cookies, ladyfingers, with lemon juice and rind",365.0,10.6,9.1,59.7,1.0,19.5,25.4,1.0,custom (g),100.0,1.0,oz,28.35,1.0,"anisette sponge (4"" x 1-1/8"" x 7/8"")",13.0,1.0,"breakfast treat (approx 4"" x 2"" x 7/8"")",24.0,1.0,ladyfinger,11.0,,,,,,,,,,,,,,,,,,,,,,,,
LAMBCHOP,Lamb Chop,protein,,,,,17078,"Lamb, New Zealand, imported, loin chop, separable lean only, raw",142.0,20.0,6.9,0.0,0.0,71.4,0.0,1.0,custom (g),100.0,1.0,oz,115.0,,,,,,,,,,,,,,,,,,,,,,,,,,,,,,,,,
LAMBFORESHANK,Lamb Foreshank,protein,,,,,17008,"Lamb, domestic, foreshank, separable lean and fat, trimmed to 1/4"" fat, choice, cooked, braised",243.0,28.4,13.5,0.0,0.0,56.8,0.0,1.0,custom (g),100.0,1.0,"piece, cooked, excluding refuse (yield from 1 lb r",148.0,3.0,oz,85.0,,,,,,,,,,,,,,,,,,,,,,,,,,,,,,
LAMBGROUND,Lamb Ground,protein,,,,,17224,"Lamb, ground, raw",282.0,16.6,23.4,0.0,0.0,59.5,0.0,1.0,custom (g),100.0,1.0,oz,28.35,4.0,oz,113.0,,,,,,,,,,,,,,,,,,,,,,,,,,,,,,
LAMBHINDSHANK,Lamb Hindshank,protein,,,,,17440,"Lamb, Australian, imported, fresh, leg, hindshank, heel on, bone-in, separable lean only, trimmed to 1/8"" fat, cooked, braised",174.0,30.7,5.6,0.0,0.0,64.9,0.0,1.0,custom (g),100.0,3.0,oz,85.0,1.0,"leg hindshank, heel on",418.0,,,,,,,,,,,,,,,,,,,,,,,,,,,,,,
LAMBLEG,Lamb Leg,protein,,,,,17012,"Lamb, domestic, leg, whole (shank and sirloin), separable lean and fat, trimmed to 1/4"" fat, choice, cooked, roasted",258.0,25.6,16.5,0.0,0.0,57.5,0.0,1.0,custom (g),100.0,3.0,oz,85.0,1.0,"piece, cooked, excluding refuse (yield from 1 lb r",265.0,,,,,,,,,,,,,,,,,,,,,,,,,,,,,,
LAMBRACK,Lamb Rack,protein,,,,,17463,"Lamb, Australian, imported, fresh, rack, roast, frenched, bone-in, separable lean and fat, trimmed to 1/8"" fat, cooked, roasted",291.0,26.0,20.8,0.0,0.0,53.3,0.0,1.0,custom (g),100.0,3.0,oz,85.0,1.0,roast,447.0,,,,,,,,,,,,,,,,,,,,,,,,,,,,,,
LAMBSHANK,Lamb Shank,protein,,,,,17295,"Lamb, Australian, imported, fresh, leg, shank half, separable lean and fat, trimmed to 1/8"" fat, cooked, roasted",231.0,25.2,13.7,0.0,0.0,60.8,0.0,1.0,custom (g),100.0,3.0,oz,85.0,1.0,"piece, cooked, excluding refuse (yield from 1 lb r",277.0,,,,,,,,,,,,,,,,,,,,,,,,,,,,,,
LAMBSQUARTERS,Lamb's Quarters Cooked,vegetable,,,,,11245,"Lambsquarters, cooked, boiled, drained, without salt",32.0,3.2,0.7,5.0,2.1,88.9,0.6,1.0,custom (g),100.0,1.0,"cup, chopped",180.0,,,,,,,,,,,,,,,,,,,,,,,,,,,,,,,,,
LAMBTONGUE,Lamb Tongue,protein,,,,,17221,"Lamb, variety meats and by-products, tongue, cooked, braised",275.0,21.6,20.3,0.0,0.0,57.9,0.0,1.0,custom (g),100.0,3.0,oz,85.0,1.0,"unit, cooked (yield from 1 lb raw meat)",255.0,,,,,,,,,,,,,,,,,,,,,,,,,,,,,,
LARD,Lard,fats,,,,,4002,Lard,902.0,0.0,100.0,0.0,0.0,0.0,0.0,1.0,custom (g),100.0,1.0,tbsp,12.8,1.0,cup,205.0,,,,,,,,,,,,,,,,,,,,,,,,,,,,,,
LASAGNA,Lasagna,prepared,,,,1,22910,"Lasagna, cheese, frozen, prepared",130.0,6.5,5.3,13.8,1.7,72.8,4.2,1.0,custom (g),100.0,1.0,cup 1 serving,225.0,,,,,,,,,,,,,,,,,,,,,,,,,,,,,,,,,
LASAGNAMEAT,Lasagna with Meat,prepared,,,,1,22977,"Lasagna with meat sauce, frozen, prepared",135.0,7.3,4.9,15.4,1.7,70.9,3.1,1.0,custom (g),100.0,1.0,piece side,123.0,1.0,piece corner,114.0,1.0,piece center,255.0,,,,,,,,,,,,,,,,,,,,,,,,,,,
LECITHIN,Lecithin,fats,,,,,4531,"Oil, soybean lecithin",763.0,0.0,100.0,0.0,0.0,0.0,0.0,1.0,custom (g),100.0,1.0,tablespoon,13.6,1.0,cup,218.0,1.0,tsp,4.5,,,,,,,,,,,,,,,,,,,,,,,,,,,
LEEK,Leek Cooked,vegetable,,,,,11247,"Leeks, (bulb and lower leaf-portion), cooked, boiled, drained, without salt",31.0,0.8,0.2,7.6,1.0,90.8,2.1,1.0,custom (g),100.0,1.0,leek,124.0,0.25,"cup, chopped or diced",26.0,,,,,,,,,,,,,,,,,,,,,,,,,,,,,,
LEMON,Lemon Raw,fruit,,,,,9150,"Lemons, raw, without peel",29.0,1.1,0.3,9.3,2.8,89.0,2.5,1.0,custom (g),100.0,1.0,"cup, sections",212.0,1.0,"fruit (2-1/8"" dia)",58.0,1.0,"fruit (2-3/8"" dia)",84.0,1.0,"wedge or slice (1/8 of one 2-1/8"" dia lemon)",7.0,1.0,NLEA serving,58.0,,,,,,,,,,,,,,,,,,,,,
LEMONADE,Lemonade,beverage,,,,,14095,"Beverages, MINUTE MAID, Lemonada, Limeade",50.0,0.0,0.0,13.8,0.0,86.1,0.0,1.0,custom (g),100.0,8.0,fl oz,240.0,,,,,,,,,,,,,,,,,,,,,,,,,,,,,,,,,
LEMONGRASS,Lemon Grass,vegetable,,,,,11972,"Lemon grass (citronella), raw",99.0,1.8,0.5,25.3,0.0,70.6,0.0,1.0,custom (g),100.0,1.0,cup,67.0,1.0,tbsp,4.8,,,,,,,,,,,,,,,,,,,,,,,,,,,,,,
LEMONJUICE,Lemon Juice Raw,spice,,,,,9152,"Lemon juice, raw",22.0,0.3,0.2,6.9,0.3,92.3,2.5,1.0,custom (g),100.0,1.0,cup,244.0,1.0,fl oz,30.5,1.0,lemon yields,48.0,1.0,wedge yields,5.9,,,,,,,,,,,,,,,,,,,,,,,,
LEMONMERINGUEPIE,Pie Lemon Meringue,sweets,,,,1,18321,"Pie, lemon meringue, prepared from recipe",285.0,3.8,12.9,39.1,0.0,43.3,0.0,1.0,custom (g),100.0,1.0,oz,28.35,1.0,"piece (1/8 of 9"" dia)",127.0,,,,,,,,,,,,,,,,,,,,,,,,,,,,,,
LEMONPEEL,Lemon Peel,fruit,,,,,9156,"Lemon peel, raw",47.0,1.5,0.3,16.0,10.6,81.6,4.2,1.0,custom (g),100.0,1.0,tbsp,6.0,1.0,tsp,2.0,,,,,,,,,,,,,,,,,,,,,,,,,,,,,,
LENTIL,Lentil,legume,protein,,A legume,,16070,"Lentils, mature seeds, cooked, boiled, without salt",116.0,9.0,0.4,20.1,7.9,69.6,1.8,1.0,custom (g),100.0,1.0,cup,198.0,1.0,tbsp,12.3,,,,,,,,,,,,,,,,,,,,,,,,,,,,,,
LETTUCE,Lettuce Raw,vegetable,,,,,11252,"Lettuce, iceberg (includes crisphead types), raw",14.0,0.9,0.1,3.0,1.2,95.6,2.0,1.0,custom (g),100.0,1.0,cup shredded,72.0,1.0,"cup, chopped (1/2"" pieces, loosely packed)",57.0,1.0,"head, large",755.0,1.0,"head, medium (6"" dia)",539.0,1.0,"head, small",324.0,1.0,"leaf, large",15.0,1.0,"leaf, medium",8.0,1.0,"leaf, small",5.0,1.0,NLEA Serving,89.0,,,,,,,,,
LIMABEAN,Lima Bean,legume,,,,,11032,"Lima beans, immature seeds, cooked, boiled, drained, without salt",123.0,6.8,0.3,23.6,5.4,67.2,1.6,1.0,custom (g),100.0,1.0,cup,170.0,,,,,,,,,,,,,,,,,,,,,,,,,,,,,,,,,
LIME,Lime,fruit,,,,,9159,"Limes, raw",30.0,0.7,0.2,10.5,2.8,88.3,1.7,1.0,custom (g),100.0,1.0,"fruit (2"" dia)",67.0,1.0,NLEA serving,67.0,,,,,,,,,,,,,,,,,,,,,,,,,,,,,,
LIMEADE,Limeade,beverage,,,,,14303,"Limeade, frozen concentrate, prepared with water",52.0,0.0,0.0,13.8,0.0,86.1,13.3,1.0,custom (g),100.0,1.0,fl oz,30.9,1.0,cup 8 fl oz,247.0,,,,,,,,,,,,,,,,,,,,,,,,,,,,,,
LIMEJUICE,Lime Juice,spice,,,,,9160,"Lime juice, raw",25.0,0.4,0.1,8.4,0.4,90.8,1.7,1.0,custom (g),100.0,1.0,cup,242.0,1.0,fl oz,30.8,1.0,lime yields,44.0,,,,,,,,,,,,,,,,,,,,,,,,,,,
LING,Ling,protein,,,,,15198,"Fish, ling, cooked, dry heat",111.0,24.4,0.8,0.0,0.0,73.9,0.0,1.0,custom (g),100.0,3.0,oz,85.0,1.0,fillet,151.0,,,,,,,,,,,,,,,,,,,,,,,,,,,,,,
LINGCOD,Lingcod,protein,,,,,15199,"Fish, lingcod, cooked, dry heat",109.0,22.6,1.4,0.0,0.0,75.7,0.0,1.0,custom (g),100.0,3.0,oz,85.0,0.5,fillet,151.0,,,,,,,,,,,,,,,,,,,,,,,,,,,,,,
LINGONBERRY,Lingonberry,fruit,,,,,9078,"Cranberries, raw",46.0,0.5,0.1,12.0,3.6,87.3,4.3,1.0,custom (g),100.0,1.0,"cup, chopped",110.0,1.0,"cup, whole",100.0,,,,,,,,,,,,,,,,,,,,,,,,,,,,,,
LIQUEUR,Liqueur,beverage,,,,,14414,"Alcoholic beverage, liqueur, coffee, 53 proof",336.0,0.1,0.3,46.8,0.0,31.0,38.3,1.0,custom (g),100.0,1.0,fl oz,34.8,1.0,serving 1.5 fl oz,52.0,,,,,,,,,,,,,,,,,,,,,,,,,,,,,,
LITCHI,Litchi,fruit,,,,,9164,"Litchis, raw",66.0,0.8,0.4,16.5,1.3,81.8,15.2,1.0,custom (g),100.0,1.0,cup,190.0,1.0,fruit without refuse,9.6,,,,,,,,,,,,,,,,,,,,,,,,,,,,,,
LIVER,Liver,protein,,,,,7040,"Liver cheese, pork",304.0,15.2,25.6,2.1,0.0,53.6,0.0,1.0,custom (g),100.0,1.0,oz,28.35,1.0,slice,38.0,,,,,,,,,,,,,,,,,,,,,,,,,,,,,,
LIVERWURST,Liverwurst,protein,,,,,7911,Liverwurst spread,305.0,12.4,25.4,5.9,2.5,53.5,1.6,1.0,custom (g),100.0,0.25,cup,55.0,,,,,,,,,,,,,,,,,,,,,,,,,,,,,,,,,
LOBSTER,Lobster,protein,,,,,15148,"Crustaceans, lobster, northern, cooked, moist heat",89.0,19.0,0.9,0.0,0.0,78.1,0.0,1.0,custom (g),100.0,1.0,cup,145.0,3.0,oz,85.0,,,,,,,,,,,,,,,,,,,,,,,,,,,,,,
LOGANBERRIES,Loganberries,fruit,,,,,9167,"Loganberries, frozen",55.0,1.5,0.3,13.0,5.3,84.6,7.7,1.0,custom (g),100.0,1.0,"cup, unthawed",147.0,,,,,,,,,,,,,,,,,,,,,,,,,,,,,,,,,
LONGAN,Longan,fruit,,,,,9172,"Longans, raw",60.0,1.3,0.1,15.1,1.1,82.8,0.0,1.0,custom (g),100.0,1.0,fruit without refuse,3.2,,,,,,,,,,,,,,,,,,,,,,,,,,,,,,,,,
LOQUAT,Loquat,fruit,,,,,9174,"Loquats, raw",47.0,0.4,0.2,12.1,1.7,86.7,0.0,1.0,custom (g),100.0,1.0,"cup, cubed",149.0,1.0,large,20.0,1.0,medium,16.0,1.0,small,13.6,,,,,,,,,,,,,,,,,,,,,,,,
LOTUS,Lotus Cooked,vegetable,,,,,11255,"Lotus root, cooked, boiled, drained, without salt",66.0,1.6,0.1,16.0,3.1,81.4,0.5,1.0,custom (g),100.0,0.5,cup,60.0,10.0,"slices (2-1/2"" dia)",89.0,,,,,,,,,,,,,,,,,,,,,,,,,,,,,,
LUNCHEONMEATLESS,Sliced Luncheon Meatless,prepared,,,,,43131,"Luncheon slices, meatless",189.0,17.8,11.1,4.4,1.1,65.0,2.2,1.0,custom (g),100.0,1.0,"slice, thin",14.0,,,,,,,,,,,,,,,,,,,,,,,,,,,,,,,,,
LUNG,Lung,protein,,,,,13328,"Beef, variety meats and by-products, lungs, raw",92.0,16.2,2.5,0.0,0.0,79.4,0.0,1.0,custom (g),100.0,1.0,oz,28.35,4.0,oz,113.0,,,,,,,,,,,,,,,,,,,,,,,,,,,,,,
LUPINS,Lupins,legume,,,,,16077,"Lupins, mature seeds, cooked, boiled, without salt",119.0,15.6,2.9,9.9,2.8,71.1,0.0,1.0,custom (g),100.0,1.0,cup,166.0,,,,,,,,,,,,,,,,,,,,,,,,,,,,,,,,,
MACADAMIA,Macadamia,nuts,,,,,12632,"Nuts, macadamia nuts, dry roasted, with salt added",716.0,7.8,76.1,12.8,8.0,1.6,4.1,1.0,custom (g),100.0,1.0,"cup, whole or halves",132.0,1.0,oz (10-12 kernels),28.35,,,,,,,,,,,,,,,,,,,,,,,,,,,,,,
MACARONI,Macaroni,grain,,,,,20106,"Macaroni, vegetable, enriched, cooked",128.0,4.5,0.1,26.6,4.3,68.4,1.1,1.0,custom (g),100.0,1.0,cup spiral shaped,134.0,,,,,,,,,,,,,,,,,,,,,,,,,,,,,,,,,
MACARONICHEESE,Macaroni and Cheese,prepared,,,,1,22970,"Macaroni and cheese, frozen entree",149.0,5.6,6.4,17.3,1.1,69.4,1.5,1.0,custom (g),100.0,1.0,cup,137.0,1.0,container (mean weight over brands),283.0,,,,,,,,,,,,,,,,,,,,,,,,,,,,,,
MACKEREL,Mackerel,protein,,,,,15047,"Fish, mackerel, Atlantic, cooked, dry heat",262.0,23.9,17.8,0.0,0.0,53.3,0.0,1.0,custom (g),100.0,1.0,fillet,88.0,3.0,oz,85.0,,,,,,,,,,,,,,,,,,,,,,,,,,,,,,
MACKERELCAN,Mackerelcan,protein,,,,,15048,"Fish, mackerel, jack, canned, drained solids",156.0,23.2,6.3,0.0,0.0,69.2,0.0,1.0,custom (g),100.0,1.0,"oz, boneless",28.35,1.0,cup,190.0,1.0,cubic inch,16.0,1.0,can (15 oz),361.0,,,,,,,,,,,,,,,,,,,,,,,,
MAHI,Mahi,protein,,,,,15194,"Fish, mahimahi, cooked, dry heat",109.0,23.7,0.9,0.0,0.0,71.2,0.0,1.0,custom (g),100.0,3.0,oz,85.0,1.0,fillet,159.0,,,,,,,,,,,,,,,,,,,,,,,,,,,,,,
MAITAKE,Maitake Raw,vegetable,,,,,11993,"Mushrooms, maitake, raw",31.0,1.9,0.2,7.0,2.7,90.4,2.1,1.0,custom (g),100.0,1.0,cup diced,70.0,1.0,piece whole,1.1,,,,,,,,,,,,,,,,,,,,,,,,,,,,,,
MALTED,Malted,beverage,,,,,14317,"Malted drink mix, chocolate, powder",411.0,5.1,4.8,86.9,4.8,1.3,66.7,1.0,custom (g),100.0,1.0,serving (3 heaping tsp or 1 envelope),21.0,,,,,,,,,,,,,,,,,,,,,,,,,,,,,,,,,
MAMEY,Mamey,fruit,,,,,9314,"Sapote, mamey, raw",124.0,1.4,0.5,32.1,5.4,64.9,20.1,1.0,custom (g),100.0,1.0,"cup 1"" pieces",175.0,1.0,fruit without refuse,558.0,,,,,,,,,,,,,,,,,,,,,,,,,,,,,,
MANDARIN,Mandarin,fruit,,,,,9218,"Tangerines, (mandarin oranges), raw",53.0,0.8,0.3,13.3,1.8,85.2,10.6,1.0,custom (g),100.0,1.0,"cup, sections",195.0,1.0,"small (2-1/4"" dia)",76.0,1.0,"medium (2-1/2"" dia)",88.0,1.0,"large (2-3/4"" dia)",120.0,1.0,NLEA serving,109.0,,,,,,,,,,,,,,,,,,,,,
MANGO,Mango,fruit,,,,,9176,"Mangos, raw",60.0,0.8,0.4,15.0,1.6,83.5,13.7,1.0,custom (g),100.0,1.0,cup pieces,165.0,1.0,fruit without refuse,336.0,,,,,,,,,,,,,,,,,,,,,,,,,,,,,,
MANGONECTAR,Mangonectar,beverage,fruit,,,,9436,"Mango nectar, canned",51.0,0.1,0.1,13.1,0.3,86.6,12.4,1.0,custom (g),100.0,1.0,cup,251.0,,,,,,,,,,,,,,,,,,,,,,,,,,,,,,,,,
MANGOSTEEN,Mangosteen,fruit,,,,,9177,"Mangosteen, canned, syrup pack",73.0,0.4,0.6,17.9,1.8,80.9,0.0,1.0,custom (g),100.0,1.0,"cup, drained",196.0,1.0,cup,216.0,,,,,,,,,,,,,,,,,,,,,,,,,,,,,,
MAPLESUGAR,Maple Sugar,spice,,,,,19340,"Sugars, maple",354.0,0.1,0.2,90.9,0.0,8.0,84.9,1.0,custom (g),100.0,1.0,tsp,3.0,1.0,oz,28.35,1.0,"piece (1-3/4"" x 1-1/4"" x 1/2"")",28.0,,,,,,,,,,,,,,,,,,,,,,,,,,,
MAPLESYPUP,Maple Sypup,spice,,,,,19353,"Syrups, maple",260.0,0.0,0.1,67.0,0.0,32.4,60.5,1.0,custom (g),100.0,1.0,tbsp,20.0,1.0,serving 1/4 cup,83.0,1.0,cup,315.0,,,,,,,,,,,,,,,,,,,,,,,,,,,
MARASCHINO,Maraschino,fruit,,,,,9328,"Maraschino cherries, canned, drained",165.0,0.2,0.2,42.0,3.2,57.3,38.8,1.0,custom (g),100.0,1.0,cherry (NLEA serving),5.0,,,,,,,,,,,,,,,,,,,,,,,,,,,,,,,,,
MARGARINE,Margarine,fats,,,,,4073,"Margarine, regular, hard, soybean (hydrogenated)",719.0,0.9,80.5,0.9,0.0,15.7,0.0,1.0,custom (g),100.0,1.0,tsp,4.7,1.0,stick,113.0,,,,,,,,,,,,,,,,,,,,,,,,,,,,,,
MARGARINESMART,Margarine Smart Balance,fats,,,,,4677,"Margarine-like spread, SMART BALANCE Omega Plus Spread (with plant sterols & fish oil)",605.0,0.1,71.0,0.2,0.0,27.9,0.0,1.0,custom (g),100.0,1.0,tablespoon,14.0,,,,,,,,,,,,,,,,,,,,,,,,,,,,,,,,,
MARINARASAUCE,Marinara Sauce,spice,,,,1,6931,"Sauce, pasta, spaghetti/marinara, ready-to-serve",50.0,1.4,1.6,7.4,1.8,87.9,4.9,1.0,custom (g),100.0,1.0,serving 1/2 cup,132.0,,,,,,,,,,,,,,,,,,,,,,,,,,,,,,,,,
MARJORAM,Marjoram,spice,,,,,2023,"Spices, marjoram, dried",271.0,12.7,7.0,60.6,40.3,7.6,4.1,1.0,custom (g),100.0,1.0,tsp,0.6,1.0,tbsp,1.7,,,,,,,,,,,,,,,,,,,,,,,,,,,,,,
MARMALADE,Marmalade,spice,,,,,19303,"Marmalade, orange",246.0,0.3,0.0,66.3,0.7,33.2,60.0,1.0,custom (g),100.0,1.0,tbsp,20.0,1.0,package (0.5 oz),14.0,1.0,serving,20.0,1.0,cup,320.0,,,,,,,,,,,,,,,,,,,,,,,,
MARSHMALLOW,Candies Marshmallow,sweets,,,,,19116,"Candies, marshmallows",318.0,1.8,0.2,81.3,0.1,16.4,57.6,1.0,custom (g),100.0,1.0,cup of miniature,50.0,10.0,miniatures,7.0,1.0,regular,7.2,,,,,,,,,,,,,,,,,,,,,,,,,,,
MASA,Masa Unenriched White,grain,,,,,20019,"Corn flour, masa, unenriched, white",363.0,8.5,3.7,76.6,6.4,9.8,1.6,1.0,custom (g),100.0,1.0,cup,114.0,,,,,,,,,,,,,,,,,,,,,,,,,,,,,,,,,
MASAWHITERICH,Masa Enriched White,grain,prepared,,,,20019,"Corn flour, masa, enriched, white",,,,,,,,,,,,,,,,,,,,,,,,,,,,,,,,,,,,,,,,,,,,,,
MASAYELLOWRICH,Masa Enriched Yellow,grain,prepared,,,,20317,"Corn flour, masa, enriched, yellow",,,,,,,,,,,,,,,,,,,,,,,,,,,,,,,,,,,,,,,,,,,,,,
MATZO,Matzo,prepared,,,,,18219,"Crackers, matzo, whole-wheat",351.0,13.1,1.5,78.9,11.8,4.8,0.0,1.0,custom (g),100.0,0.5,oz,14.2,1.0,matzo,28.0,,,,,,,,,,,,,,,,,,,,,,,,,,,,,,
MAYOCHOLESTEROL,Mayo no Cholesterol,fats,,,,,43598,"Mayonnaise dressing, no cholesterol",688.0,0.0,77.8,0.3,0.0,21.7,0.3,1.0,custom (g),100.0,1.0,tbsp,15.0,1.0,cup,239.0,,,,,,,,,,,,,,,,,,,,,,,,,,,,,,
MAYOLIGHT,Mayo Light,fats,,,,,4641,"Salad dressing, mayonnaise, light",238.0,0.4,22.2,9.2,0.0,66.1,3.6,1.0,custom (g),100.0,1.0,tablespoon,15.0,,,,,,,,,,,,,,,,,,,,,,,,,,,,,,,,,
MAYONNAISE,Mayonnaise,spice,,,,,4025,"Salad dressing, mayonnaise, regular",680.0,1.0,74.8,0.6,0.0,21.6,0.6,1.0,custom (g),100.0,1.0,tbsp,13.8,1.0,cup,220.0,1.0,packet,10.0,,,,,,,,,,,,,,,,,,,,,,,,,,,
MAYOREGULAR,Mayo Regular,spice,,,,,4025,"Salad dressing, mayonnaise, regular",680.0,1.0,74.8,0.6,0.0,21.6,0.6,1.0,custom (g),100.0,1.0,tbsp,13.8,1.0,cup,220.0,1.0,packet,10.0,,,,,,,,,,,,,,,,,,,,,,,,,,,
MAYOSMART,Mayo Smart Balance,fats,,,,,4689,"Salad Dressing, mayonnaise, light, SMART BALANCE, Omega Plus light",333.0,1.5,34.2,9.4,0.2,52.4,5.4,1.0,custom (g),100.0,1.0,tbsp (1 NLEA serving),14.0,,,,,,,,,,,,,,,,,,,,,,,,,,,,,,,,,
MAYOSOY,Mayonnaise Soy,fats,,,,,4026,"Salad dressing, mayonnaise, soybean and safflower oil, with salt",717.0,1.1,79.4,2.7,0.0,15.3,0.5,1.0,custom (g),100.0,1.0,tablespoon,13.8,1.0,cup,220.0,,,,,,,,,,,,,,,,,,,,,,,,,,,,,,
MEATBALLS,Meatballs,protein,,,,1,43132,"Meatballs, meatless",197.0,21.0,9.0,8.0,4.6,58.0,1.2,1.0,custom (g),100.0,1.0,cup,144.0,,,,,,,,,,,,,,,,,,,,,,,,,,,,,,,,,
MEATLESSBACON,Meatless Bacon,prepared,grain,,,,16104,"Bacon, meatless",309.0,11.7,29.5,5.3,2.6,49.0,0.0,1.0,custom (g),100.0,1.0,cup,144.0,1.0,"oz cooked, yield",16.0,1.0,strip,5.0,,,,,,,,,,,,,,,,,,,,,,,,,,,
MELBA,Melba,prepared,,,,,18220,"Crackers, melba toast, plain",390.0,12.1,3.2,76.6,6.3,5.1,0.9,1.0,custom (g),100.0,0.5,oz,14.2,1.0,cup pieces,30.0,1.0,"cup, rounds",33.0,1.0,melba round,3.0,1.0,"piece (3-3/4"" x 1-3/4"" x 1/8"")",5.0,,,,,,,,,,,,,,,,,,,,,
MELON,Melon,fruit,,,,,9185,"Melon balls, frozen",33.0,0.8,0.2,7.9,0.7,90.3,0.0,1.0,custom (g),100.0,1.0,"cup, unthawed",173.0,,,,,,,,,,,,,,,,,,,,,,,,,,,,,,,,,
MENHADEN,Menhaden,fats,,,,,4591,"Fish oil, menhaden",902.0,0.0,100.0,0.0,0.0,0.0,0.0,1.0,custom (g),100.0,1.0,tbsp,13.6,1.0,tsp,4.5,1.0,cup,218.0,,,,,,,,,,,,,,,,,,,,,,,,,,,
MEXICANBLEND,Mexican Blend Cheese,dairy,,,,,1251,"Cheese, Mexican blend",358.0,23.5,28.5,1.8,0.0,42.5,1.2,1.0,custom (g),100.0,0.25,cup shredded,28.0,,,,,,,,,,,,,,,,,,,,,,,,,,,,,,,,,
MIGNON,Mignon,protein,,,,,13921,"Beef, tenderloin, steak, separable lean and fat, trimmed to 1/8"" fat, choice, cooked, broiled",273.0,26.4,17.8,0.0,0.0,55.5,0.0,1.0,custom (g),100.0,1.0,steak (yield from 181 g raw meat),140.0,3.0,oz,85.0,,,,,,,,,,,,,,,,,,,,,,,,,,,,,,
MILK,Milk,dairy,beverage,,,,1077,"Milk, whole, 3.25% milkfat, with added vitamin D",61.0,3.1,3.2,4.8,0.0,88.1,5.0,1.0,custom (g),100.0,1.0,cup,244.0,1.0,fl oz,30.5,1.0,tbsp,15.0,1.0,quart,976.0,,,,,,,,,,,,,,,,,,,,,,,,
MILK2,Milk 2%,dairy,beverage,,,,1080,"Milk, reduced fat, fluid, 2% milkfat, with added nonfat milk solids and vitamin A and vitamin D",51.0,3.5,1.9,5.0,0.0,88.9,0.0,1.0,custom (g),100.0,1.0,cup,245.0,1.0,quart,980.0,,,,,,,,,,,,,,,,,,,,,,,,,,,,,,
MILKBUFFALO,Milk Buffalo,dairy,beverage,,,,1108,"Milk, indian buffalo, fluid",97.0,3.8,6.9,5.2,0.0,83.4,0.0,1.0,custom (g),100.0,1.0,cup,244.0,1.0,quart,976.0,,,,,,,,,,,,,,,,,,,,,,,,,,,,,,
MILKCHOC,Milk Choc Beverage,dairy,beverage,,,,14182,"Beverages, Chocolate syrup, prepared with whole milk",90.0,3.1,3.0,12.8,0.3,80.5,11.3,1.0,custom (g),100.0,1.0,cup (8 fl oz),282.0,,,,,,,,,,,,,,,,,,,,,,,,,,,,,,,,,
MILKCONDENSED,Milk Condensed,dairy,,,,,1095,"Milk, canned, condensed, sweetened",321.0,7.9,8.7,54.4,0.0,27.2,54.4,1.0,custom (g),100.0,1.0,fl oz,38.2,1.0,cup,306.0,,,,,,,,,,,,,,,,,,,,,,,,,,,,,,
MILKEVAPORATED,Milk Evaporated,dairy,,,,,1214,"Milk, canned, evaporated, without added vitamin A and vitamin D",135.0,6.8,7.6,10.0,0.0,74.0,10.0,1.0,custom (g),100.0,1.0,cup,252.0,1.0,fl oz,31.5,1.0,can (13 oz),369.0,0.5,cup,126.0,,,,,,,,,,,,,,,,,,,,,,,,
MILKFISH,Milkfish,protein,,,,,15202,"Fish, milkfish, cooked, dry heat",190.0,26.3,8.6,0.0,0.0,62.6,0.0,1.0,custom (g),100.0,3.0,oz,85.0,,,,,,,,,,,,,,,,,,,,,,,,,,,,,,,,,
MILKSHAKECHOC,Milkshake Choc,dairy,beverage,,,1,1110,"Milk shakes, thick chocolate",119.0,3.0,2.7,21.1,0.3,72.2,20.9,1.0,custom (g),100.0,1.0,fl oz,28.4,1.0,container (10.6 oz),300.0,,,,,,,,,,,,,,,,,,,,,,,,,,,,,,
MILKSHAKEVANILLA,Milkshake Vanilla,dairy,beverage,,,1,1111,"Milk shakes, thick vanilla",112.0,3.9,3.0,17.8,0.0,74.5,17.8,1.0,custom (g),100.0,1.0,fl oz,28.4,1.0,container (11 oz),313.0,,,,,,,,,,,,,,,,,,,,,,,,,,,,,,
MILLET,Millet,grain,,,,,20032,"Millet, cooked",119.0,3.5,1.0,23.7,1.3,71.4,0.1,1.0,custom (g),100.0,1.0,cup,174.0,,,,,,,,,,,,,,,,,,,,,,,,,,,,,,,,,
MINCEPIE,Pie Mince,sweets,,,,1,18322,"Pie, mince, prepared from recipe",289.0,2.6,10.8,48.0,2.6,37.4,28.31,1.0,custom (g),100.0,1.0,oz,28.35,1.0,"piece (1/8 of 9"" dia)",165.0,,,,,,,,,,,,,,,,,,,,,,,,,,,,,,
MISO,Miso,spice,,,,,16112,Miso,198.0,12.8,6.0,25.4,5.4,43.0,6.2,1.0,custom (g),100.0,1.0,tbsp,17.0,1.0,cup,275.0,,,,,,,,,,,,,,,,,,,,,,,,,,,,,,
MOLASSES,Molasses,spice,,,,,19304,Molasses,290.0,0.0,0.1,74.7,0.0,21.9,74.7,1.0,custom (g),100.0,1.0,cup,337.0,1.0,serving 1 tbsp,20.0,,,,,,,,,,,,,,,,,,,,,,,,,,,,,,
MONKFISH,Monkfish,protein,,,,,15203,"Fish, monkfish, cooked, dry heat",97.0,18.6,1.9,0.0,0.0,78.5,0.0,1.0,custom (g),100.0,3.0,oz,85.0,,,,,,,,,,,,,,,,,,,,,,,,,,,,,,,,,
MONTEREY,Monterey,dairy,,,,,1025,"Cheese, monterey",373.0,24.5,30.3,0.7,0.0,41.0,0.5,1.0,custom (g),100.0,1.0,"cup, diced",132.0,1.0,"cup, shredded",113.0,1.0,oz,28.35,1.0,cubic inch,17.0,1.0,slice (1 oz),28.0,1.0,package (6 oz),170.0,,,,,,,,,,,,,,,,,,
MOOSE,Moose,protein,,,,,35049,"Moose, meat, raw (Alaska Native)",103.0,22.3,1.5,0.0,0.0,74.8,0.0,1.0,custom (g),100.0,,,,,,,,,,,,,,,,,,,,,,,,,,,,,,,,,,,,
MOREL,Morel Raw,vegetable,,,,,11240,"Mushrooms, morel, raw",31.0,3.1,0.6,5.1,2.8,89.6,0.6,1.0,custom (g),100.0,1.0,cup,66.0,1.0,piece,12.9,,,,,,,,,,,,,,,,,,,,,,,,,,,,,,
MORTADELLA,Mortadella,protein,prepared,,,,7050,"Mortadella, beef, pork",311.0,16.4,25.4,3.0,0.0,52.3,0.0,1.0,custom (g),100.0,1.0,oz,28.35,1.0,slice (15 per 8 oz package),15.0,,,,,,,,,,,,,,,,,,,,,,,,,,,,,,
MOTHBEAN,Mothbean,legume,,,,,16079,"Mothbeans, mature seeds, cooked, boiled, without salt",117.0,7.8,0.6,21.0,0.0,69.2,0.0,1.0,custom (g),100.0,1.0,cup,177.0,,,,,,,,,,,,,,,,,,,,,,,,,,,,,,,,,
MOUNTAINYAM,Mountain Yam Cooked,vegetable,,,,,11259,"Mountain yam, hawaii, cooked, steamed, without salt",82.0,1.7,0.1,20.0,0.0,77.1,0.0,1.0,custom (g),100.0,1.0,"cup, cubes",145.0,,,,,,,,,,,,,,,,,,,,,,,,,,,,,,,,,
MOUSENUT,Mousenut,nuts,,,,,12004,"Seeds, breadnut tree seeds, raw",217.0,6.0,1.0,46.3,0.0,45.0,0.0,1.0,custom (g),100.0,1.0,oz (8-14 seeds),28.35,,,,,,,,,,,,,,,,,,,,,,,,,,,,,,,,,
MOZZARELLA,Mozzarella,dairy,,,,,1026,"Cheese, mozzarella, whole milk",300.0,22.2,22.4,2.2,0.0,50.0,1.0,1.0,custom (g),100.0,1.0,"cup, shredded",112.0,1.0,oz,28.35,6.0,slices,170.0,,,,,,,,,,,,,,,,,,,,,,,,,,,
MOZZARELLASKIM,Mozzarella Part Skim,dairy,,,,,1028,"Cheese, mozzarella, part skim milk",254.0,24.3,15.9,2.8,0.0,53.8,1.1,1.0,custom (g),100.0,1.0,oz,28.35,,,,,,,,,,,,,,,,,,,,,,,,,,,,,,,,,
MUENSTER,Muenster,dairy,,,,,1030,"Cheese, muenster",368.0,23.4,30.0,1.1,0.0,41.8,1.1,1.0,custom (g),100.0,1.0,"cup, diced",132.0,1.0,"cup, shredded",113.0,1.0,oz,28.35,1.0,cubic inch,18.0,1.0,slice (1 oz),28.0,1.0,package (6 oz),170.0,,,,,,,,,,,,,,,,,,
MUFFINCORN,Muffin Corn,prepared,,,,1,18282,"Muffins, corn, prepared from recipe, made with low fat (2%) milk",316.0,7.1,12.3,44.2,0.0,33.0,0.0,1.0,custom (g),100.0,1.0,oz,28.35,1.0,"muffin (2-3/4"" dia x 2"")",57.0,,,,,,,,,,,,,,,,,,,,,,,,,,,,,,
MUFFUNBLUEBERRY,Muffin Blueberry,prepared,,,,1,18278,"Muffins, blueberry, prepared from recipe, made with low fat (2%) milk",285.0,6.5,10.8,40.7,0.0,39.5,0.0,1.0,custom (g),100.0,1.0,oz,28.35,1.0,muffin,57.0,,,,,,,,,,,,,,,,,,,,,,,,,,,,,,
MULBERRY,Mulberry,fruit,,,,,9190,"Mulberries, raw",43.0,1.4,0.4,9.8,1.7,87.7,8.1,1.0,custom (g),100.0,1.0,cup,140.0,10.0,fruit,15.0,,,,,,,,,,,,,,,,,,,,,,,,,,,,,,
MULLET,Mullet,protein,,,,,15056,"Fish, mullet, striped, cooked, dry heat",150.0,24.8,4.9,0.0,0.0,70.5,0.0,1.0,custom (g),100.0,1.0,fillet,93.0,3.0,oz,85.0,,,,,,,,,,,,,,,,,,,,,,,,,,,,,,
MULTIGRAIN,Multigrain,prepared,grain,,,,3996,"Babyfood, Multigrain whole grain cereal, dry fortified",407.0,6.7,6.7,80.1,6.7,4.6,26.7,1.0,custom (g),100.0,,,,,,,,,,,,,,,,,,,,,,,,,,,,,,,,,,,,
MUNGBEAN,Mungbean,legume,,,,,11044,"Mung beans, mature seeds, sprouted, cooked, boiled, drained, without salt",21.0,2.0,0.1,4.2,0.8,93.4,2.8,1.0,custom (g),100.0,1.0,cup,124.0,,,,,,,,,,,,,,,,,,,,,,,,,,,,,,,,,
MUNGO,Mungo,legume,,,,,16084,"Mungo beans, mature seeds, cooked, boiled, without salt",105.0,7.5,0.6,18.3,6.4,72.5,2.0,1.0,custom (g),100.0,1.0,cup,180.0,1.0,"oz dry, yield after cooking",69.0,,,,,,,,,,,,,,,,,,,,,,,,,,,,,,
MUSHROOM,White Mushroom Cooked,vegetable,,,,,11261,"Mushrooms, white, cooked, boiled, drained, without salt",28.0,2.2,0.5,5.3,2.2,91.1,2.3,1.0,custom (g),100.0,1.0,cup pieces,156.0,1.0,tbsp,9.8,1.0,mushroom,12.0,,,,,,,,,,,,,,,,,,,,,,,,,,,
MUSKRAT,Muskrat,protein,,,,,17175,"Game meat, muskrat, cooked, roasted",234.0,30.1,11.7,0.0,0.0,55.6,0.0,1.0,custom (g),100.0,3.0,oz,85.0,1.0,"piece, cooked (yield from 1 lb raw meat, boneless)",313.0,,,,,,,,,,,,,,,,,,,,,,,,,,,,,,
MUSSEL,Mussel,protein,,,,,15165,"Mollusks, mussel, blue, cooked, moist heat",172.0,23.8,4.5,7.4,0.0,61.1,0.0,1.0,custom (g),100.0,3.0,oz,85.0,,,,,,,,,,,,,,,,,,,,,,,,,,,,,,,,,
MUSTARD,Mustard,spice,,,,,2046,"Mustard, prepared, yellow",60.0,3.7,3.3,5.8,4.0,83.7,0.9,1.0,custom (g),100.0,1.0,tsp or 1 packet,5.0,1.0,cup,249.0,,,,,,,,,,,,,,,,,,,,,,,,,,,,,,
MUSTARDGREEN,Mustard Greens Cooked,vegetable,,,,,11271,"Mustard greens, cooked, boiled, drained, without salt",26.0,2.6,0.5,4.5,2.0,91.8,1.4,1.0,custom (g),100.0,1.0,"cup, chopped",140.0,,,,,,,,,,,,,,,,,,,,,,,,,,,,,,,,,
MUTTON,Mutton,protein,,,,,35141,"Mutton, cooked, roasted (Navajo)",234.0,33.4,11.1,0.1,0.0,54.0,0.0,1.0,custom (g),100.0,1.0,oz,28.35,,,,,,,,,,,,,,,,,,,,,,,,,,,,,,,,,
NAAN,Naan,prepared,,,,,28307,"Bread, naan, plain, commercially prepared, refrigerated",291.0,9.6,5.7,50.4,2.2,32.6,3.5,1.0,custom (g),100.0,1.0,piece,90.0,,,,,,,,,,,,,,,,,,,,,,,,,,,,,,,,,
NACHOS,Nachos,prepared,,,,,21078,"Fast foods, nachos, with cheese",343.0,4.3,21.5,34.9,3.2,37.4,2.2,1.0,custom (g),100.0,1.0,serving,80.0,,,,,,,,,,,,,,,,,,,,,,,,,,,,,,,,,
NACHOSBEANCHEESEBEEF,Nachos Bean Cheese Beef,prepared,,,,,21080,"Fast foods, nachos, with cheese, beans, ground beef, and tomatoes",219.0,6.2,12.5,21.4,3.7,58.1,1.6,1.0,custom (g),100.0,1.0,serving,222.0,,,,,,,,,,,,,,,,,,,,,,,,,,,,,,,,,
NANCE,Nance,fruit,,,,,9449,"Nance, frozen, unsweetened",73.0,0.7,1.2,17.0,7.5,80.6,8.3,1.0,custom (g),100.0,1.0,"cup without pits, thawed",112.0,3.0,"fruit without pits, thawed",9.8,,,,,,,,,,,,,,,,,,,,,,,,,,,,,,
NAPA,Napa Cabbage Cooked,vegetable,,,,,11970,"Cabbage, napa, cooked",12.0,1.1,0.2,2.2,0.0,96.3,0.0,1.0,custom (g),100.0,1.0,cup,109.0,,,,,,,,,,,,,,,,,,,,,,,,,,,,,,,,,
NATTO,Natto,legume,,,,,16113,Natto,211.0,19.4,11.0,12.7,5.4,55.0,4.9,1.0,custom (g),100.0,1.0,cup,175.0,,,,,,,,,,,,,,,,,,,,,,,,,,,,,,,,,
NAVYBEAN,Navy Bean,legume,,,,,11047,"Beans, navy, mature seeds, sprouted, cooked, boiled, drained, without salt",78.0,7.1,0.8,15.0,0.0,76.0,0.0,1.0,custom (g),100.0,,,,,,,,,,,,,,,,,,,,,,,,,,,,,,,,,,,,
NECK,Neck,protein,,,,,5089,"Chicken, broilers or fryers, neck, meat only, cooked, fried",229.0,26.9,11.9,1.8,0.0,58.7,0.0,1.0,custom (g),100.0,1.0,unit (yield from 1 lb ready-to-cook chicken),7.0,1.0,"neck, bone and skin removed",22.0,,,,,,,,,,,,,,,,,,,,,,,,,,,,,,
NECTARINE,Nectarine,fruit,,,,,9191,"Nectarines, raw",44.0,1.1,0.3,10.6,1.7,87.6,7.9,1.0,custom (g),100.0,1.0,cup slices,143.0,1.0,"small (2-1/3"" dia)",129.0,1.0,"medium (2-1/2"" dia)",142.0,1.0,"large (2-3/4"" dia)",156.0,1.0,NLEA serving,140.0,,,,,,,,,,,,,,,,,,,,,
NETTLES,Nettles Cooked,vegetable,,,,,35205,"Stinging Nettles, blanched (Northern Plains Indians)",42.0,2.7,0.1,7.5,6.9,87.7,0.2,1.0,custom (g),100.0,1.0,cup,89.0,,,,,,,,,,,,,,,,,,,,,,,,,,,,,,,,,
NEUFCHATEL,Neufchatel,dairy,,,,,1031,"Cheese, neufchatel",253.0,9.2,22.8,3.6,0.0,63.1,3.2,1.0,custom (g),100.0,1.0,oz,28.35,1.0,package (3 oz),85.0,,,,,,,,,,,,,,,,,,,,,,,,,,,,,,
NOODLEEGG,Noodle Egg,grain,,,,,20110,"Noodles, egg, enriched, cooked",138.0,4.5,2.1,25.2,1.2,67.7,0.4,1.0,custom (g),100.0,1.0,cup,160.0,,,,,,,,,,,,,,,,,,,,,,,,,,,,,,,,,
NOODLEFLAT,Noodles Flat,grain,,,,,20118,"Noodles, flat, crunchy, Chinese restaurant",521.0,10.3,31.7,51.9,1.9,4.9,0.2,1.0,custom (g),100.0,1.0,cup,45.0,,,,,,,,,,,,,,,,,,,,,,,,,,,,,,,,,
NOODLERICE,Rice Noodles,grain,,,,,20134,"Rice noodles, cooked",108.0,1.8,0.2,24.0,1.0,73.8,0.0,1.0,custom (g),100.0,1.0,cup,176.0,,,,,,,,,,,,,,,,,,,,,,,,,,,,,,,,,
NOODLESCHOWMEIN,Noodles Chow Mein,grain,prepared,,,,20113,"Noodles, Chinese, chow mein",,,,,,,,,,,,,,,,,,,,,,,,,,,,,,,,,,,,,,,,,,,,,,
NOODLESOBA,Noodle Soba,grain,,,,,20115,"Noodles, japanese, soba, cooked",99.0,5.1,0.1,21.4,0.0,73.0,0.0,1.0,custom (g),100.0,1.0,cup,114.0,,,,,,,,,,,,,,,,,,,,,,,,,,,,,,,,,
NOODLESOMEN,Noodle Somen,grain,,,,,20117,"Noodles, japanese, somen, cooked",131.0,4.0,0.2,27.5,0.0,67.9,0.0,1.0,custom (g),100.0,1.0,cup,176.0,,,,,,,,,,,,,,,,,,,,,,,,,,,,,,,,,
NOPALES,Nopales Cooked,vegetable,,,,,11964,"Nopales, cooked, without salt",15.0,1.4,0.1,3.3,2.0,94.3,1.1,1.0,custom (g),100.0,1.0,cup,149.0,1.0,pad,29.0,,,,,,,,,,,,,,,,,,,,,,,,,,,,,,
NORTHERNBEAN,Northern Bean,legume,,,,,16025,"Beans, great northern, mature seeds, cooked, boiled, without salt",118.0,8.3,0.5,21.1,7.0,69.0,0.0,1.0,custom (g),100.0,1.0,cup,177.0,,,,,,,,,,,,,,,,,,,,,,,,,,,,,,,,,
NUTMEG,Nutmeg,spice,,,,,2025,"Spices, nutmeg, ground",525.0,5.8,36.3,49.3,20.8,6.2,3.0,1.0,custom (g),100.0,1.0,tsp,2.2,1.0,tbsp,7.0,,,,,,,,,,,,,,,,,,,,,,,,,,,,,,
OAT,Oat,grain,,,,,20034,"Oat bran, cooked",40.0,3.2,0.9,11.4,2.6,84.0,0.0,1.0,custom (g),100.0,1.0,cup,219.0,,,,,,,,,,,,,,,,,,,,,,,,,,,,,,,,,
OATBRAN,Oat Bran,grain,,,,,20033,"Oat bran, raw",246.0,17.3,7.0,66.2,15.4,6.5,1.4,1.0,custom (g),100.0,1.0,cup,94.0,,,,,,,,,,,,,,,,,,,,,,,,,,,,,,,,,
OATBRANCOOKED,Oat Bran Cooked,grain,,,,,20034,"Oat bran, cooked",40.0,3.2,0.9,11.4,2.6,84.0,0.0,1.0,custom (g),100.0,1.0,cup,219.0,,,,,,,,,,,,,,,,,,,,,,,,,,,,,,,,,
OATMEAL,Oatmeal,grain,,,,,8640,"Cereals, QUAKER, Instant Oatmeal Organic, Regular",367.0,16.0,6.3,67.0,9.8,8.8,0.0,1.0,custom (g),100.0,1.0,packet,41.0,,,,,,,,,,,,,,,,,,,,,,,,,,,,,,,,,
OCTOPUS,Octopus,protein,,,,,35054,Octopus (Alaska Native),56.0,12.3,0.8,0.0,0.0,84.0,0.0,1.0,custom (g),100.0,,,,,,,,,,,,,,,,,,,,,,,,,,,,,,,,,,,,
OHELOBERRY,Oheloberry,fruit,,,,,9192,"Oheloberries, raw",28.0,0.4,0.2,6.8,0.0,92.3,0.0,1.0,custom (g),100.0,1.0,cup,140.0,10.0,fruit,11.0,,,,,,,,,,,,,,,,,,,,,,,,,,,,,,
OILALMOND,Almond Oil,fats,,,,,4529,"Oil, almond",884.0,0.0,100.0,0.0,0.0,0.0,0.0,1.0,custom (g),100.0,1.0,tablespoon,13.6,1.0,cup,218.0,1.0,tsp,4.5,,,,,,,,,,,,,,,,,,,,,,,,,,,
OILAVOCADO,Avocado Oil,fats,,,,,4581,"Oil, avocado",884.0,0.0,100.0,0.0,0.0,0.0,0.0,1.0,custom (g),100.0,1.0,tbsp,14.0,1.0,cup,218.0,1.0,tsp,4.5,,,,,,,,,,,,,,,,,,,,,,,,,,,
OILCANOLA,Canola Oil,fats,,,,,4582,"Oil, canola",884.0,0.0,100.0,0.0,0.0,0.0,0.0,1.0,custom (g),100.0,1.0,tbsp,14.0,1.0,cup,218.0,1.0,tsp,4.5,,,,,,,,,,,,,,,,,,,,,,,,,,,
OILCOCONUT,Coconut Oil,fruit,nuts,fats,Botanically a drupe (fruit),,4047,"Oil, coconut",892.0,0.0,99.1,0.0,0.0,0.0,0.0,1.0,custom (g),100.0,1.0,tbsp,13.6,1.0,cup,218.0,1.0,tsp,4.5,,,,,,,,,,,,,,,,,,,,,,,,,,,
OILCODLIVER,Cod Liver Oil,fats,,,,,4589,"Fish oil, cod liver",902.0,0.0,100.0,0.0,0.0,0.0,0.0,1.0,custom (g),100.0,1.0,tsp,4.5,1.0,tbsp,13.6,1.0,cup,218.0,,,,,,,,,,,,,,,,,,,,,,,,,,,
OILCORN,Corn Oil,fats,,,,,4518,"Oil, corn, industrial and retail, all purpose salad or cooking",900.0,0.0,100.0,0.0,0.0,0.0,0.0,1.0,custom (g),100.0,1.0,tbsp,13.6,1.0,cup,218.0,1.0,tsp,4.5,,,,,,,,,,,,,,,,,,,,,,,,,,,
OILCOTTONSEED,Cottonseed Oil,fats,,,,,4502,"Oil, cottonseed, salad or cooking",884.0,0.0,100.0,0.0,0.0,0.0,0.0,1.0,custom (g),100.0,1.0,tablespoon,13.6,1.0,cup,218.0,1.0,tsp,4.5,,,,,,,,,,,,,,,,,,,,,,,,,,,
OILOAT,Oat Oil,fats,,,,,4588,"Oil, oat",884.0,0.0,100.0,0.0,0.0,0.0,0.0,1.0,custom (g),100.0,1.0,tbsp,13.6,1.0,cup,218.0,1.0,tsp,4.5,,,,,,,,,,,,,,,,,,,,,,,,,,,
OILOLIVE,Olive Oil,fats,,,,,4053,"Oil, olive, salad or cooking",884.0,0.0,100.0,0.0,0.0,0.0,0.0,1.0,custom (g),100.0,1.0,tablespoon,13.5,1.0,cup,216.0,1.0,tsp,4.5,,,,,,,,,,,,,,,,,,,,,,,,,,,
OILPALM,Palm Oil,fats,,,,,4055,"Oil, palm",884.0,0.0,100.0,0.0,0.0,0.0,0.0,1.0,custom (g),100.0,1.0,tbsp,13.6,1.0,cup,216.0,1.0,tsp,4.5,,,,,,,,,,,,,,,,,,,,,,,,,,,
OILPOPPYSEED,Poppyseed Oil,fats,,,,,4514,"Oil, poppyseed",884.0,0.0,100.0,0.0,0.0,0.0,0.0,1.0,custom (g),100.0,1.0,tablespoon,13.6,1.0,cup,218.0,1.0,tsp,4.5,,,,,,,,,,,,,,,,,,,,,,,,,,,
OILRICEBRAN,Rice Bran,fats,,,,,4037,"Oil, rice bran",884.0,0.0,100.0,0.0,0.0,0.0,0.0,1.0,custom (g),100.0,1.0,tablespoon,13.6,1.0,cup,218.0,1.0,tsp,4.5,,,,,,,,,,,,,,,,,,,,,,,,,,,
OILSALMON,Salmon Oil,fats,,,,,4593,"Fish oil, salmon",902.0,0.0,100.0,0.0,0.0,0.0,0.0,1.0,custom (g),100.0,1.0,tbsp,13.6,1.0,tsp,4.5,1.0,cup,218.0,,,,,,,,,,,,,,,,,,,,,,,,,,,
OILSESAME,Sesame Oil,fats,,,,,4058,"Oil, sesame, salad or cooking",884.0,0.0,100.0,0.0,0.0,0.0,0.0,1.0,custom (g),100.0,1.0,tablespoon,13.6,1.0,cup,218.0,1.0,tsp,4.5,,,,,,,,,,,,,,,,,,,,,,,,,,,
OILSUNFLOWER,Sunflower Oil,fats,,,,,4545,"Oil, sunflower, linoleic, (partially hydrogenated)",884.0,0.0,100.0,0.0,0.0,0.0,0.0,1.0,custom (g),100.0,1.0,tbsp,13.6,1.0,cup,218.0,1.0,tsp,4.5,,,,,,,,,,,,,,,,,,,,,,,,,,,
OILWHEATGERM,Wheat Germ Oil,fats,,,,,4038,"Oil, wheat germ",884.0,0.0,100.0,0.0,0.0,0.0,0.0,1.0,custom (g),100.0,1.0,tsp,4.5,1.0,tablespoon,13.6,1.0,cup,218.0,,,,,,,,,,,,,,,,,,,,,,,,,,,
OKARA,Okara,legume,,,,,16130,Okara,76.0,3.5,1.7,12.2,0.0,81.6,0.0,1.0,custom (g),100.0,1.0,cup,122.0,,,,,,,,,,,,,,,,,,,,,,,,,,,,,,,,,
OKRA,Okra Raw,vegetable,,,,,11279,"Okra, cooked, boiled, drained, without salt",22.0,1.9,0.2,4.5,2.5,92.6,2.4,1.0,custom (g),100.0,0.5,cup slices,80.0,8.0,"pods (3"" long)",85.0,,,,,,,,,,,,,,,,,,,,,,,,,,,,,,
OLIVEBLACK,Olive Black,fruit,fats,,Botanically a fruit,,9193,"Olives, ripe, canned (small-extra large)",115.0,0.8,10.7,6.3,3.2,80.0,0.0,1.0,custom (g),100.0,1.0,tbsp,8.4,1.0,large,4.4,1.0,small,3.2,,,,,,,,,,,,,,,,,,,,,,,,,,,
OLIVEGREEN,Olive Green,fruit,fats,,Botanically a fruit,,9195,"Olives, pickled, canned or bottled, green",145.0,1.0,15.3,3.8,3.3,75.3,0.5,1.0,custom (g),100.0,1.0,olive,2.7,,,,,,,,,,,,,,,,,,,,,,,,,,,,,,,,,
ONION,Onion Raw,vegetable,spice,,A bulb vegetable,,11282,"Onions, raw",40.0,1.1,0.1,9.3,1.7,89.1,4.2,1.0,custom (g),100.0,1.0,"cup, chopped",160.0,1.0,"cup, sliced",115.0,1.0,tbsp chopped,10.0,1.0,large,150.0,1.0,"slice, large (1/4"" thick)",38.0,1.0,"medium (2-1/2"" dia)",110.0,1.0,"slice, medium (1/8"" thick)",14.0,1.0,small,70.0,1.0,"slice, thin",9.0,10.0,rings,60.0,,,,,,
OPOSSUM,Opossum,protein,,,,,17176,"Game meat, opossum, cooked, roasted",221.0,30.2,10.2,0.0,0.0,58.3,0.0,1.0,custom (g),100.0,3.0,oz,85.0,1.0,"piece, cooked (yield from 1 lb raw meat, boneless)",399.0,,,,,,,,,,,,,,,,,,,,,,,,,,,,,,
ORANGE,Oranges all,fruit,,,,,9200,"Oranges, raw, all commercial varieties",47.0,0.9,0.1,11.8,2.4,86.8,9.3,1.0,custom (g),100.0,1.0,"cup, sections",180.0,1.0,"large (3-1/16"" dia)",184.0,1.0,"small (2-3/8"" dia)",96.0,1.0,"fruit (2-5/8"" dia)",131.0,,,,,,,,,,,,,,,,,,,,,,,,
ORANGECALVAL,Oranges Valencia,fruit,,,,,9201,"Oranges, raw, California, valencias",49.0,1.0,0.3,11.9,2.5,86.3,0.0,1.0,custom (g),100.0,1.0,"cup sections, without membranes",180.0,1.0,"fruit (2-5/8"" dia)",121.0,,,,,,,,,,,,,,,,,,,,,,,,,,,,,,
ORANGEFLORDIA,Oranges Flordia,fruit,,,,,9203,"Oranges, raw, Florida",46.0,0.7,0.2,11.5,2.4,87.1,9.1,1.0,custom (g),100.0,1.0,"cup sections, without membranes",185.0,1.0,"fruit (2-5/8"" dia)",141.0,1.0,"fruit (2-11/16"" dia)",151.0,,,,,,,,,,,,,,,,,,,,,,,,,,,
ORANGEJUICE,Orange Juice Canned,beverage,,,,,9207,"Orange juice, canned, unsweetened",47.0,0.7,0.1,11.0,0.3,87.7,8.8,1.0,custom (g),100.0,1.0,cup,249.0,1.0,fl oz,31.1,1.0,drink box (8.45 fl oz),263.0,,,,,,,,,,,,,,,,,,,,,,,,,,,
ORANGEJUICECAN,Orange Juice Concentrate,fruit,beverage,,,,9215,"Orange juice, frozen concentrate, unsweetened, diluted with 3 volume water",37.0,0.6,0.1,8.8,0.2,90.1,7.4,1.0,custom (g),100.0,1.0,cup,249.0,1.0,fl oz,31.1,,,,,,,,,,,,,,,,,,,,,,,,,,,,,,
ORANGEMARMALADE,Orange Marmalade,fruit,sweets,,,,19303,"Marmalade, orange",246.0,0.3,0.0,66.3,0.7,33.2,60.0,1.0,custom (g),100.0,1.0,tbsp,20.0,1.0,package (0.5 oz),14.0,1.0,serving,20.0,1.0,cup,320.0,,,,,,,,,,,,,,,,,,,,,,,,
ORANGENAVEL,Oranges Navel,fruit,,,,,9202,"Oranges, raw, navels",49.0,0.9,0.1,12.5,2.2,86.0,8.5,1.0,custom (g),100.0,1.0,"cup sections, without membranes",165.0,1.0,"fruit (2-7/8"" dia)",140.0,1.0,NLEA serving,154.0,,,,,,,,,,,,,,,,,,,,,,,,,,,
ORANGEPEEL,Orange Peel,fruit,,,,,9216,"Orange peel, raw",97.0,1.5,0.2,25.0,10.6,72.5,0.0,1.0,custom (g),100.0,1.0,tbsp,6.0,1.0,tsp,2.0,,,,,,,,,,,,,,,,,,,,,,,,,,,,,,
OREGANO,Oregano,spice,,,,,2027,"Spices, oregano, dried",265.0,9.0,4.3,68.9,42.5,9.9,4.1,1.0,custom (g),100.0,1.0,"tsp, leaves",1.0,1.0,"tsp, ground",1.8,,,,,,,,,,,,,,,,,,,,,,,,,,,,,,
OSTRICH,Ostrich,protein,,,,,5647,"Ostrich, inside strip, cooked",164.0,29.4,4.3,0.0,0.0,66.5,0.0,1.0,custom (g),100.0,1.0,serving ( 3 oz ),85.0,,,,,,,,,,,,,,,,,,,,,,,,,,,,,,,,,
OYSTERCOOKED,Oyster Cooked,protein,,,,,15231,"Mollusks, oyster, Pacific, cooked, moist heat",163.0,18.9,4.6,9.9,0.0,64.1,0.0,1.0,custom (g),100.0,1.0,medium,25.0,3.0,oz,85.0,,,,,,,,,,,,,,,,,,,,,,,,,,,,,,
OYSTERMUSHROOM,Oyster Mushroom,vegetable,,,,,11987,"Mushrooms, oyster, raw",33.0,3.3,0.4,6.1,2.3,89.2,1.1,1.0,custom (g),100.0,1.0,large,148.0,1.0,small,15.0,1.0,cup sliced,86.0,,,,,,,,,,,,,,,,,,,,,,,,,,,
OYSTERRAW,Oyster Raw,protein,,,,,15171,"Mollusks, oyster, Pacific, raw",81.0,9.4,2.3,5.0,0.0,82.1,0.0,1.0,custom (g),100.0,1.0,medium,50.0,3.0,oz,85.0,,,,,,,,,,,,,,,,,,,,,,,,,,,,,,
PAKCHOI,Pakchoi Cooked,vegetable,,,,,11117,"Cabbage, chinese (pak-choi), cooked, boiled, drained, without salt",12.0,1.6,0.2,1.8,1.0,95.5,0.8,1.0,custom (g),100.0,1.0,"cup, shredded",170.0,,,,,,,,,,,,,,,,,,,,,,,,,,,,,,,,,
PANCAKE,Pancake Buttermilk,prepared,,,,1,18390,"Pancakes, buttermilk, prepared from recipe",227.0,6.8,9.3,28.7,0.0,52.5,0.0,1.0,custom (g),100.0,1.0,oz,28.35,1.0,"pancake (4"" dia)",38.0,1.0,"pancake (6"" dia)",77.0,,,,,,,,,,,,,,,,,,,,,,,,,,,
PANCAKEBLUEBERRY,Pancake Blueberry,prepared,,,,1,18294,"Pancakes, blueberry, prepared from recipe",222.0,6.1,9.2,29.0,0.0,53.2,0.0,1.0,custom (g),100.0,1.0,oz,28.35,1.0,"pancake (4"" dia)",38.0,1.0,"pancake (6"" dia)",77.0,,,,,,,,,,,,,,,,,,,,,,,,,,,
PANCAKEGLUTENFREE,Pancake Gluten Free,prepared,,,,1,28347,"Pancakes, gluten-free, frozen, ready-to-heat",215.0,3.3,4.5,40.3,1.5,50.2,4.1,1.0,custom (g),100.0,1.0,pancake,48.0,1.0,box,352.0,,,,,,,,,,,,,,,,,,,,,,,,,,,,,,
PANCAKEPLAIN,Pancake Plain,prepared,,,,1,18293,"Pancakes, plain, prepared from recipe",227.0,6.4,9.7,28.3,0.0,52.9,0.0,1.0,custom (g),100.0,1.0,oz,28.35,1.0,"pancake (4"" dia)",38.0,1.0,"pancake (6"" dia)",77.0,,,,,,,,,,,,,,,,,,,,,,,,,,,
PANCREAS,Pancreas,protein,,,,,13331,"Beef, variety meats and by-products, pancreas, raw",235.0,15.7,18.6,0.0,0.0,65.2,0.0,1.0,custom (g),100.0,1.0,oz,28.35,4.0,oz,113.0,,,,,,,,,,,,,,,,,,,,,,,,,,,,,,
PANDULCE,Breads Pandulce,prepared,grain,sweets,,,18955,"Bread, pan dulce, sweet yeast bread",367.0,9.4,11.6,56.4,2.3,21.5,12.5,1.0,custom (g),100.0,1.0,slice (average weight of 1 slice),63.0,,,,,,,,,,,,,,,,,,,,,,,,,,,,,,,,,
PAPAD,Papad,prepared,,,,,42200,Papad,371.0,25.6,3.2,59.9,18.6,3.5,0.0,1.0,custom (g),100.0,,,,,,,,,,,,,,,,,,,,,,,,,,,,,,,,,,,,
PAPAYA,Papaya,fruit,,,,,9226,"Papayas, raw",43.0,0.5,0.3,10.8,1.7,88.1,7.8,1.0,custom (g),100.0,1.0,"cup 1"" pieces",145.0,1.0,"cup, mashed",230.0,1.0,"fruit, small",157.0,1.0,"fruit, large",781.0,,,,,,,,,,,,,,,,,,,,,,,,
PAPRIKA,Paprika,spice,,,,,2028,"Spices, paprika",282.0,14.1,12.9,54.0,34.9,11.2,10.3,1.0,custom (g),100.0,1.0,tsp,2.3,1.0,tbsp,6.8,,,,,,,,,,,,,,,,,,,,,,,,,,,,,,
PARATHA,Paratha,prepared,,,,,28286,"Bread, paratha, whole wheat, commercially prepared, frozen",326.0,6.4,13.2,45.4,9.6,33.5,4.2,1.0,custom (g),100.0,1.0,piece,79.0,,,,,,,,,,,,,,,,,,,,,,,,,,,,,,,,,
PARMESAN,Parmesan,dairy,,,,,1033,"Cheese, parmesan, hard",392.0,35.8,25.8,3.2,0.0,29.2,0.8,1.0,custom (g),100.0,1.0,oz,28.35,1.0,cubic inch,10.3,5.0,package (5 oz),142.0,,,,,,,,,,,,,,,,,,,,,,,,,,,
PARSLEY,Parsley,spice,,,,,11297,"Parsley, fresh",36.0,3.0,0.8,6.3,3.3,87.7,0.8,1.0,custom (g),100.0,1.0,cup chopped,60.0,1.0,tbsp,3.8,10.0,sprigs,10.0,,,,,,,,,,,,,,,,,,,,,,,,,,,
PARSNIP,Parsnip Cooked,vegetable,,,,,11299,"Parsnips, cooked, boiled, drained, without salt",71.0,1.3,0.3,17.0,3.6,80.2,4.8,1.0,custom (g),100.0,0.5,cup slices,78.0,1.0,"parsnip (9"" long)",160.0,,,,,,,,,,,,,,,,,,,,,,,,,,,,,,
PASILLA,Pasilla,fruit,spice,,,,11982,"Peppers, pasilla, dried",345.0,12.3,15.8,51.1,26.8,14.8,0.0,1.0,custom (g),100.0,1.0,pepper,7.0,,,,,,,,,,,,,,,,,,,,,,,,,,,,,,,,,
PASSION,Passion,fruit,,,,,9231,"Passion-fruit, (granadilla), purple, raw",97.0,2.2,0.7,23.4,10.4,72.9,11.2,1.0,custom (g),100.0,1.0,cup,236.0,1.0,fruit without refuse,18.0,,,,,,,,,,,,,,,,,,,,,,,,,,,,,,
PASTA,Pasta Dry,grain,,,,,20420,"Pasta, dry, unenriched",371.0,13.0,1.5,74.7,3.2,9.9,2.7,1.0,custom (g),100.0,1.0,cup spaghetti,91.0,2.0,oz,57.0,1.0,cup elbows,122.0,1.0,cup penne,95.0,1.0,cup farfalle,81.0,1.0,cup rotini,96.0,1.0,cup shells,64.0,1.0,cup lasagna,90.0,,,,,,,,,,,,
PASTACOOKED,Pasta Cooked,grain,,,,,20521,"Pasta, cooked, unenriched, with added salt",157.0,5.8,0.9,30.6,1.8,62.1,0.6,1.0,custom (g),100.0,1.0,cup spaghetti not packed,124.0,1.0,cup spaghetti packed,151.0,1.0,cup elbows not packed,120.0,1.0,cup elbows packed,132.0,1.0,cup penne,107.0,1.0,cup rotini,107.0,1.0,cup farfalle,107.0,1.0,cup shells,105.0,1.0,cup lasagne,116.0,,,,,,,,,
PASTACORNCOOKED,Pasta Corn Cooked,grain,,,,,20092,"Pasta, gluten-free, corn, cooked",126.0,2.6,0.7,27.9,4.8,68.3,0.0,1.0,custom (g),100.0,1.0,cup,140.0,,,,,,,,,,,,,,,,,,,,,,,,,,,,,,,,,
PASTACORNDRY,Pasta Corn Dry,grain,,,,,20091,"Pasta, gluten-free, corn, dry",357.0,7.5,2.1,79.3,11.0,10.0,0.0,1.0,custom (g),100.0,1.0,cup,105.0,2.0,oz,57.0,,,,,,,,,,,,,,,,,,,,,,,,,,,,,,
PASTAPOMODOROCHIC,Pasta Chicken Pomodoro,,prepared,,,1,22984,"KASHI, Chicken Pasta Pomodoro, Frozen Entree",100.0,7.0,2.3,13.0,2.6,76.0,0.0,1.0,custom (g),100.0,1.0,package,283.0,,,,,,,,,,,,,,,,,,,,,,,,,,,,,,,,,
PASTAPRIMAVERAPESTO,Pasta Pesto Primavera,,prepared,,,1,22987,"KASHI Pesto Pasta Primavera, frozen, unprepared",101.0,3.8,3.8,13.0,2.4,77.9,0.0,1.0,custom (g),100.0,1.0,entree,283.0,,,,,,,,,,,,,,,,,,,,,,,,,,,,,,,,,
PASTARICEBRWNCK,Pasta Brown Rice Cooked,grain,,,,,20654,"Pasta, gluten-free, brown rice flour, cooked, TINKYADA",138.0,3.5,1.7,32.2,1.7,62.3,0.0,1.0,custom (g),100.0,1.0,cup spaghetti not packed,169.0,1.0,cup penne not packed,131.0,1.0,cup fettucini not packed,153.0,1.0,cup spirals not packed,136.0,1.0,cup elbows not packed,131.0,1.0,cup shells not packed,156.0,,,,,,,,,,,,,,,,,,
PASTASPINACHFRESH,Pasta Spinach Fresh,grain,,,,,20095,"Pasta, fresh-refrigerated, spinach, as purchased",289.0,11.3,2.1,55.7,0.0,30.1,0.0,1.0,custom (g),100.0,4.5,oz,128.0,,,,,,,,,,,,,,,,,,,,,,,,,,,,,,,,,
PASTASPINACHFRESHCK,Pasta Spinach Fresh Cooked,grain,,,,,20096,"Pasta, fresh-refrigerated, spinach, cooked",130.0,5.1,0.9,25.0,0.0,68.6,0.0,1.0,custom (g),100.0,2.0,oz,57.0,,,,,,,,,,,,,,,,,,,,,,,,,,,,,,,,,
PASTATOMATOMEATLESS,Pasta with Tomato Sauce Meatless,,prepared,,,1,22914,"Pasta with tomato sauce, no meat, canned",70.0,2.2,0.4,14.2,0.9,82.2,4.0,1.0,custom (g),100.0,1.0,serving (1 NLEA serving),252.0,1.0,cup,238.0,,,,,,,,,,,,,,,,,,,,,,,,,,,,,,
PASTATORTCHEESE,Pasta Cheese Tortellini,,prepared,,,1,22901,"Tortellini, pasta with cheese filling, fresh-refrigerated, as purchased",307.0,13.5,7.2,47.0,1.9,30.5,0.9,1.0,custom (g),100.0,0.75,cup,81.0,,,,,,,,,,,,,,,,,,,,,,,,,,,,,,,,,
PASTAWHOLECK,Pasta Whole Wheat Cooked,grain,,,,,20125,"Pasta, whole-wheat, cooked",149.0,6.0,1.7,30.1,3.9,61.8,0.8,1.0,custom (g),100.0,1.0,cup spaghetti not packed,117.0,1.0,cup spaghetti packed,151.0,1.0,cup elbows,117.0,1.0,cup penne,97.0,1.0,cup shells,105.0,1.0,cup lasagne,116.0,1.0,cup rotini,107.0,1.0,cup farfalle,107.0,,,,,,,,,,,,
PASTAWHOLEDRY,Pasta Whole Wheat Dry,grain,,,,,20124,"Pasta, whole-wheat, dry",352.0,13.9,2.9,73.4,9.2,8.2,2.7,1.0,custom (g),100.0,1.0,cup spaghetti,91.0,1.0,cup elbows,122.0,1.0,cup penne,95.0,1.0,cup farfalle,81.0,1.0,cup rotini,96.0,1.0,cup shells,64.0,1.0,cup lasagne,90.0,,,,,,,,,,,,,,,
PASTRAMI,Pastrami,protein,,,,,13355,"Beef, cured, pastrami",147.0,21.8,5.8,0.4,0.0,69.5,0.1,1.0,custom (g),100.0,1.0,"package, 2.5 oz",71.0,1.0,slice (1 oz),28.0,,,,,,,,,,,,,,,,,,,,,,,,,,,,,,
PASTRY,Pastry,sweets,,,,,18430,"Danish pastry, cinnamon, unenriched",403.0,7.0,22.4,44.6,1.2,24.3,0.0,1.0,custom (g),100.0,1.0,oz,28.35,1.0,"large (approx 7"" dia)",142.0,1.0,"small or frozen (approx 3"" dia)",35.0,1.0,"pastry (4-1/4"" dia)",65.0,1.0,Toaster Strudel,53.0,1.0,piece (1/8 of 15 oz ring),53.0,,,,,,,,,,,,,,,,,,
PASTRYCHEESE,Pastry Cheese,prepared,,,,,18245,"Danish pastry, cheese",374.0,8.0,21.9,37.2,1.0,31.4,7.0,1.0,custom (g),100.0,1.0,oz,28.35,1.0,pastry,71.0,,,,,,,,,,,,,,,,,,,,,,,,,,,,,,
PATE,Pate,protein,,,,,7942,"Pate, truffle flavor",327.0,11.2,28.5,6.3,0.0,51.8,0.0,1.0,custom (g),100.0,1.0,serving 2 oz,56.0,,,,,,,,,,,,,,,,,,,,,,,,,,,,,,,,,
PEACH,Peach,fruit,,,,,9236,"Peaches, yellow, raw",39.0,0.9,0.2,9.5,1.5,88.9,8.4,1.0,custom (g),100.0,1.0,cup slices,154.0,1.0,"small (2-1/2"" dia)",130.0,1.0,"medium (2-2/3"" dia)",150.0,1.0,"large (2-3/4"" dia)",175.0,1.0,"extra large (3"" dia)",224.0,1.0,NLEA serving,147.0,,,,,,,,,,,,,,,,,,
PEACHNECTAR,Peach Nectar,beverage,,,,,9251,"Peach nectar, canned, without added ascorbic acid",54.0,0.3,0.0,13.9,0.6,85.6,13.3,1.0,custom (g),100.0,1.0,cup,249.0,1.0,fl oz,31.1,,,,,,,,,,,,,,,,,,,,,,,,,,,,,,
PEACHPIE,Pie Peach,sweets,,,,1,18323,"Pie, peach",224.0,1.9,10.0,32.9,0.8,54.4,16.23,1.0,custom (g),100.0,1.0,oz,28.35,1.0,"piece (1/6 of 8"" pie)",117.0,,,,,,,,,,,,,,,,,,,,,,,,,,,,,,
PEANUT,Peanut,legume,nuts,fats,Botanically a legume,,16390,"Peanuts, all types, dry-roasted, without salt",587.0,24.4,49.7,21.3,8.4,1.8,4.9,1.0,custom (g),100.0,1.0,cup,146.0,1.0,oz,28.35,1.0,peanut,1.0,,,,,,,,,,,,,,,,,,,,,,,,,,,
PEANUTBUTTER,Peanut Butter,legume,nuts,fats,,,16098,"Peanut butter, smooth style, with salt",598.0,22.2,51.4,22.3,5.0,1.2,10.5,1.0,custom (g),100.0,2.0,tbsp,32.0,1.0,cup,258.0,,,,,,,,,,,,,,,,,,,,,,,,,,,,,,
PEANUTBUTTERCHUNK,Peanut Butter Chunky,legume,nuts,fats,,,16097,"Peanut butter, chunk style, with salt",589.0,24.1,49.9,21.6,8.0,1.1,8.4,1.0,custom (g),100.0,2.0,tbsp,32.0,1.0,cup,258.0,,,,,,,,,,,,,,,,,,,,,,,,,,,,,,
PEANUTDRYSALT,Peanuts Dry Roasted Salted,legume,nuts,fats,,,16090,"Peanuts, all types, dry-roasted, with salt",587.0,24.4,49.7,21.3,8.4,1.8,4.9,1.0,custom (g),100.0,1.0,oz,28.35,1.0,peanut,1.0,,,,,,,,,,,,,,,,,,,,,,,,,,,,,,
PEANUTOIL,Peanut Oil,fats,,,,,4042,"Oil, peanut, salad or cooking",884.0,0.0,100.0,0.0,0.0,0.0,0.0,1.0,custom (g),100.0,1.0,tbsp,13.5,1.0,cup,216.0,1.0,tsp,4.5,,,,,,,,,,,,,,,,,,,,,,,,,,,
PEANUTOILNOSALT,Peanut Oil Roasted no salt,legume,nuts,fats,,,16389,"Peanuts, all types, oil-roasted, without salt",599.0,28.0,52.5,15.3,9.4,1.4,4.2,1.0,custom (g),100.0,1.0,"cup,",144.0,1.0,oz shelled (32 nuts),28.35,,,,,,,,,,,,,,,,,,,,,,,,,,,,,,
PEANUTOILSALT,Peanut Oil Roasted Salted,legume,nuts,fats,,,16089,"Peanuts, all types, oil-roasted, with salt",599.0,28.0,52.5,15.3,9.4,1.4,4.2,1.0,custom (g),100.0,1.0,"cup, chopped",144.0,1.0,oz shelled (32 nuts),28.35,,,,,,,,,,,,,,,,,,,,,,,,,,,,,,
PEANUTSAUCE,Peanut Sauce,spice,,,,1,27059,"Sauce, peanut, made from peanut butter, water, soy sauce",257.0,6.3,16.0,22.0,1.8,51.4,17.1,1.0,custom (g),100.0,1.0,tbsp,18.0,,,,,,,,,,,,,,,,,,,,,,,,,,,,,,,,,
PEAR,Pear,fruit,,,,,9252,"Pears, raw",57.0,0.4,0.1,15.2,3.1,84.0,9.8,1.0,custom (g),100.0,1.0,"cup, slices",140.0,1.0,"cup, cubes",161.0,1.0,small,148.0,1.0,medium,178.0,1.0,large,230.0,1.0,NLEA serving,166.0,,,,,,,,,,,,,,,,,,
PEARANJOUGREEN,Pear Green Anjou,fruit,,,,,9415,"Pears, raw, green anjou",66.0,0.4,0.1,15.8,3.1,83.3,9.7,1.0,custom (g),100.0,1.0,"cup, sliced",140.0,1.0,small,172.0,1.0,medium,202.0,1.0,large,242.0,,,,,,,,,,,,,,,,,,,,,,,,
PEARANJOURED,Pear Red Anjou,fruit,,,,,9413,"Pears, raw, red anjou",62.0,0.3,0.1,14.9,3.0,84.2,9.5,1.0,custom (g),100.0,1.0,small,126.0,1.0,medium,157.0,1.0,large,223.0,1.0,"cup, sliced",140.0,,,,,,,,,,,,,,,,,,,,,,,,
PEARASIAN,Pear Asian,fruit,,,,,9340,"Pears, asian, raw",42.0,0.5,0.2,10.7,3.6,88.2,7.0,1.0,custom (g),100.0,1.0,"fruit 2-1/4"" high x 2-1/2"" dia",122.0,1.0,"fruit 3-3/8"" high x 3"" diameter",275.0,,,,,,,,,,,,,,,,,,,,,,,,,,,,,,
PEARBARTLETT,Pear Bartlett,fruit,,,,,9412,"Pears, raw, bartlett",63.0,0.4,0.2,15.0,3.1,84.1,9.7,1.0,custom (g),100.0,1.0,"cup, sliced",140.0,1.0,small,152.0,1.0,medium,177.0,1.0,large,227.0,,,,,,,,,,,,,,,,,,,,,,,,
PEARBOSCH,Pear Bosch,fruit,,,,,9414,"Pears, raw, bosc",67.0,0.4,0.1,16.1,3.1,83.2,10.2,1.0,custom (g),100.0,1.0,"cup, sliced",140.0,1.0,small,159.0,1.0,medium,179.0,1.0,large,219.0,,,,,,,,,,,,,,,,,,,,,,,,
PEARCANNED,Pear Canned,fruit,,,,,9253,"Pears, canned, water pack, solids and liquids",29.0,0.2,0.0,7.8,1.6,91.8,6.1,1.0,custom (g),100.0,1.0,"cup, halves",244.0,1.0,"half, with liquid",76.0,,,,,,,,,,,,,,,,,,,,,,,,,,,,,,
PEARDRIED,Pear Dried,fruit,,,,,9258,"Pears, canned, extra heavy syrup pack, solids and liquids",97.0,0.2,0.1,25.2,1.6,74.3,0.0,1.0,custom (g),100.0,1.0,"cup, halves",266.0,1.0,"half, with liquid",79.0,,,,,,,,,,,,,,,,,,,,,,,,,,,,,,
PEARNECTAR,Pear Nectar,beverage,,,,,9262,"Pear nectar, canned, without added ascorbic acid",60.0,0.1,0.0,15.8,0.6,84.0,15.2,1.0,custom (g),100.0,1.0,cup,250.0,1.0,fl oz,31.2,,,,,,,,,,,,,,,,,,,,,,,,,,,,,,
PEAS,Peas,legume,,,,,11313,"Peas, green, frozen, cooked, boiled, drained, without salt",78.0,5.2,0.3,14.3,4.5,79.5,4.4,1.0,custom (g),100.0,0.5,cup,80.0,1.0,package (10 oz) yields,253.0,,,,,,,,,,,,,,,,,,,,,,,,,,,,,,
PECAN,Pecan,nuts,,,,1,12142,"Nuts, pecans",691.0,9.2,72.0,13.9,9.6,3.5,4.0,1.0,custom (g),100.0,1.0,"cup, chopped",109.0,1.0,"cup, halves",99.0,1.0,oz (19 halves),28.35,,,,,,,,,,,,,,,,,,,,,,,,,,,
PEPPER,Pepper Black,vegetable,fruit,spice,Bell peppers are vegetables,,2030,"Spices, pepper, black",251.0,10.4,3.3,64.0,25.3,12.5,0.6,1.0,custom (g),100.0,1.0,"tsp, ground",2.3,1.0,"tbsp, ground",6.9,1.0,"tsp, whole",2.9,1.0,dash,0.1,,,,,,,,,,,,,,,,,,,,,,,,
PEPPERMINT,Peppermint,spice,,,,,2064,"Peppermint, fresh",70.0,3.8,0.9,14.9,8.0,78.7,0.0,1.0,custom (g),100.0,2.0,leaves,0.1,2.0,tbsp,3.2,,,,,,,,,,,,,,,,,,,,,,,,,,,,,,
PEPPERONI,Pepperoni,protein,,,,,7057,"Pepperoni, beef and pork, sliced",504.0,19.2,46.3,1.2,0.0,28.6,0.0,1.0,custom (g),100.0,3.0,oz,85.0,1.0,piece,2.0,1.0,oz,28.0,,,,,,,,,,,,,,,,,,,,,,,,,,,
PERCH,Perch,protein,,,,,15061,"Fish, perch, mixed species, cooked, dry heat",117.0,24.9,1.2,0.0,0.0,73.2,0.0,1.0,custom (g),100.0,1.0,fillet,46.0,3.0,oz,85.0,,,,,,,,,,,,,,,,,,,,,,,,,,,,,,
PERSIMMON,Persimmon,fruit,,,,,9263,"Persimmons, japanese, raw",70.0,0.6,0.2,18.6,3.6,80.3,12.5,1.0,custom (g),100.0,1.0,"fruit (2-1/2"" dia)",168.0,,,,,,,,,,,,,,,,,,,,,,,,,,,,,,,,,
PESTOSAUCE,Pesto Sauce,spice,,,,,6626,"Sauce, pesto, ready-to-serve, refrigerated",418.0,9.8,37.6,10.1,1.8,39.0,6.3,1.0,custom (g),100.0,0.25,cup,63.0,,,,,,,,,,,,,,,,,,,,,,,,,,,,,,,,,
PHEASANT,Pheasant,protein,,,,,43283,"Pheasant, cooked, total edible",239.0,32.4,12.1,0.0,0.0,54.2,0.0,1.0,custom (g),100.0,1.0,"cup, chopped or diced",140.0,,,,,,,,,,,,,,,,,,,,,,,,,,,,,,,,,
PHYLLO,Phyllo,prepared,,,,,18338,Phyllo dough,299.0,7.1,6.0,52.6,1.9,32.6,0.2,1.0,custom (g),100.0,1.0,oz,28.35,1.0,sheet dough,19.0,,,,,,,,,,,,,,,,,,,,,,,,,,,,,,
PICANTESAUCE,Picante Sauce,spice,,,,,6603,"PACE, Picante Sauce",25.0,0.0,0.0,6.2,3.1,89.9,0.0,1.0,custom (g),100.0,1.0,serving,32.0,2.0,tbsp,32.0,,,,,,,,,,,,,,,,,,,,,,,,,,,,,,
PICKLE,Pickle,spice,,,,,11937,"Pickles, cucumber, dill or kosher dill",12.0,0.5,0.3,2.4,1.0,94.3,1.1,1.0,custom (g),100.0,1.0,"spear, small",35.0,1.0,slice,7.0,1.0,"large (4"" long)",135.0,1.0,"cup, chopped or diced",143.0,1.0,cup (about 23 slices),155.0,,,,,,,,,,,,,,,,,,,,,
PIEBANANACREAM,Pies Banana Cream,sweets,,,,1,18304,"Pie, banana cream, prepared from recipe",269.0,4.4,13.6,32.9,0.7,47.9,12.1,1.0,custom (g),100.0,1.0,oz,28.35,1.0,"pie (9"" dia)",1186.0,1.0,"piece (1/8 of 9"" dia)",144.0,,,,,,,,,,,,,,,,,,,,,,,,,,,
PIEBLUEBERRY,Pies Blueberry,sweets,,,,1,18306,"Pie, blueberry, prepared from recipe",245.0,2.7,11.9,33.5,0.0,51.2,0.0,1.0,custom (g),100.0,1.0,oz,28.35,1.0,"piece (1/8 of 9"" dia)",147.0,,,,,,,,,,,,,,,,,,,,,,,,,,,,,,
PIEBOSTONCREAM,Pies Boston Cream,sweets,,,,1,18090,"Cake, boston cream pie, commercially prepared",252.0,2.4,8.5,42.9,1.4,45.4,36.1,1.0,custom (g),100.0,1.0,oz,28.35,1.0,piece (1/6 of pie),92.0,,,,,,,,,,,,,,,,,,,,,,,,,,,,,,
PIECHERRY,Pies Cherry,sweets,,,,1,18309,"Pie, cherry, prepared from recipe",270.0,2.8,12.2,38.5,0.0,45.8,0.0,1.0,custom (g),100.0,1.0,oz,28.35,1.0,"piece (1/8 of 9"" dia)",180.0,,,,,,,,,,,,,,,,,,,,,,,,,,,,,,
PIECHERRYFRIED,Pies Cherry Fried,sweets,,,,,18444,"Pie, fried pies, cherry",316.0,3.0,16.1,42.6,2.6,37.6,0.0,1.0,custom (g),100.0,1.0,oz,28.35,1.0,"pie (5"" x 3-3/4"")",128.0,,,,,,,,,,,,,,,,,,,,,,,,,,,,,,
PIECHOCOLATE,Pies Chocolate,sweets,,,,1,18310,"Pie, chocolate creme, commercially prepared",353.0,4.2,22.4,38.4,0.8,33.9,27.4,1.0,custom (g),100.0,1.0,serving .167 pie,120.0,1.0,oz,28.35,1.0,"piece (1/4 of 6"" pie)",99.0,1.0,"piece (1/6 of 8"" pie)",113.0,,,,,,,,,,,,,,,,,,,,,,,,
PIECOCONUT,Pies Coconut,sweets,,,,,18313,"Pie, coconut creme, commercially prepared",298.0,2.1,16.6,37.3,1.3,43.2,18.5,1.0,custom (g),100.0,1.0,oz,28.35,1.0,"piece (1/6 of 7"" pie)",64.0,1.0,"piece (1/8 of 7"" pie)",48.0,,,,,,,,,,,,,,,,,,,,,,,,,,,
PIECOCONUTCREAM,Pie Coconut Cream,sweets,,,,1,18314,"Pie, coconut cream, prepared from mix, no-bake type",276.0,2.8,17.6,28.5,0.5,49.7,0.0,1.0,custom (g),100.0,1.0,oz,28.4,1.0,"piece (1/8 of 9"" dia)",94.0,,,,,,,,,,,,,,,,,,,,,,,,,,,,,,
PIECRUST,Pies Crust,prepared,,,,,18946,"Pie crust, refrigerated, regular, baked",506.0,3.4,28.7,58.5,1.4,8.0,0.0,1.0,custom (g),100.0,1.0,pie crust,198.0,,,,,,,,,,,,,,,,,,,,,,,,,,,,,,,,,
PIEDUTCHAPPLE,Pies Dutch Apple,sweets,,,,,18944,"Pie, Dutch Apple, Commercially Prepared",290.0,2.2,11.5,44.5,1.6,41.1,22.0,1.0,custom (g),100.0,0.12,"pie 1 pie (1/8 of 9"" pie)",131.0,1.0,slice,137.0,1.0,pie,1137.0,1.0,oz,28.35,,,,,,,,,,,,,,,,,,,,,,,,
PIEEGGCUSTARD,Pie Egg Custard,sweets,,,,1,18317,"Pie, egg custard, commercially prepared",210.0,5.5,11.6,20.8,1.6,60.9,11.6,1.0,custom (g),100.0,1.0,oz,28.4,1.0,"piece (1/6 of 8"" pie)",105.0,,,,,,,,,,,,,,,,,,,,,,,,,,,,,,
PIEFILLINGAPPLE,Pie Filling Apple,sweets,,,,,19312,"Pie fillings, apple, canned",100.0,0.1,0.1,26.1,1.0,73.4,13.8,1.0,custom (g),100.0,0.12,can,74.0,1.0,serving,85.0,1.0,can (21 oz),595.0,,,,,,,,,,,,,,,,,,,,,,,,,,,
PIEFILLINGBLUEBERRY,Pie Filling Blueberry,sweets,,,,,44158,"Pie fillings, blueberry, canned",181.0,0.4,0.2,44.4,2.6,54.7,37.8,1.0,custom (g),100.0,1.0,serving,151.0,1.0,cup,262.0,,,,,,,,,,,,,,,,,,,,,,,,,,,,,,
PIEFILLINGCHERRY,Pie Filling Cherry,sweets,,,,,19314,"Pie fillings, canned, cherry",115.0,0.4,0.1,28.0,0.6,71.2,0.0,1.0,custom (g),100.0,0.12,can,74.0,1.0,can (21 oz),595.0,,,,,,,,,,,,,,,,,,,,,,,,,,,,,,
PIEFILLINGFRUIT,Pie Filling fruit,sweets,,,,,18319,"Pie, fried pies, fruit",316.0,3.0,16.1,42.6,2.6,37.6,21.4,1.0,custom (g),100.0,1.0,oz,28.35,1.0,"pie (5"" x 3-3/4"")",128.0,,,,,,,,,,,,,,,,,,,,,,,,,,,,,,
PIELEMON,Pies Lemon,sweets,,,,1,18321,"Pie, lemon meringue, prepared from recipe",285.0,3.8,12.9,39.1,0.0,43.3,0.0,1.0,custom (g),100.0,1.0,oz,28.35,1.0,"piece (1/8 of 9"" dia)",127.0,,,,,,,,,,,,,,,,,,,,,,,,,,,,,,
PIELEMONFRIED,Pies Lemon Fried ,sweets,,,,,18445,"Pie, fried pies, lemon",316.0,3.0,16.1,42.6,2.6,37.6,0.0,1.0,custom (g),100.0,1.0,oz,28.35,1.0,"pie (5"" x 3-3/4"")",128.0,,,,,,,,,,,,,,,,,,,,,,,,,,,,,,
PIEMINCE,Pies Mince,prepared,,,,1,18322,"Pie, mince, prepared from recipe",289.0,2.6,10.8,48.0,2.6,37.4,28.3,1.0,custom (g),100.0,1.0,oz,28.35,1.0,"piece (1/8 of 9"" dia)",165.0,,,,,,,,,,,,,,,,,,,,,,,,,,,,,,
PIEPEACH,Pies Peach,sweets,,,,1,18323,"Pie, peach",224.0,1.9,10.0,32.9,0.8,54.4,16.2,1.0,custom (g),100.0,1.0,oz,28.35,1.0,"piece (1/6 of 8"" pie)",117.0,,,,,,,,,,,,,,,,,,,,,,,,,,,,,,
PIEPECAN,Pies Pecan,sweets,,,,1,18325,"Pie, pecan, prepared from recipe",412.0,4.9,22.2,52.2,0.0,19.5,0.0,1.0,custom (g),100.0,1.0,oz,28.35,1.0,"piece (1/8 of 9"" dia)",122.0,,,,,,,,,,,,,,,,,,,,,,,,,,,,,,
PIEPUMPKIN,Pies Pumpkin,sweets,,,,1,18327,"Pie, pumpkin, prepared from recipe",204.0,4.5,9.3,26.4,0.0,58.5,0.0,1.0,custom (g),100.0,1.0,oz,28.35,1.0,"piece (1/8 of 9"" dia)",155.0,,,,,,,,,,,,,,,,,,,,,,,,,,,,,,
PIEVANILLACREAM,Pies Vanilla Cream,sweets,,,,1,18328,"Pie, vanilla cream, prepared from recipe",278.0,4.8,14.4,32.6,0.6,47.0,12.7,1.0,custom (g),100.0,1.0,oz,28.35,1.0,"piece (1/8 of 9"" dia)",126.0,,,,,,,,,,,,,,,,,,,,,,,,,,,,,,
PIGEON,Pigeon,protein,,,,,5160,"Squab, (pigeon), meat and skin, raw",294.0,18.5,23.8,0.0,0.0,56.6,0.0,1.0,custom (g),100.0,3.0,oz,85.0,1.0,unit (yield from 1 lb ready-to-cook squab),297.0,1.0,squab,199.0,,,,,,,,,,,,,,,,,,,,,,,,,,,
PIGEONPEAS,Pigeon Peas,legume,,,,,11345,"Pigeonpeas, immature seeds, cooked, boiled, drained, without salt",111.0,6.0,1.4,19.5,4.2,71.8,2.5,1.0,custom (g),100.0,1.0,cup,153.0,,,,,,,,,,,,,,,,,,,,,,,,,,,,,,,,,
PIKE,Pike,protein,,,,,15063,"Fish, pike, northern, cooked, dry heat",113.0,24.7,0.9,0.0,0.0,73.0,0.0,1.0,custom (g),100.0,3.0,oz,85.0,0.5,fillet,155.0,,,,,,,,,,,,,,,,,,,,,,,,,,,,,,
PIKIBREAD,Breads Piki Bread,grain,prepared,,,,35234,"Piki bread, made from blue cornmeal (Hopi)",390.0,9.1,7.2,72.2,9.2,9.0,1.6,1.0,custom (g),100.0,1.0,piece,28.0,1.0,piece,19.0,,,,,,,,,,,,,,,,,,,,,,,,,,,,,,
PILINUT,Pilinut,nuts,,,,,12145,"Nuts, pilinuts, dried",719.0,10.8,79.5,4.0,0.0,2.8,0.0,1.0,custom (g),100.0,1.0,cup,120.0,1.0,oz (15 kernels),28.35,,,,,,,,,,,,,,,,,,,,,,,,,,,,,,
PIMIENTO,Pimiento,spice,,,,,11943,"Pimento, canned",23.0,1.1,0.3,5.1,1.9,93.1,2.7,1.0,custom (g),100.0,1.0,tbsp,12.0,1.0,cup,192.0,1.0,slice,1.0,1.0,"pimiento, whole",66.0,,,,,,,,,,,,,,,,,,,,,,,,
PINACOLADA,Pina Colada,beverage,,,,,14017,"Alcoholic beverage, pina colada, prepared-from-recipe",174.0,0.4,1.9,22.7,0.3,65.0,22.3,1.0,custom (g),100.0,1.0,fl oz,31.4,1.0,cocktail (4.5 fl oz),141.0,,,,,,,,,,,,,,,,,,,,,,,,,,,,,,
PINE,Pine,nuts,,,,,12149,"Nuts, pine nuts, pinyon, dried",629.0,11.6,61.0,19.3,10.7,5.9,0.0,1.0,custom (g),100.0,1.0,oz,28.35,10.0,nuts,1.0,,,,,,,,,,,,,,,,,,,,,,,,,,,,,,
PINEAPPLE,Pineapple,fruit,,,,,9266,"Pineapple, raw, all varieties",50.0,0.5,0.1,13.1,1.4,86.0,9.8,1.0,custom (g),100.0,1.0,"cup, chunks",165.0,1.0,fruit,905.0,1.0,"slice (4-2/3"" dia x 3/4"" thick)",166.0,1.0,"slice (3-1/2"" dia x 3/4"" thick)",84.0,1.0,"slice, thin (3-1/2"" dia x 1/2"" thick)",56.0,,,,,,,,,,,,,,,,,,,,,
PINEAPPLECANNED,Pineapple Canned,fruit,,,,,9354,"Pineapple, canned, juice pack, drained",60.0,0.5,0.1,15.6,1.3,83.5,14.3,1.0,custom (g),100.0,1.0,"cup, chunks",181.0,1.0,"cup, crushed",195.0,1.0,"cup, sliced",162.0,,,,1.0,spear,26.0,,,,,,,,,,,,,,,,,,,,,
PINEAPPLEJUICE,Pineapple Juice,beverage,,,,,9273,"Pineapple juice, canned or bottled, unsweetened, without added ascorbic acid",53.0,0.4,0.1,12.9,0.2,86.4,10.0,1.0,custom (g),100.0,1.0,cup,250.0,1.0,fl oz,31.3,,,,,,,,,,,,,,,,,,,,,,,,,,,,,,
PINON,Pinon,nuts,,,,,35207,"Pinon Nuts, roasted (Navajo)",541.0,7.4,34.1,51.1,43.4,5.0,0.0,1.0,custom (g),100.0,,,,,,,,,,,,,,,,,,,,,,,,,,,,,,,,,,,,
PINTOBEAN,Pinto Bean,legume,,,,,11654,"Beans, pinto, mature seeds, sprouted, cooked, boiled, drained, without salt",22.0,1.9,0.3,4.1,0.0,93.4,0.0,1.0,custom (g),100.0,,,,,,,,,,,,,,,,,,,,,,,,,,,,,,,,,,,,
PISTACHIO,Pistachio,nuts,,,,,12152,"Nuts, pistachio nuts, dry roasted, without salt added",572.0,21.1,45.8,28.3,10.3,1.9,7.7,1.0,custom (g),100.0,1.0,cup,123.0,1.0,oz (49 kernels),28.35,1.0,kernel,0.7,,,,,,,,,,,,,,,,,,,,,,,,,,,
PITA,Pita,prepared,,,,,18413,"Bread, pita, white, unenriched",275.0,9.1,1.2,55.7,2.2,32.1,0.0,1.0,custom (g),100.0,1.0,oz,28.35,1.0,"pita, large (6-1/2"" dia)",60.0,,,,,,,,,,,,,,,,,,,,,,,,,,,,,,
PITANGA,Pitanga,fruit,,,,,9276,"Pitanga, (surinam-cherry), raw",33.0,0.8,0.4,7.5,0.0,90.8,0.0,1.0,custom (g),100.0,1.0,cup,173.0,1.0,fruit without refuse,7.0,,,,,,,,,,,,,,,,,,,,,,,,,,,,,,
PIZZA,Pizza,prepared,,,,,21224,"Pizza, cheese topping, regular crust, frozen, cooked",268.0,10.4,12.3,29.0,2.2,46.3,3.6,1.0,custom (g),100.0,1.0,serving 9 servings per 24 oz package,81.0,1.0,serving 3 servings per 15.1 oz package,151.0,1.0,serving 2 servings per 9.8 oz package,146.0,1.0,serving 1 serving per 8 oz box,199.0,1.0,package 24 oz pizza,727.0,1.0,package 15.1 oz pizza,452.0,1.0,package 9.8 oz pizza,293.0,1.0,package 8 oz pizza,199.0,,,,,,,,,,,,
PIZZAMEATVEGGIE,Pizza Meat and Veggies,prepared,,,,,21304,"Fast Food, Pizza Chain, 14"" pizza, meat and vegetable topping, regular crust",244.0,11.0,10.9,25.4,2.2,50.4,3.7,1.0,custom (g),100.0,1.0,slice,136.0,1.0,pie,1168.0,,,,,,,,,,,,,,,,,,,,,,,,,,,,,,
PIZZAPEPPERONI,Pizza Pepperoni,prepared,,,,,21302,"Fast Food, Pizza Chain, 14"" pizza, pepperoni topping, regular crust",282.0,11.7,11.9,32.0,2.3,41.8,3.3,1.0,custom (g),100.0,1.0,slice,111.0,1.0,pizza,895.0,,,,,,,,,,,,,,,,,,,,,,,,,,,,,,
PIZZASAUSAGE,Pizza Sausage,prepared,,,,,21484,"Fast Food, Pizza Chain, 14"" pizza, sausage topping, regular crust",280.0,11.5,12.3,30.6,2.3,43.1,3.3,1.0,custom (g),100.0,1.0,slice,116.0,1.0,pizza,932.0,,,,,,,,,,,,,,,,,,,,,,,,,,,,,,
PLAINTAIN,Plaintain,fruit,,,,,9277,"Plantains, raw",122.0,1.3,0.4,31.9,2.3,65.3,15.0,1.0,custom (g),100.0,1.0,"cup, sliced",148.0,1.0,medium,179.0,,,,,,,,,,,,,,,,,,,,,,,,,,,,,,
PLAINTAINFRIED,Plaintain Fried,fruit,,,,,9447,"Plantains, yellow, fried, Latino restaurant",236.0,1.4,7.5,40.8,3.2,49.0,21.8,1.0,custom (g),100.0,1.0,cup,169.0,,,,,,,,,,,,,,,,,,,,,,,,,,,,,,,,,
PLUM,Plum,fruit,,,,,9291,"Plums, dried (prunes), uncooked",240.0,2.2,0.4,63.9,7.1,30.9,38.1,1.0,custom (g),100.0,1.0,"cup, pitted",174.0,1.0,"prune, pitted",9.5,,,,,,,,,,,,,,,,,,,,,,,,,,,,,,
PLUMSAUCE,Plum Sauce,spice,,,,,6151,"Sauce, plum, ready-to-serve",184.0,0.9,1.0,42.8,0.7,53.7,0.0,1.0,custom (g),100.0,1.0,tbsp,19.0,1.0,cup,305.0,,,,,,,,,,,,,,,,,,,,,,,,,,,,,,
POKE,Poke,protein,,,,,11351,"Pokeberry shoots, (poke), cooked, boiled, drained, without salt",20.0,2.3,0.4,3.1,1.5,92.9,1.6,1.0,custom (g),100.0,1.0,cup,165.0,1.0,tbsp,10.0,,,,,,,,,,,,,,,,,,,,,,,,,,,,,,
POLLOCK,Pollock,protein,,,,,15205,"Fish, pollock, Atlantic, cooked, dry heat",118.0,24.9,1.3,0.0,0.0,72.0,0.0,1.0,custom (g),100.0,3.0,oz,85.0,0.5,fillet,151.0,,,,,,,,,,,,,,,,,,,,,,,,,,,,,,
POMEGRANATE,Pomegranate,fruit,,,,,9286,"Pomegranates, raw",83.0,1.7,1.2,18.7,4.0,77.9,13.7,1.0,custom (g),100.0,0.5,cup arils (seed/juice sacs),87.0,1.0,"pomegranate (4"" dia)",282.0,,,,,,,,,,,,,,,,,,,,,,,,,,,,,,
POMPANO,Pompano,protein,,,,,15069,"Fish, pompano, florida, cooked, dry heat",211.0,23.7,12.1,0.0,0.0,63.0,0.0,1.0,custom (g),100.0,1.0,fillet,88.0,3.0,oz,85.0,,,,,,,,,,,,,,,,,,,,,,,,,,,,,,
POPCORN,Popcorn,grain,prepared,,,,19807,"Snacks, popcorn, oil-popped, white popcorn, salt added",500.0,9.0,28.1,57.2,10.0,2.8,0.0,1.0,custom (g),100.0,1.0,cup,11.0,1.0,oz,28.35,,,,,,,,,,,,,,,,,,,,,,,,,,,,,,
POPPYSEED,Poppyseed,nuts,fats,,,,2033,"Spices, poppy seed",525.0,18.0,41.6,28.1,19.5,6.0,3.0,1.0,custom (g),100.0,1.0,tsp,2.8,1.0,tbsp,8.8,,,,,,,,,,,,,,,,,,,,,,,,,,,,,,
POPTARTBLUE,Pop Tart Blueberry,sweets,grain,,,,18476,"Toaster Pastries, KELLOGG, KELLOGG'S POP TARTS, Blueberry",412.0,4.6,13.3,68.4,1.1,12.5,0.0,1.0,custom (g),100.0,1.0,pastry,52.0,,,,,,,,,,,,,,,,,,,,,,,,,,,,,,,,,
POPTARTFRSTBLUE,Pop Tart Frost Blueberry,sweets,grain,,,,18477,"Toaster Pastries, KELLOGG, KELLOGG'S POP TARTS, Frosted blueberry",391.0,4.6,10.0,71.8,1.1,12.5,0.0,1.0,custom (g),100.0,1.0,pastry,52.0,,,,,,,,,,,,,,,,,,,,,,,,,,,,,,,,,
POPTARTFRSTBRWN,Pop Tart Frost Brown,sweets,grain,,,,18479,"Toaster Pastries, KELLOGG, KELLOGG'S POP TARTS, Frosted brown sugar cinnamon",417.0,4.6,13.8,69.0,1.4,11.3,0.0,1.0,custom (g),100.0,1.0,pastry,50.0,,,,,,,,,,,,,,,,,,,,,,,,,,,,,,,,,
POPTARTFRSTCHERRY,Pop Tart Frost Cherry,sweets,grain,,,,18481,"Toaster Pastries, KELLOGG, KELLOGG'S POP TARTS, Frosted cherry",397.0,4.2,10.2,72.0,1.0,12.5,0.0,1.0,custom (g),100.0,1.0,pastry,52.0,,,,,,,,,,,,,,,,,,,,,,,,,,,,,,,,,
POPTARTFRSTCHOC,Pop Tart Frost Choc,sweets,grain,,,,18482,"Toaster Pastries, KELLOGG, KELLOGG'S POP TARTS, Frosted chocolate fudge",384.0,4.9,9.3,70.4,2.1,12.8,0.0,1.0,custom (g),100.0,1.0,pastry,52.0,,,,,,,,,,,,,,,,,,,,,,,,,,,,,,,,,
POPTARTFRSTRASP,Pop Tart Frost Raspberry,sweets,grain,,,,18486,"Toaster Pastries, KELLOGG, KELLOGG'S POP TARTS, Frosted raspberry",399.0,4.2,10.6,71.6,1.0,12.5,0.0,1.0,custom (g),100.0,1.0,pastry,52.0,,,,,,,,,,,,,,,,,,,,,,,,,,,,,,,,,
POPTARTFRSTSTRAW,Pop Tart Frost Strawberry,sweets,grain,,,,18497,"Toaster Pastries, KELLOGG, KELLOGG'S LOW FAT POP TARTS, Frosted strawberry",363.0,4.2,5.4,74.4,5.6,12.8,0.0,1.0,custom (g),100.0,1.0,pastry,50.0,,,,,,,,,,,,,,,,,,,,,,,,,,,,,,,,,
POPTARTFRSTWILD,Pop Tart Frost Wild Berry,sweets,grain,,,,18490,"Toaster Pastries, KELLOGG, KELLOGG'S POP TARTS, Frosted wild berry",390.0,4.0,9.5,72.4,1.3,12.8,0.0,1.0,custom (g),100.0,1.0,pastry,52.0,,,,,,,,,,,,,,,,,,,,,,,,,,,,,,,,,
POPTARTSMORES,Pop Tart Smores,sweets,grain,,,,18487,"Toaster Pastries, KELLOGG, KELLOGG'S POP TARTS, S'mores",392.0,6.2,10.5,69.6,1.4,12.5,0.0,1.0,custom (g),100.0,1.0,pastry,52.0,,,,,,,,,,,,,,,,,,,,,,,,,,,,,,,,,
POPTARTSTRAW,Pop Tart Strawberry,sweets,grain,,,,18488,"Toaster Pastries, KELLOGG, KELLOGG'S POP TARTS, Strawberry",398.0,4.7,10.5,71.1,1.1,12.5,0.0,1.0,custom (g),100.0,1.0,pastry,52.0,,,,,,,,,,,,,,,,,,,,,,,,,,,,,,,,,
PORK,Pork,protein,,,,,10062,"Pork, fresh, loin, top loin (chops), boneless, separable lean and fat, raw",155.0,21.6,6.9,0.0,0.0,70.4,0.0,1.0,custom (g),100.0,3.0,oz,85.0,1.0,chop,185.0,,,,,,,,,,,,,,,,,,,,,,,,,,,,,,
PORKBACKRIB,Pork Back Rib,protein,,,,,10193,"Pork, fresh, backribs, separable lean and fat, cooked, roasted",292.0,23.0,21.5,0.0,0.0,54.8,0.0,1.0,custom (g),100.0,3.0,oz,85.0,,,,,,,,,,,,,,,,,,,,,,,,,,,,,,,,,
PORKBELLY,Pork Belly,protein,,,,,10005,"Pork, fresh, belly, raw",518.0,9.3,53.0,0.0,0.0,36.7,0.0,1.0,custom (g),100.0,1.0,oz,28.35,1.0,lb,453.6,,,,,,,,,,,,,,,,,,,,,,,,,,,,,,
PORKBOSTONBUTT,Pork Boston Butt,protein,,,,,10083,"Pork, fresh, shoulder, blade, boston (roasts), separable lean and fat, cooked, roasted",269.0,23.1,18.9,0.0,0.0,57.5,0.0,1.0,custom (g),100.0,3.0,oz,85.0,1.0,"piece, cooked, excluding refuse (yield from 1 lb r",262.0,,,,,,,,,,,,,,,,,,,,,,,,,,,,,,
PORKCHOP,Pork Chop,protein,,,,,10189,"Pork, fresh, loin, center loin (chops), boneless, separable lean and fat, cooked, pan-broiled",229.0,26.7,13.6,0.0,0.0,59.4,0.0,1.0,custom (g),100.0,3.0,oz,85.0,1.0,chop,137.0,,,,,,,,,,,,,,,,,,,,,,,,,,,,,,
PORKCOUNTRYSTYLERIB,Pork Country Style Rib,protein,,,,,10991,"Pork, fresh, loin, country-style ribs, separable lean and fat, boneless, cooked, broiled",247.0,26.3,15.7,0.0,0.0,57.5,0.0,1.0,custom (g),100.0,1.0,rack,122.0,,,,,,,,,,,,,,,,,,,,,,,,,,,,,,,,,
PORKGROUND,Pork Ground,protein,,,,,10975,"Pork, ground, 84% lean / 16% fat, cooked, crumbles",289.0,26.7,20.0,0.6,0.0,51.4,0.0,1.0,custom (g),100.0,3.0,oz grilled patties,85.0,,,,,,,,,,,,,,,,,,,,,,,,,,,,,,,,,
PORKHAM,Pork Ham,protein,,,,,7029,"Ham, sliced, regular (approximately 11% fat)",163.0,16.6,8.6,3.8,1.3,67.3,0.0,1.0,custom (g),100.0,56.0,grams 1 serving,56.0,1.0,slice,28.0,,,,,,,,,,,,,,,,,,,,,,,,,,,,,,
PORKHAMLEG,Pork Ham Leg,protein,,,,,10009,"Pork, fresh, leg (ham), whole, separable lean and fat, cooked, roasted",273.0,26.8,17.6,0.0,0.0,55.0,0.0,1.0,custom (g),100.0,1.0,"cup, diced",135.0,3.0,oz,85.0,,,,,,,,,,,,,,,,,,,,,,,,,,,,,,
PORKHAMSLICED,Pork Ham Sliced,protein,,,,,7029,"Ham, sliced, regular (approximately 11% fat)",163.0,16.6,8.6,3.8,1.3,67.3,0.0,1.0,custom (g),100.0,56.0,grams 1 serving,56.0,1.0,slice,28.0,,,,,,,,,,,,,,,,,,,,,,,,,,,,,,
PORKPICNIC,Pork Picnic,protein,,,,,10076,"Pork, fresh, shoulder, arm picnic, separable lean and fat, cooked, roasted",317.0,23.5,24.0,0.0,0.0,52.0,0.0,1.0,custom (g),100.0,1.0,"cup, diced",135.0,3.0,oz,85.0,,,,,,,,,,,,,,,,,,,,,,,,,,,,,,
PORKPORTERHOUSE,Pork Porterhouse,protein,,,,,10037,"Pork, fresh, loin, center loin (chops), bone-in, separable lean and fat, cooked, braised",242.0,28.2,13.5,0.0,0.0,58.0,0.0,1.0,custom (g),100.0,3.0,oz,85.0,1.0,chop,187.0,,,,,,,,,,,,,,,,,,,,,,,,,,,,,,
PORKRUMP,Pork Rump,protein,,,,,10013,"Pork, fresh, leg (ham), rump half, separable lean and fat, cooked, roasted",209.0,27.0,10.3,0.0,0.0,61.9,0.0,1.0,custom (g),100.0,1.0,"cup, diced",135.0,3.0,oz,85.0,,,,,,,,,,,,,,,,,,,,,,,,,,,,,,
PORKSALT,Salt Pork,protein,,,,,10165,"Pork, cured, salt pork, raw",748.0,5.0,80.5,0.0,0.0,11.0,0.0,1.0,custom (g),100.0,1.0,oz,28.35,8.0,oz,227.0,,,,,,,,,,,,,,,,,,,,,,,,,,,,,,
PORKSAUSAGE,Pork Sausage,protein,,,,1,7064,"Pork sausage, link/patty, cooked, pan-fried",325.0,18.5,27.2,1.4,0.0,49.9,1.1,1.0,custom (g),100.0,1.0,patty,27.0,1.0,link,23.0,1.0,serving,48.0,,,,,,,,,,,,,,,,,,,,,,,,,,,
PORKSHANK,Pork Shank,protein,,,,,10017,"Pork, fresh, leg (ham), shank half, separable lean and fat, cooked, roasted",232.0,26.0,13.4,0.0,0.0,60.4,0.0,1.0,custom (g),100.0,3.0,oz,85.0,1.0,roast,2900.0,,,,,,,,,,,,,,,,,,,,,,,,,,,,,,
PORKSHOULDER,Pork Shoulder,protein,,,,,10071,"Pork, fresh, shoulder, whole, separable lean and fat, cooked, roasted",292.0,23.3,21.4,0.0,0.0,54.8,0.0,1.0,custom (g),100.0,1.0,"cup, diced",135.0,3.0,oz,85.0,,,,,,,,,,,,,,,,,,,,,,,,,,,,,,
PORKSMOKED,Pork Smoked Sausage,protein,,,,,7074,"Smoked link sausage, pork",309.0,12.0,28.2,0.9,0.0,56.5,0.9,1.0,custom (g),100.0,1.0,"link (4"" long x 1-1/8"" dia)",68.0,1.0,"link, little (2"" long x 3/4"" dia)",16.0,,,,,,,,,,,,,,,,,,,,,,,,,,,,,,
PORKSPARERIBB,Pork Spare Ribs,protein,,,,,10089,"Pork, fresh, spareribs, separable lean and fat, cooked, braised",397.0,29.1,30.3,0.0,0.0,40.4,0.0,1.0,custom (g),100.0,3.0,oz,85.0,1.0,"piece, cooked, excluding refuse (yield from 1 lb r",177.0,,,,,,,,,,,,,,,,,,,,,,,,,,,,,,
PORKSPLEEN,Pork Spleen,protein,,,,,10118,"Pork, fresh, variety meats and by-products, spleen, cooked, braised",149.0,28.2,3.2,0.0,0.0,66.7,0.0,1.0,custom (g),100.0,3.0,oz,85.0,,,,,,,,,,,,,,,,,,,,,,,,,,,,,,,,,
PORKTENDERLOIN,Pork Tenderloin,protein,,,,,10221,"Pork, fresh, loin, tenderloin, separable lean and fat, cooked, broiled",201.0,29.9,8.1,0.0,0.0,61.1,0.0,1.0,custom (g),100.0,3.0,oz,85.0,1.0,"chop, excluding refuse (yield from 1 raw chop, wit",76.0,,,,,,,,,,,,,,,,,,,,,,,,,,,,,,
PORKTONGUE,Pork Tongue,protein,,,,,10122,"Pork, fresh, variety meats and by-products, tongue, cooked, braised",271.0,24.1,18.6,0.0,0.0,56.9,0.0,1.0,custom (g),100.0,3.0,oz,85.0,1.0,"piece, cooked, excluding refuse (yield from 1 lb r",231.0,,,,,,,,,,,,,,,,,,,,,,,,,,,,,,
PORTABELLARAW,Portabella Raw,vegetable,,,,,11265,"Mushrooms, portabella, raw",22.0,2.1,0.3,3.9,1.3,92.8,2.5,1.0,custom (g),100.0,1.0,cup diced,86.0,1.0,piece whole,84.0,,,,,,,,,,,,,,,,,,,,,,,,,,,,,,
PORTDESALUT,Port de Salut,dairy,,,,,1034,"Cheese, port de salut",352.0,23.8,28.2,0.6,0.0,45.5,0.6,1.0,custom (g),100.0,1.0,"cup, diced",132.0,1.0,"cup, shredded",113.0,1.0,oz,28.35,1.0,cubic inch,17.0,1.0,slice (1 oz),28.0,1.0,package (6 oz),170.0,,,,,,,,,,,,,,,,,,
POTATOCHIP,Potato Chips Plain,prepared,,,,,19411,"Snacks, potato chips, plain, salted",532.0,6.4,34.0,53.8,3.1,1.9,0.3,1.0,custom (g),100.0,1.0,oz,28.0,22.0,chips,28.0,1.0,oz,28.35,1.0,bag (8 oz),227.0,,,,,,,,,,,,,,,,,,,,,,,,
POTATOESAUGRATIN,Potatoes au Gratin,vegetable,prepared,,,,11373,"Potatoes, au gratin, home-prepared from recipe using butter",132.0,5.1,7.6,11.3,1.8,74.0,0.0,1.0,custom (g),100.0,1.0,cup,245.0,,,,,,,,,,,,,,,,,,,,,,,,,,,,,,,,,
POTATOESBAKED,Baked Potatoes,vegetable,,,,,11363,"Potatoes, baked, flesh, without salt",93.0,2.0,0.1,21.6,1.5,75.4,1.7,1.0,custom (g),100.0,0.5,cup,61.0,1.0,"potato (2-1/3"" x 4-3/4"")",156.0,,,,,,,,,,,,,,,,,,,,,,,,,,,,,,
POTATOESBOILED,Boiled Potatoes,vegetable,,,,,11367,"Potatoes, boiled, cooked without skin, flesh, without salt",86.0,1.7,0.1,20.0,1.8,77.5,0.9,1.0,custom (g),100.0,0.5,cup,78.0,1.0,"large (3"" to 4-1/4"" dia.)",300.0,1.0,"medium (2-1/4"" to 3-1/4"" dia.)",167.0,1.0,"small (1-3/4"" to 2-1/2"" dia.)",125.0,,,,,,,,,,,,,,,,,,,,,,,,
POTATOESFRENCHFRIES,French Fried Potatoes,vegetable,,,,,11403,"Potatoes, french fried, all types, salt added in processing, frozen, home-prepared, oven heated",158.0,2.8,5.5,25.6,2.0,64.4,0.4,1.0,custom (g),100.0,10.0,fries,76.0,1.0,"package (9 oz), yields",198.0,,,,,,,,,,,,,,,,,,,,,,,,,,,,,,
POTATOESMASHED,Mashed Potatoes,vegetable,prepared,,,,11657,"Potatoes, mashed, home-prepared, whole milk added",83.0,1.9,0.6,17.6,1.5,78.5,1.5,1.0,custom (g),100.0,1.0,cup,210.0,,,,,,,,,,,,,,,,,,,,,,,,,,,,,,,,,
POTATOESRED,Potatoes Red Baked,vegetable,,,,,11358,"Potatoes, red, flesh and skin, baked",89.0,2.3,0.1,19.6,1.8,76.7,1.4,1.0,custom (g),100.0,1.0,"potato large (3"" to 4-1/4"" dia.",299.0,1.0,"potato medium (2-1/4"" to 3-1/4"" dia.)",173.0,1.0,"potato small (1-3/4"" to 2-1/2"" dia.)",138.0,,,,,,,,,,,,,,,,,,,,,,,,,,,
POTATOESRUSSET,Potatoes Russet Baked,vegetable,,,,,11356,"Potatoes, Russet, flesh and skin, baked",97.0,2.6,0.1,21.4,2.3,74.5,1.1,1.0,custom (g),100.0,1.0,"potato large (3"" to 4-1/4"" dia.",299.0,1.0,"potato medium (2-1/4"" to 3-1/4"" dia.)",173.0,1.0,"potato small (1-3/4"" to 2-1/2"" dia.)",138.0,,,,,,,,,,,,,,,,,,,,,,,,,,,
POTATOESSCALLOPED,Scalloped Potatoes,vegetable,prepared,,,1,11372,"Potatoes, scalloped, home-prepared with butter",88.0,2.9,3.7,10.8,1.9,80.9,0.0,1.0,custom (g),100.0,1.0,cup,245.0,,,,,,,,,,,,,,,,,,,,,,,,,,,,,,,,,
POTATOESWHITE,Potatoes White Baked,vegetable,,,,,11357,"Potatoes, white, flesh and skin, baked",94.0,2.1,0.1,21.1,2.1,75.4,1.5,1.0,custom (g),100.0,1.0,"potato large (3"" to 4-1/4"" dia)",299.0,1.0,"potato medium (2-1/4"" to 3-1/4"" dia)",173.0,1.0,"potato small (1-3/4"" to 2-1/2"" dia)",138.0,,,,,,,,,,,,,,,,,,,,,,,,,,,
POTATOSALAD,Potato Salad,prepared,,,,1,11414,"Potato salad, home-prepared",143.0,2.7,8.2,11.2,1.3,76.0,0.0,1.0,custom (g),100.0,1.0,cup,250.0,,,,,,,,,,,,,,,,,,,,,,,,,,,,,,,,,
POUT,Pout,protein,,,,,15206,"Fish, pout, ocean, cooked, dry heat",102.0,21.3,1.2,0.0,0.0,76.1,0.0,1.0,custom (g),100.0,0.5,fillet,137.0,3.0,oz,85.0,,,,,,,,,,,,,,,,,,,,,,,,,,,,,,
PRAWN,Prawn,protein,,,,,15151,"Crustaceans, shrimp, mixed species, cooked, moist heat (may have been previously frozen)",119.0,22.8,1.7,1.5,0.0,71.6,0.0,1.0,custom (g),100.0,3.0,oz,85.0,4.0,large,22.0,,,,,,,,,,,,,,,,,,,,,,,,,,,,,,
PRESERVES,Preserves,sweets,,,,,19920,"Jams, preserves, marmalades, sweetened with fruit juice",212.0,0.0,0.0,52.9,0.9,46.8,42.0,1.0,custom (g),100.0,,,,,,,,,,,,,,,,,,,,,,,,,,,,,,,,,,,,
PRETZEL,Pretzel,prepared,,,,,25024,"Pretzels, soft, unsalted",345.0,8.2,3.1,71.0,1.7,15.0,0.2,1.0,custom (g),100.0,1.0,large,143.0,1.0,medium,115.0,1.0,small,62.0,,,,,,,,,,,,,,,,,,,,,,,,,,,
PRICKLYPEAR,Prickly Pear,fruit,,,,,9287,"Prickly pears, raw",41.0,0.7,0.5,9.6,3.6,87.5,0.0,1.0,custom (g),100.0,1.0,cup,149.0,1.0,fruit without refuse,103.0,,,,,,,,,,,,,,,,,,,,,,,,,,,,,,
PROSCIUTTO,Prosciutto,protein,,,,,10141,"Pork, cured, ham, center slice, country-style, separable lean only, raw",195.0,27.8,8.32,0.3,0.0,55.93,0.0,1.0,custom (g),100.0,3.0,oz,85.0,1.0,piece,2.0,1.0,oz,28.0,,,,,,,,,,,,,,,,,,,,,,,,,,,
PROVOLONE,Provolone,dairy,,,,,1035,"Cheese, provolone",351.0,25.6,26.6,2.1,0.0,41.0,0.6,1.0,custom (g),100.0,1.0,"cup, diced",132.0,1.0,oz,28.35,1.0,cubic inch,17.0,1.0,slice (1 oz),28.0,1.0,package (6 oz),170.0,,,,,,,,,,,,,,,,,,,,,
PRUNE,Prune,fruit,,,,,9289,"Prunes, dehydrated (low-moisture), uncooked",339.0,3.7,0.7,89.1,0.0,4.0,0.0,1.0,custom (g),100.0,1.0,cup,132.0,,,,,,,,,,,,,,,,,,,,,,,,,,,,,,,,,
PRUNEJUICE,Prune Juice,beverage,,,,,9294,"Prune juice, canned",71.0,0.6,0.0,17.4,1.0,81.2,16.4,1.0,custom (g),100.0,1.0,cup,256.0,1.0,fl oz,32.0,,,,,,,,,,,,,,,,,,,,,,,,,,,,,,
PUDDINGCHOC,Pudding Chocolate,sweets,,,,,19183,"Puddings, chocolate, ready-to-eat",142.0,2.1,4.6,23.0,0.0,69.5,17.2,1.0,custom (g),100.0,1.0,oz,28.35,1.0,"container refrigerated, 4 oz",108.0,1.0,"container shelf stable, 3.5 oz",98.0,,,,,,,,,,,,,,,,,,,,,,,,,,,
PUDDINGLEMON,Pudding Lemon,sweets,,,,,19204,"Puddings, lemon, dry mix, instant, prepared with 2% milk",107.0,2.8,1.7,20.2,0.0,74.2,0.0,1.0,custom (g),100.0,1.0,serving,8.0,1.0,package,32.0,,,,,,,,,,,,,,,,,,,,,,,,,,,,,,
PUDDINGRICE,Pudding Rice,sweets,,,,,19193,"Puddings, rice, ready-to-eat",108.0,3.2,2.1,18.4,0.3,75.2,11.6,1.0,custom (g),100.0,1.0,serving 4 oz pudding cup,113.0,1.0,oz,28.35,1.0,can (5 oz),142.0,1.0,cup,172.0,0.5,cup,92.0,,,,,,,,,,,,,,,,,,,,,
PUDDINGRICE2,Rice Pudding 2% Milk,sweets,,,,,19208,"Puddings, rice, dry mix, prepared with 2% milk",111.0,3.3,1.6,20.8,0.1,73.4,0.0,1.0,custom (g),100.0,0.5,cup,128.0,,,,,,,,,,,,,,,,,,,,,,,,,,,,,,,,,
PUDDINGRICEWHOLEMILK,Rice Pudding Whole Milk,sweets,,,,,19195,"Puddings, rice, dry mix, prepared with whole milk",121.0,3.2,2.8,20.7,0.1,72.4,0.0,1.0,custom (g),100.0,0.5,cup,128.0,,,,,,,,,,,,,,,,,,,,,,,,,,,,,,,,,
PUDDINGTAPICOA,Pudding Tapicoa,sweets,,,,,19218,"Puddings, tapioca, ready-to-eat",130.0,1.9,3.9,21.7,0.0,71.8,14.9,1.0,custom (g),100.0,1.0,oz,28.35,1.0,container refrigerated 4 oz,110.0,1.0,container,97.0,,,,,,,,,,,,,,,,,,,,,,,,,,,
PUDDINGVANILLA,Pudding Vanilla,sweets,,,,,19203,"Puddings, vanilla, dry mix, instant, prepared with whole milk",114.0,2.7,2.9,19.7,0.0,73.5,18.0,1.0,custom (g),100.0,0.5,cup,142.0,1.0,package yield (2 cups),569.0,,,,,,,,,,,,,,,,,,,,,,,,,,,,,,
PUFFPASTRY,Puff Pastry,grain,,,,,18211,"Puff pastry, frozen, ready-to-bake, baked",558.0,7.4,38.5,45.7,1.5,7.4,0.8,1.0,custom (g),100.0,1.0,oz,28.4,1.0,sheet,245.0,1.0,shell,40.0,,,,,,,,,,,,,,,,,,,,,,,,,,,
PUMMELO,Pummelo,fruit,,,,,9295,"Pummelo, raw",38.0,0.8,0.0,9.6,1.0,89.1,0.0,1.0,custom (g),100.0,1.0,"cup, sections",190.0,1.0,fruit without refuse,609.0,,,,,,,,,,,,,,,,,,,,,,,,,,,,,,
PUMPERNICKEL,Pumpernickel,prepared,,,,,18044,"Bread, pumpernickel",250.0,8.7,3.1,47.5,6.5,37.9,0.5,1.0,custom (g),100.0,1.0,oz,28.35,1.0,"slice, regular",26.0,1.0,"slice, snack-size",7.0,1.0,"slice, thin",20.0,1.0,"slice (5"" x 4"" x 3/8"")",32.0,,,,,,,,,,,,,,,,,,,,,
PUMPKIN,Pumpkin Canned,vegetable,fruit,,Botanically a fruit,1,11424,"Pumpkin, canned, without salt",34.0,1.1,0.3,8.1,2.9,90.0,3.3,1.0,custom (g),100.0,1.0,cup,245.0,,,,,,,,,,,,,,,,,,,,,,,,,,,,,,,,,
PUMPKINPIESPICE,Pumpkin Pie Spice,spice,,,,,2035,"Spices, pumpkin pie spice",342.0,5.8,12.6,69.3,14.8,8.5,7.8,1.0,custom (g),100.0,1.0,tsp,1.7,1.0,tbsp,5.6,,,,,,,,,,,,,,,,,,,,,,,,,,,,,,
PUNCH,Punch,beverage,,,,,14276,"Beverages, Tropical Punch, ready-to-drink",10.0,0.0,0.0,2.5,0.0,97.5,2.5,1.0,custom (g),100.0,1.0,NLEA Serving,210.0,200.0,ml,200.0,,,,,,,,,,,,,,,,,,,,,,,,,,,,,,
PURSLANE,Purslane Cooked,vegetable,,,,,11428,"Purslane, cooked, boiled, drained, without salt",18.0,1.5,0.2,3.5,0.0,93.5,0.0,1.0,custom (g),100.0,1.0,cup,115.0,1.0,squash,431.0,,,,,,,,,,,,,,,,,,,,,,,,,,,,,,
QUAIL,Quail,protein,,,,,43282,"Quail, cooked, total edible",227.0,25.1,14.1,0.0,0.0,60.0,0.0,1.0,custom (g),100.0,1.0,oz,28.35,1.0,lb,453.0,,,,,,,,,,,,,,,,,,,,,,,,,,,,,,
QUAILEGG,Quail Egg,protein,,,,,1140,"Egg, quail, whole, fresh, raw",158.0,13.1,11.1,0.4,0.0,74.3,0.4,1.0,custom (g),100.0,1.0,egg,9.0,,,,,,,,,,,,,,,,,,,,,,,,,,,,,,,,,
QUESADILLACHEESE,Quesadilla Cheese,prepared,,,,1,36052,"Restaurant, Mexican, cheese quesadilla",368.0,15.9,23.1,24.1,1.7,33.8,2.2,1.0,custom (g),100.0,1.0,serving serving size varied on diameter and count ,205.0,1.0,quesadilla 8-10 inch diameter,194.0,3.0,quesadilla 5-6 inch diameter,279.0,,,,,,,,,,,,,,,,,,,,,,,,,,,
QUESOANEJO,Queso Anejo,dairy,,,,,1165,"Cheese, mexican, queso anejo",373.0,21.4,30.0,4.6,0.0,38.1,4.6,1.0,custom (g),100.0,1.0,"cup, crumbled",132.0,1.0,oz,28.35,,,,,,,,,,,,,,,,,,,,,,,,,,,,,,
QUESOASADERO,Queso Asadero,dairy,,,,,1166,"Cheese, mexican, queso asadero",356.0,22.6,28.3,2.9,0.0,42.2,2.9,1.0,custom (g),100.0,1.0,"cup, diced",132.0,1.0,"cup, shredded",113.0,1.0,oz,28.35,1.0,cubic inch,18.0,1.0,slice (1 oz),28.0,,,,,,,,,,,,,,,,,,,,,
QUESOBLANCO,Queso Blanco,dairy,,,,,1229,"Cheese, white, queso blanco",310.0,20.4,24.3,2.5,0.0,48.7,1.8,1.0,custom (g),100.0,1.0,"cup, crumbled",118.0,,,,,,,,,,,,,,,,,,,,,,,,,,,,,,,,,
QUESOCHIHUAHUA,Queso Chihuahua,dairy,,,,,1167,"Cheese, mexican, queso chihuahua",374.0,21.6,29.7,5.6,0.0,39.1,5.6,1.0,custom (g),100.0,1.0,"cup, diced",132.0,1.0,"cup, shredded",113.0,1.0,oz,28.35,1.0,cubic inch,17.0,1.0,slice (1 oz),28.0,,,,,,,,,,,,,,,,,,,,,
QUESOCOTIJA,Queso Cotija,dairy,,,,,1267,"Cheese, mexican, queso cotija",366.0,20.0,30.0,4.0,0.0,38.0,0.0,1.0,custom (g),100.0,2.0,tsp,5.0,,,,,,,,,,,,,,,,,,,,,,,,,,,,,,,,,
QUINCE,Quince,fruit,,,,,9296,"Quinces, raw",57.0,0.4,0.1,15.3,1.9,83.8,0.0,1.0,custom (g),100.0,1.0,fruit without refuse,92.0,,,,,,,,,,,,,,,,,,,,,,,,,,,,,,,,,
QUINOA,Quinoa,grain,protein,,A pseudo-grain,,20137,"Quinoa, cooked",120.0,4.4,1.9,21.3,2.8,71.6,0.9,1.0,custom (g),100.0,1.0,cup,185.0,,,,,,,,,,,,,,,,,,,,,,,,,,,,,,,,,
RABBIT,Rabbit,protein,,,,,17178,"Game meat, rabbit, domesticated, composite of cuts, cooked, roasted",197.0,29.1,8.1,0.0,0.0,60.6,0.0,1.0,custom (g),100.0,3.0,oz,85.0,1.0,"piece, cooked (yield from 1 lb raw meat, boneless)",313.0,,,,,,,,,,,,,,,,,,,,,,,,,,,,,,
RACCOON,Raccoon,protein,,,,,17182,"Game meat, raccoon, cooked, roasted",255.0,29.2,14.5,0.0,0.0,54.3,0.0,1.0,custom (g),100.0,3.0,oz,85.0,1.0,"piece, cooked (yield from 1 lb raw meat, boneless)",399.0,,,,,,,,,,,,,,,,,,,,,,,,,,,,,,
RADICCHIO,Radicchio Raw,vegetable,,,,,11952,"Radicchio, raw",23.0,1.4,0.2,4.5,0.9,93.1,0.6,1.0,custom (g),100.0,1.0,"cup, shredded",40.0,1.0,leaf,8.0,,,,,,,,,,,,,,,,,,,,,,,,,,,,,,
RADISH,Radish Raw,vegetable,,,,,11429,"Radishes, raw",16.0,0.7,0.1,3.4,1.6,95.3,1.9,1.0,custom (g),100.0,1.0,cup slices,116.0,1.0,"large (1"" to 1-1/4"" dia)",9.0,1.0,"medium (3/4"" to 1"" dia)",4.5,1.0,slice,1.0,1.0,small,2.0,0.5,cup slices,58.0,,,,,,,,,,,,,,,,,,
RAISIN,Raisin,fruit,,,,,9297,"Raisins, golden seedless",302.0,3.4,0.5,79.5,4.0,15.0,59.2,1.0,custom (g),100.0,1.0,"cup, packed",165.0,1.0,cup (not packed),145.0,,,,,,,,,,,,,,,,,,,,,,,,,,,,,,
RAISINBREAD,Breads Raisin Bread,prepared,,,,,18414,"Bread, raisin, unenriched",274.0,7.9,4.4,52.3,4.3,33.6,0.0,1.0,custom (g),100.0,1.0,oz,28.35,1.0,"slice, large",32.0,1.0,slice,26.0,1.0,"slice, thin",23.0,,,,,,,,,,,,,,,,,,,,,,,,
RAISINSSEEDLESS,Raisins Seedless,fruit,,,,,9298,"Raisins, seedless",299.0,3.1,0.5,79.2,3.7,15.4,59.2,1.0,custom (g),100.0,1.0,"cup, packed",165.0,1.0,cup (not packed),145.0,1.0,miniature box (.5 oz),14.0,1.0,small box (1.5 oz),43.0,50.0,raisins,26.0,1.0,oz (60 raisins),28.4,,,,,,,,,,,,,,,,,,
RANCHDRESSING,Ranch Dressing,spice,,,,,4640,"Salad dressing, ranch dressing, reduced fat",196.0,1.2,12.4,21.3,1.1,62.0,3.8,1.0,custom (g),100.0,1.0,tablespoon,15.0,1.0,serving (2 tbsp),30.0,,,,,,,,,,,,,,,,,,,,,,,,,,,,,,
RANCHSTYLE,Ranch Style,spice,,,,,43112,"Beans, chili, barbecue, ranch style, cooked",97.0,5.0,1.0,16.9,4.2,75.5,5.2,1.0,custom (g),100.0,1.0,cup,253.0,,,,,,,,,,,,,,,,,,,,,,,,,,,,,,,,,
RASPBERRIES,Raspberries,fruit,,,,,9302,"Raspberries, raw",52.0,1.2,0.7,11.9,6.5,85.8,4.4,1.0,custom (g),100.0,1.0,cup,123.0,1.0,"pint as purchased, yields",312.0,10.0,raspberries,19.0,,,,,,,,,,,,,,,,,,,,,,,,,,,
RAVIOLI,Ravioli,prepared,,,,1,36055,"Restaurant, Italian, cheese ravioli with marinara sauce",154.0,7.1,5.7,18.5,1.2,67.3,4.5,1.0,custom (g),100.0,1.0,serving serving size varied by diameter and count ,427.0,,,,,,,,,,,,,,,,,,,,,,,,,,,,,,,,,
REDBEAN,Red Bean,legume,,,,,16033,"Beans, kidney, red, mature seeds, cooked, boiled, without salt",127.0,8.7,0.5,22.8,7.4,66.9,0.3,1.0,custom (g),100.0,1.0,cup,177.0,1.0,tbsp,11.0,,,,,,,,,,,,,,,,,,,,,,,,,,,,,,
REFRIEDBEAN,Refried Bean,legume,,,,,16403,"Refried beans, canned, traditional, reduced sodium",89.0,5.0,2.0,13.6,3.7,77.8,0.5,1.0,custom (g),100.0,1.0,cup,238.0,1.0,tablespoon,16.0,,,,,,,,,,,,,,,,,,,,,,,,,,,,,,
RELISH,Relish,spice,,,,,11944,"Pickle relish, hot dog",91.0,1.5,0.5,23.4,1.5,71.7,0.0,1.0,custom (g),100.0,1.0,tbsp,15.0,0.5,cup,122.0,,,,,,,,,,,,,,,,,,,,,,,,,,,,,,
RENNIN,Rennin,prepared,,,,,19223,"Rennin, vanilla, dry mix, prepared with whole milk",89.0,3.0,3.1,12.2,0.0,81.0,0.0,1.0,custom (g),100.0,,,,,,,,,,,,,,,,,,,,,,,,,,,,,,,,,,,,
RHUBARB,Rhubarb,fruit,,,,,9309,"Rhubarb, frozen, uncooked",21.0,0.6,0.1,5.1,1.8,93.5,1.1,1.0,custom (g),100.0,1.0,"cup, diced",137.0,,,,,,,,,,,,,,,,,,,,,,,,,,,,,,,,,
RICEBOWLCHICKEN,Chicken Rice Bowl,prepared,protein,,,,22958,"Rice bowl with chicken, frozen entree, prepared (includes fried, teriyaki, and sweet and sour varieties)",126.0,5.7,1.6,22.5,0.7,69.1,4.1,1.0,custom (g),100.0,1.0,bowl,340.0,,,,,,,,,,,,,,,,,,,,,,,,,,,,,,,,,
RICEBRAN,Rice Bran,grain,,,,,20060,"Rice bran, crude",316.0,13.3,20.9,49.7,21.0,6.1,0.9,1.0,custom (g),100.0,1.0,cup,118.0,,,,,,,,,,,,,,,,,,,,,,,,,,,,,,,,,
RICEBROWN,Brown Rice,grain,,,,,20037,"Rice, brown, long-grain, cooked",123.0,2.7,1.0,25.6,1.6,70.3,0.2,1.0,custom (g),100.0,1.0,cup,202.0,,,,,,,,,,,,,,,,,,,,,,,,,,,,,,,,,
RICEFLOURBROWN,Brown Rice Flour,grain,,,,,20090,"Rice flour, brown",363.0,7.2,2.8,76.5,4.6,12.0,0.7,1.0,custom (g),100.0,1.0,cup,158.0,,,,,,,,,,,,,,,,,,,,,,,,,,,,,,,,,
RICEFLOURWHITE,White Rice Flour,grain,,,,,20061,"Rice flour, white, unenriched",366.0,6.0,1.4,80.1,2.4,11.9,0.1,1.0,custom (g),100.0,1.0,cup,158.0,,,,,,,,,,,,,,,,,,,,,,,,,,,,,,,,,
RICEFRIED,Chinese Rice Fried,grain,prepared,,,1,36602,"Restaurant, Chinese, fried rice, without meat",174.0,4.0,3.0,32.8,1.1,59.1,0.6,1.0,custom (g),100.0,1.0,cup,137.0,,,,,,,,,,,,,,,,,,,,,,,,,,,,,,,,,
RICESPANISH,Spanish Rice,grain,prepared,,,,36417,"Restaurant, Mexican, spanish rice",185.0,3.3,5.3,31.2,1.2,58.5,1.3,1.0,custom (g),100.0,1.0,cup,116.0,,,,,,,,,,,,,,,,,,,,,,,,,,,,,,,,,
RICESTEAMED,Steamed Rice,grain,,,,,20058,"Rice, white, steamed, Chinese restaurant",151.0,3.2,0.3,33.9,0.9,62.5,0.0,1.0,custom (g),100.0,1.0,"cup, loosely packed",132.0,,,,,,,,,,,,,,,,,,,,,,,,,,,,,,,,,
RICEWHITE,White Rice,grain,,,,,20545,"Rice, white, long-grain, regular, cooked, unenriched, with salt",130.0,2.7,0.3,28.2,0.4,68.4,0.1,1.0,custom (g),100.0,1.0,cup,158.0,,,,,,,,,,,,,,,,,,,,,,,,,,,,,,,,,
RICEWILD,Wild Rice,grain,,,,,20089,"Wild rice, cooked",101.0,4.0,0.3,21.3,1.8,73.9,0.7,1.0,custom (g),100.0,1.0,cup,164.0,,,,,,,,,,,,,,,,,,,,,,,,,,,,,,,,,
RICOTTA,Ricotta,dairy,,,,,1036,"Cheese, ricotta, whole milk",174.0,11.3,13.0,3.0,0.0,71.7,0.3,1.0,custom (g),100.0,0.5,cup,124.0,1.0,cup,246.0,,,,,,,,,,,,,,,,,,,,,,,,,,,,,,
RICOTTASKIM,Ricotta Part Skim,dairy,,,,,1037,"Cheese, ricotta, part skim milk",138.0,11.4,7.9,5.1,0.0,74.4,0.3,1.0,custom (g),100.0,0.5,cup,124.0,1.0,oz,28.35,1.0,cup,246.0,,,,,,,,,,,,,,,,,,,,,,,,,,,
ROCKFISH,Rockfish,protein,,,,,15071,"Fish, rockfish, Pacific, mixed species, cooked, dry heat",109.0,22.2,1.6,0.0,0.0,74.7,0.0,1.0,custom (g),100.0,1.0,fillet,149.0,3.0,oz,85.0,,,,,,,,,,,,,,,,,,,,,,,,,,,,,,
ROE,Roe,protein,,,,,15072,"Fish, roe, mixed species, raw",143.0,22.3,6.4,1.5,0.0,67.7,0.0,1.0,custom (g),100.0,1.0,tbsp,14.0,1.0,oz,28.35,1.0,"can (8 oz), solids and liquid",227.0,3.0,oz,85.0,,,,,,,,,,,,,,,,,,,,,,,,
ROLLDINNER,Dinner Roll,prepared,grain,,,1,18347,"Rolls, dinner, wheat",273.0,8.6,6.3,46.0,3.8,37.0,1.6,1.0,custom (g),100.0,1.0,roll (1 oz),28.0,,,,,,,,,,,,,,,,,,,,,,,,,,,,,,,,,
ROLLDINNERSWEET,Sweet Dinner Roll,grain,prepared,,,1,28348,"Rolls, dinner, sweet",321.0,10.0,7.4,53.6,3.1,27.8,15.4,1.0,custom (g),100.0,1.0,roll,30.0,1.0,slice,39.0,,,,,,,,,,,,,,,,,,,,,,,,,,,,,,
ROLLDINNERWHOLE,Whole Wheat Dinner Roll,grain,prepared,,,1,18348,"Rolls, dinner, whole-wheat",266.0,8.7,4.7,51.1,7.5,33.1,8.5,1.0,custom (g),100.0,1.0,roll (1 oz),28.0,1.0,"roll (hamburger, frankfurter roll)",43.0,1.0,"roll, large submarine, hoagie",135.0,1.0,"medium (2-1/2"" dia)",36.0,1.0,"roll medium submarine, hoagie",94.0,1.0,"roll (small submarine, hoagie roll)",65.0,,,,,,,,,,,,,,,,,,
ROLLFRENCH,French Roll,grain,prepared,,,,18349,"Rolls, french",277.0,8.6,4.3,50.2,3.2,34.8,0.3,1.0,custom (g),100.0,1.0,oz,28.35,1.0,roll,38.0,,,,,,,,,,,,,,,,,,,,,,,,,,,,,,
ROLLHOTDOG,Hot Dog Roll,protein,grain,,,,18350,"Rolls, hamburger or hotdog, plain",279.0,9.8,3.9,50.1,1.8,34.3,7.3,1.0,custom (g),100.0,1.0,roll 1 serving,44.0,1.0,oz,28.35,,,,,,,,,,,,,,,,,,,,,,,,,,,,,,
ROLLPIZZA,Pizza Roll,grain,prepared,,,,32012,"Pizza rolls, frozen, unprepared",328.0,8.7,10.0,50.7,1.2,27.9,3.7,1.0,custom (g),100.0,1.0,serving 6 rolls,80.0,,,,,,,,,,,,,,,,,,,,,,,,,,,,,,,,,
ROLLPUMP,Pumpernickel Roll,grain,prepared,,,,43441,"Rolls, pumpernickel",276.0,10.8,2.8,51.9,5.4,32.0,0.4,1.0,custom (g),100.0,1.0,"medium (2-1/2"" dia)",36.0,1.0,"roll (pan, dinner, or small roll) (2"" square, 2"" h",28.0,,,,,,,,,,,,,,,,,,,,,,,,,,,,,,
ROMANO,Romano,dairy,,,,,1038,"Cheese, romano",387.0,31.8,26.9,3.6,0.0,30.9,0.7,1.0,custom (g),100.0,1.0,oz,28.35,5.0,package (5 oz),142.0,,,,,,,,,,,,,,,,,,,,,,,,,,,,,,
ROQUEFORT,Roquefort,dairy,,,,,1039,"Cheese, roquefort",369.0,21.5,30.6,2.0,0.0,39.4,0.0,1.0,custom (g),100.0,1.0,oz,28.35,1.0,package (3 oz),85.0,,,,,,,,,,,,,,,,,,,,,,,,,,,,,,
ROSELLE,Roselle,fruit,,,,,9311,"Roselle, raw",49.0,1.0,0.6,11.3,0.0,86.6,0.0,1.0,custom (g),100.0,1.0,"cup, without refuse",57.0,,,,,,,,,,,,,,,,,,,,,,,,,,,,,,,,,
ROSEMARY,Rosemary,spice,,,,,2063,"Rosemary, fresh",131.0,3.3,5.9,20.7,14.1,67.8,0.0,1.0,custom (g),100.0,1.0,tsp,0.7,1.0,tbsp,1.7,,,,,,,,,,,,,,,,,,,,,,,,,,,,,,
ROUGHY,Orange Roughy,protein,,,,,15232,"Fish, roughy, orange, cooked, dry heat",105.0,22.6,0.9,0.0,0.0,67.0,0.0,1.0,custom (g),100.0,3.0,oz,85.0,,,,,,,,,,,,,,,,,,,,,,,,,,,,,,,,,
ROUNDROASTBOTTOM,Round Roast Bottom,protein,,,,,13399,"Beef, round, bottom round, roast, separable lean and fat, trimmed to 0"" fat, all grades, cooked, roasted",187.0,27.4,7.7,0.0,0.0,64.5,0.0,1.0,custom (g),100.0,3.0,oz,85.0,1.0,roast (yield from 600 g raw meat),489.0,,,,,,,,,,,,,,,,,,,,,,,,,,,,,,
RUSK,Rusk,prepared,,,,,18224,"Crackers, rusk toast",407.0,13.5,7.2,72.3,0.0,5.5,0.0,1.0,custom (g),100.0,0.5,oz,14.2,1.0,rusk,10.0,,,,,,,,,,,,,,,,,,,,,,,,,,,,,,
RUTABAGA,Rutabaga Cooked,vegetable,,,,,11436,"Rutabagas, cooked, boiled, drained, without salt",30.0,0.9,0.2,6.8,1.8,91.5,4.0,1.0,custom (g),100.0,1.0,"cup, cubes",170.0,1.0,"cup, mashed",240.0,,,,,,,,,,,,,,,,,,,,,,,,,,,,,,
RYE,Rye,grain,,,,,20062,Rye grain,338.0,10.3,1.6,75.9,15.1,10.6,1.0,1.0,custom (g),100.0,1.0,cup,169.0,,,,,,,,,,,,,,,,,,,,,,,,,,,,,,,,,
SABLEFISH,Sablefish,protein,,,,,15208,"Fish, sablefish, cooked, dry heat",250.0,17.2,19.6,0.0,0.0,62.9,0.0,1.0,custom (g),100.0,3.0,oz,85.0,0.5,fillet,151.0,,,,,,,,,,,,,,,,,,,,,,,,,,,,,,
SACCHARIN,Saccharin,spice,,,,,43158,"Sweeteners, tabletop, saccharin (sodium saccharin)",360.0,0.9,0.0,89.1,0.0,8.8,85.2,1.0,custom (g),100.0,1.0,serving 1 packet,1.0,1.0,serving 1 packet SUGAR TWIN,0.8,,,,,,,,,,,,,,,,,,,,,,,,,,,,,,
SAFFLOWER,Safflower,nuts,fats,,,,4510,"Oil, safflower, salad or cooking, linoleic, (over 70%)",884.0,0.0,100.0,0.0,0.0,0.0,0.0,1.0,custom (g),100.0,1.0,tbsp,13.6,1.0,cup,218.0,1.0,tsp,4.5,,,,,,,,,,,,,,,,,,,,,,,,,,,
SAFFRON,Saffron,spice,,,,,2037,"Spices, saffron",310.0,11.4,5.8,65.4,3.9,11.9,0.0,1.0,custom (g),100.0,1.0,tsp,0.7,1.0,tbsp,2.1,,,,,,,,,,,,,,,,,,,,,,,,,,,,,,
SAGE,Sage,spice,,,,,28367,"SAGE VALLEY, Gluten Free Vanilla Sandwich Cookies",499.0,3.1,22.1,71.9,1.0,2.1,0.0,1.0,custom (g),100.0,3.0,cookies,44.0,,,,,,,,,,,,,,,,,,,,,,,,,,,,,,,,,
SAKE,Sake,beverage,,,,,43479,"Alcoholic beverage, rice (sake)",134.0,0.5,0.0,5.0,0.0,78.4,0.0,1.0,custom (g),100.0,1.0,fl oz,29.1,,,,,,,,,,,,,,,,,,,,,,,,,,,,,,,,,
SALADFRUIT,Fruit Salad,fruit,prepared,,,,9102,"Fruit salad, (peach and pear and apricot and pineapple and cherry), canned, water pack, solids and liquids",30.0,0.3,0.1,7.9,1.0,91.5,0.0,1.0,custom (g),100.0,1.0,cup,245.0,,,,,,,,,,,,,,,,,,,,,,,,,,,,,,,,,
SALADPOTATOEGG,Potato Salad with Egg,prepared,,,,,22971,Potato salad with egg,157.0,2.0,9.4,16.2,1.3,71.0,5.0,1.0,custom (g),100.0,0.5,cup,125.0,,,,,,,,,,,,,,,,,,,,,,,,,,,,,,,,,
SALISBURY,Salisbury,protein,,,,,32031,"Salisbury steak with gravy, frozen",149.0,7.0,10.5,6.8,1.0,74.2,0.3,1.0,custom (g),100.0,1.0,patty,63.0,,,,,,,,,,,,,,,,,,,,,,,,,,,,,,,,,
SALMON,Salmon,protein,fats,,,,15210,"Fish, salmon, chinook, cooked, dry heat",231.0,25.7,13.4,0.0,0.0,65.6,0.0,1.0,custom (g),100.0,3.0,oz,85.0,0.5,fillet,154.0,,,,,,,,,,,,,,,,,,,,,,,,,,,,,,
SALMONPINKCAN,Salmonpinkcan,protein,,,,,35157,"Fish, salmon, red, canned, bones removed (Alaska Native)",161.0,27.3,5.8,0.0,0.0,65.8,0.0,1.0,custom (g),100.0,,,,,,,,,,,,,,,,,,,,,,,,,,,,,,,,,,,,
SALMONREDCAN,Salmonredcan,protein,,,,,15181,"Fish, salmon, pink, canned, without salt, solids with bone and liquid",139.0,19.8,6.0,0.0,0.0,70.0,0.0,1.0,custom (g),100.0,3.0,oz,85.0,1.0,can,454.0,,,,,,,,,,,,,,,,,,,,,,,,,,,,,,
SALSA,Salsa,prepared,,,,,6164,"Sauce, salsa, ready-to-serve",29.0,1.5,0.2,6.6,1.9,89.3,4.0,1.0,custom (g),100.0,2.0,tbsp,36.0,0.5,cup,130.0,1.0,cup,259.0,,,,,,,,,,,,,,,,,,,,,,,,,,,
SALSAVERDE,Salsa Verde,prepared,,,,,27047,"Sauce, salsa, verde, ready-to-serve",38.0,1.1,0.9,6.4,1.9,89.5,3.5,1.0,custom (g),100.0,2.0,Tbsp,30.0,,,,,,,,,,,,,,,,,,,,,,,,,,,,,,,,,
SALSIFY,Salsify Cooked,vegetable,,,,,11438,"Salsify, cooked, boiled, drained, without salt",68.0,2.7,0.2,15.4,3.1,81.0,2.9,1.0,custom (g),100.0,1.0,"cup, sliced",135.0,,,,,,,,,,,,,,,,,,,,,,,,,,,,,,,,,
SALT,Salt,spice,,,,,2047,"Salt, table",0.0,0.0,0.0,0.0,0.0,0.2,0.0,1.0,custom (g),100.0,1.0,tsp,6.0,1.0,tbsp,18.0,1.0,cup,292.0,1.0,dash,0.4,,,,,,,,,,,,,,,,,,,,,,,,
SALTINE,Saltine,prepared,,,,,18228,"Crackers, saltines (includes oyster, soda, soup)",418.0,9.5,8.6,74.0,2.8,5.0,1.3,1.0,custom (g),100.0,5.0,crackers,14.9,0.5,oz,14.2,1.0,"cup, crushed",70.0,5.0,crackers square (1 serving),15.0,1.0,cracker square,3.0,1.0,"cracker, round large",10.0,1.0,"cracker, oyster",1.0,1.0,"cracker, rectangle",6.0,1.0,cup oyster crackers,45.0,,,,,,,,,
SANDSUBBEEF,Sandwich Sub Roast Beef,prepared,,,,,21125,"Fast foods, submarine sandwich, roast beef on white bread with lettuce and tomato",156.0,12.2,2.7,20.3,0.7,63.1,3.0,1.0,custom (g),100.0,6.0,inch sub,190.0,12.0,inch sub,381.0,,,,,,,,,,,,,,,,,,,,,,,,,,,,,,
SANDSUBBLT,Sandwich Sub BLT,prepared,,,,1,21162,"Fast foods, submarine sandwich, bacon, lettuce, and tomato on white bread",205.0,10.1,6.4,26.7,1.6,55.0,3.6,1.0,custom (g),100.0,6.0,inch sub,148.0,12.0,inch sub,296.0,,,,,,,,,,,,,,,,,,,,,,,,,,,,,,
SANDSUBHAM,Sandwich Sub Ham,prepared,,,,,21156,"Fast foods, submarine sandwich, ham on white bread with lettuce and tomato",151.0,9.1,2.5,22.9,1.3,63.3,3.5,1.0,custom (g),100.0,6.0,inch sub,184.0,12.0,inch sub,368.0,,,,,,,,,,,,,,,,,,,,,,,,,,,,,,
SANDSUBMEATBALL,Sandwich Sub Meatball,prepared,,,,,21158,"Fast foods, submarine sandwich, meatball marinara on white bread",219.0,9.8,8.4,26.0,2.1,53.6,5.0,1.0,custom (g),100.0,6.0,inch sub,209.0,12.0,inch sub,418.0,,,,,,,,,,,,,,,,,,,,,,,,,,,,,,
SANDSUBTURKEY,Sandwich Sub Turkey,prepared,,,,,21155,"Fast foods, submarine sandwich, turkey breast on white bread with lettuce and tomato",147.0,9.1,2.3,22.4,1.3,64.3,3.1,1.0,custom (g),100.0,6.0,inch sub,184.0,12.0,inch sub,367.0,,,,,,,,,,,,,,,,,,,,,,,,,,,,,,
SANDWICHBEEF,Sandwich Roast Beef,prepared,,,,,21121,"Fast foods, roast beef sandwich, plain",244.0,15.2,10.3,22.2,1.3,49.9,3.8,1.0,custom (g),100.0,1.0,sandwich,149.0,,,,,,,,,,,,,,,,,,,,,,,,,,,,,,,,,
SANDWICHCHICKEN,Sandwich Chicken,prepared,,,,,21102,"Fast foods, chicken fillet sandwich, plain with pickles",250.0,16.3,11.2,20.9,1.4,48.9,3.6,1.0,custom (g),100.0,1.0,sandwich,187.0,,,,,,,,,,,,,,,,,,,,,,,,,,,,,,,,,
SANDWICHCHICKENCRISP,Sandwich Crispy Chicken,prepared,,,,,21230,"Fast Foods, crispy chicken filet sandwich, with lettuce and mayonnaise",276.0,10.9,13.6,27.4,1.4,45.8,3.4,1.0,custom (g),100.0,1.0,sandwich,152.0,,,,,,,,,,,,,,,,,,,,,,,,,,,,,,,,,
SANDWICHFISH,Sandwich Fish,prepared,,,,,21105,"Fast foods, fish sandwich, with tartar sauce",257.0,10.3,12.4,26.7,1.0,48.4,3.5,1.0,custom (g),100.0,1.0,sandwich,220.0,,,,,,,,,,,,,,,,,,,,,,,,,,,,,,,,,
SAPOTE,Sapote,fruit,,,,,9314,"Sapote, mamey, raw",124.0,1.4,0.5,32.1,5.4,64.9,20.1,1.0,custom (g),100.0,1.0,"cup 1"" pieces",175.0,1.0,fruit without refuse,558.0,,,,,,,,,,,,,,,,,,,,,,,,,,,,,,
SARDINE,Sardine,protein,,,,,15088,"Fish, sardine, Atlantic, canned in oil, drained solids with bone",208.0,24.6,11.4,0.0,0.0,59.6,0.0,1.0,custom (g),100.0,1.0,"cup, drained",149.0,1.0,oz,28.35,1.0,cubic inch,16.0,1.0,can (3.75 oz),92.0,1.0,"small (2-2/3"" x 1/2"" x 1/4"")",12.0,2.0,sardines,24.0,,,,,,,,,,,,,,,,,,
SARDINEOIL,Sardine Oil,fats,,,,,4594,"Fish oil, sardine",902.0,0.0,100.0,0.0,0.0,0.0,0.0,1.0,custom (g),100.0,1.0,tbsp,13.6,1.0,tsp,4.5,1.0,cup,218.0,,,,,,,,,,,,,,,,,,,,,,,,,,,
SAUCE,Cheese Sauce,prepared,,,,1,1164,"Cheese sauce, prepared from recipe",197.0,10.3,14.9,5.5,0.1,66.9,0.2,1.0,custom (g),100.0,2.0,tbsp,30.0,1.0,cup,243.0,,,,,,,,,,,,,,,,,,,,,,,,,,,,,,
SAUCEBARBECUE,Barbecue Sauce,spice,,,,,27057,"Sauce, barbecue, KC MASTERPIECE, original",160.0,1.0,0.5,37.9,1.4,58.4,0.0,1.0,custom (g),100.0,1.0,tbsp,18.0,0.5,cup,138.0,1.0,cup,265.0,,,,,,,,,,,,,,,,,,,,,,,,,,,
SAUCEWHITEMED,White Sauce Medium,spice,,,,,6166,"Sauce, homemade, white, medium",147.0,3.8,10.6,9.2,0.2,74.9,4.4,1.0,custom (g),100.0,1.0,cup,250.0,0.5,cup,125.0,,,,,,,,,,,,,,,,,,,,,,,,,,,,,,
SAUCEWHITETHICK,White Sauce Thick,spice,,,,,6167,"Sauce, homemade, white, thick",186.0,4.0,13.8,11.6,0.3,69.1,4.0,1.0,custom (g),100.0,1.0,cup,250.0,0.5,cup,125.0,,,,,,,,,,,,,,,,,,,,,,,,,,,,,,
SAUCEWHITETHIN,White Sauce Thin,spice,,,,,6165,"Sauce, homemade, white, thin",105.0,3.8,6.7,7.4,0.1,80.7,4.8,1.0,custom (g),100.0,1.0,cup,250.0,0.5,cup,125.0,,,,,,,,,,,,,,,,,,,,,,,,,,,,,,
SAUERKRAUT,Sauerkraut,prepared,,,,,11439,"Sauerkraut, canned, solids and liquids",19.0,0.9,0.1,4.3,2.9,92.5,1.8,1.0,custom (g),100.0,1.0,cup,142.0,1.0,"cup, undrained",236.0,,,,,,,,,,,,,,,,,,,,,,,,,,,,,,
SAVOY,Savoy Cabbage Cooked,vegetable,,,,,11115,"Cabbage, savoy, cooked, boiled, drained, without salt",24.0,1.8,0.1,5.4,2.8,92.0,0.0,1.0,custom (g),100.0,1.0,"cup, shredded",145.0,,,,,,,,,,,,,,,,,,,,,,,,,,,,,,,,,
SCALLION,Scallion Raw,vegetable,,,,,11291,"Onions, spring or scallions (includes tops and bulb), raw",32.0,1.8,0.2,7.3,2.6,89.8,2.3,1.0,custom (g),100.0,1.0,"cup, chopped",100.0,1.0,tbsp chopped,6.0,1.0,large,25.0,1.0,"medium (4-1/8"" long)",15.0,1.0,"small (3"" long)",5.0,,,,,,,,,,,,,,,,,,,,,
SCALLOP,Scallop,protein,,,,,90240,"Mollusks, scallop, (bay and sea), cooked, steamed",111.0,20.5,0.8,5.4,0.0,70.2,0.0,1.0,custom (g),100.0,3.0,oz,85.0,,,,,,,,,,,,,,,,,,,,,,,,,,,,,,,,,
SCROD,Scrod,protein,,,,,15016,"Fish, cod, Atlantic, cooked, dry heat",105.0,22.8,0.9,0.0,0.0,75.9,0.0,1.0,custom (g),100.0,3.0,oz,85.0,1.0,fillet,180.0,,,,,,,,,,,,,,,,,,,,,,,,,,,,,,
SCUP,Scup,protein,,,,,15213,"Fish, scup, cooked, dry heat",135.0,24.2,3.5,0.0,0.0,68.4,0.0,1.0,custom (g),100.0,1.0,fillet,50.0,3.0,oz,85.0,,,,,,,,,,,,,,,,,,,,,,,,,,,,,,
SEABASS,Sea Bass,protein,,,,,15092,"Fish, sea bass, mixed species, cooked, dry heat",124.0,23.6,2.6,0.0,0.0,72.1,0.0,1.0,custom (g),100.0,1.0,fillet,101.0,3.0,oz,85.0,,,,,,,,,,,,,,,,,,,,,,,,,,,,,,
SEAL,Seal,protein,fats,,,,35056,"Seal, bearded (Oogruk), meat, raw (Alaska Native)",110.0,26.7,0.4,0.0,0.0,69.6,0.0,1.0,custom (g),100.0,,,,,,,,,,,,,,,,,,,,,,,,,,,,,,,,,,,,
SEALION,Sealion,protein,,,,,35230,"Sea lion, Steller, meat with fat (Alaska Native)",242.0,22.1,14.7,5.5,0.0,56.8,0.0,1.0,custom (g),100.0,,,,,,,,,,,,,,,,,,,,,,,,,,,,,,,,,,,,
SEATROUT,Sea Trout,protein,,,,,15214,"Fish, seatrout, mixed species, cooked, dry heat",133.0,21.5,4.6,0.0,0.0,71.9,0.0,1.0,custom (g),100.0,3.0,oz,85.0,1.0,fillet,186.0,,,,,,,,,,,,,,,,,,,,,,,,,,,,,,
SEAWEED,Seaweed Raw,vegetable,,,,,11444,"Seaweed, irishmoss, raw",49.0,1.5,0.2,12.3,1.3,81.3,0.6,1.0,custom (g),100.0,2.0,tbsp (1/8 cup),10.0,,,,,,,,,,,,,,,,,,,,,,,,,,,,,,,,,
SEMOLINA,Semolina,grain,,,,,20466,"Semolina, unenriched",360.0,12.7,1.1,72.8,3.9,12.7,0.0,1.0,custom (g),100.0,1.0,cup,167.0,,,,,,,,,,,,,,,,,,,,,,,,,,,,,,,,,
SERANO,Serano,fruit,spice,,,,11977,"Peppers, serrano, raw",32.0,1.7,0.4,6.7,3.7,90.2,3.8,1.0,custom (g),100.0,1.0,"cup, chopped",105.0,1.0,pepper,6.1,,,,,,,,,,,,,,,,,,,,,,,,,,,,,,
SESAME,Sesame,nuts,,,,,12024,"Seeds, sesame seeds, whole, roasted and toasted",565.0,17.0,48.0,25.7,14.0,3.3,0.0,1.0,custom (g),100.0,1.0,oz,28.35,,,,,,,,,,,,,,,,,,,,,,,,,,,,,,,,,
SESAMEBUTTER,Sesame Butter,nuts,spice,,,,12166,"Seeds, sesame butter, tahini, from roasted and toasted kernels (most common type)",595.0,17.0,53.8,21.2,9.3,3.0,0.5,1.0,custom (g),100.0,1.0,tbsp,15.0,1.0,oz,28.35,,,,,,,,,,,,,,,,,,,,,,,,,,,,,,
SESAMEFLOUR,Sesame Flour,nuts,,,,,12032,"Seeds, sesame flour, partially defatted",382.0,40.3,11.9,35.1,0.0,6.6,0.0,1.0,custom (g),100.0,1.0,oz,28.35,,,,,,,,,,,,,,,,,,,,,,,,,,,,,,,,,
SHAD,Shad,protein,,,,,15215,"Fish, shad, american, cooked, dry heat",252.0,21.7,17.6,0.0,0.0,59.2,0.0,1.0,custom (g),100.0,1.0,fillet,144.0,3.0,oz,85.0,,,,,,,,,,,,,,,,,,,,,,,,,,,,,,
SHAKE,Shake,dairy,beverage,,,,14347,"Shake, fast food, vanilla",148.0,3.4,6.5,19.6,0.9,69.7,13.6,1.0,custom (g),100.0,1.0,fl oz,20.8,1.0,cup (8 fl oz),166.0,1.0,milkshake (10 fl oz),208.0,1.0,small McDonald's shake (12 fl oz),250.0,1.0,medium McDonald's shake (16 fl oz),333.0,1.0,large McDonald's shake (22 fl oz),458.0,,,,,,,,,,,,,,,,,,
SHALLOT,Shallot Raw,vegetable,,,,,11677,"Shallots, raw",72.0,2.5,0.1,16.8,3.2,79.8,7.9,1.0,custom (g),100.0,1.0,tbsp chopped,10.0,,,,,,,,,,,,,,,,,,,,,,,,,,,,,,,,,
SHARK,Shark,protein,,,,,15096,"Fish, shark, mixed species, cooked, batter-dipped and fried",228.0,18.6,13.8,6.4,0.0,60.1,0.0,1.0,custom (g),100.0,3.0,oz,85.0,,,,,,,,,,,,,,,,,,,,,,,,,,,,,,,,,
SHEANUT,Sheanut,fats,,,,,4536,"Oil, sheanut",884.0,0.0,100.0,0.0,0.0,0.0,0.0,1.0,custom (g),100.0,1.0,tablespoon,13.6,1.0,cup,218.0,1.0,tsp,4.5,,,,,,,,,,,,,,,,,,,,,,,,,,,
SHEEFISH,Sheefish,protein,,,,,35169,"Fish, sheefish, raw (Alaska Native)",115.0,22.2,2.8,0.0,0.0,74.6,0.0,1.0,custom (g),100.0,,,,,,,,,,,,,,,,,,,,,,,,,,,,,,,,,,,,
SHEEPMILK,Sheep Milk,beverage,,,,,1109,"Milk, sheep, fluid",108.0,6.0,7.0,5.4,0.0,80.7,0.0,1.0,custom (g),100.0,1.0,cup,245.0,1.0,quart,980.0,,,,,,,,,,,,,,,,,,,,,,,,,,,,,,
SHEEPSHEAD,Sheepshead,protein,,,,,15098,"Fish, sheepshead, cooked, dry heat",126.0,26.0,1.6,0.0,0.0,69.0,0.0,1.0,custom (g),100.0,3.0,oz,85.0,1.0,fillet,186.0,,,,,,,,,,,,,,,,,,,,,,,,,,,,,,
SHELLIEBEAN,Shellie Bean,legume,,,,,11050,"Beans, shellie, canned, solids and liquids",30.0,1.8,0.2,6.2,3.4,90.7,0.6,1.0,custom (g),100.0,1.0,cup,245.0,,,,,,,,,,,,,,,,,,,,,,,,,,,,,,,,,
SHERBET,Sherbet,sweets,,,,,19097,"Sherbet, orange",144.0,1.1,2.0,30.4,1.3,66.1,24.3,1.0,custom (g),100.0,0.5,cup (4 fl oz),74.0,1.0,bar (2.75 fl oz),66.0,,,,,,,,,,,,,,,,,,,,,,,,,,,,,,
SHIITAKE,Shiitake Raw,vegetable,,,,,11238,"Mushrooms, shiitake, raw",34.0,2.2,0.5,6.8,2.5,89.7,2.4,1.0,custom (g),100.0,1.0,piece whole,19.0,,,,,,,,,,,,,,,,,,,,,,,,,,,,,,,,,
SHORTBREAD,Shortbread,prepared,,,,,18192,"Cookies, shortbread, commercially prepared, plain",514.0,5.4,26.2,63.8,1.3,3.6,21.6,1.0,custom (g),100.0,1.0,oz,28.35,1.0,cookie,11.8,,,,,,,,,,,,,,,,,,,,,,,,,,,,,,
SHORTENING,Shortening,fats,,,,,4031,"Shortening, household, soybean (partially hydrogenated)-cottonseed (partially hydrogenated)",884.0,0.0,100.0,0.0,0.0,0.0,0.0,1.0,custom (g),100.0,1.0,tbsp,12.8,1.0,cup,205.0,,,,,,,,,,,,,,,,,,,,,,,,,,,,,,
SHRIMPBREADED,Shrimp Breaded and Fried,protein,prepared,,,,36016,"Restaurant, family style, shrimp, breaded and fried",308.0,12.7,18.7,22.3,1.5,43.0,0.9,1.0,custom (g),100.0,1.0,serving,169.0,,,,,,,,,,,,,,,,,,,,,,,,,,,,,,,,,
SHRIMPCANNED,Shrimp Canned,protein,,,,,15152,"Crustaceans, shrimp, mixed species, canned",100.0,20.4,1.4,0.0,0.0,75.8,0.0,1.0,custom (g),100.0,1.0,cup,128.0,1.0,oz,28.35,1.0,"can (4.5 oz), drained",128.0,10.0,shrimp,32.0,3.0,oz,85.0,,,,,,,,,,,,,,,,,,,,,
SHRIMPCOOKED,Shrimp Cooked,protein,,,,,15271,"Crustaceans, shrimp, cooked (not previously frozen)",99.0,24.0,0.3,0.2,0.0,74.3,0.0,1.0,custom (g),100.0,3.0,oz,85.0,,,,,,,,,,,,,,,,,,,,,,,,,,,,,,,,,
SMELT,Smelt,protein,,,,,35184,"Smelt, dried (Alaska Native)",386.0,56.2,17.9,0.0,0.0,16.9,0.0,1.0,custom (g),100.0,,,,,,,,,,,,,,,,,,,,,,,,,,,,,,,,,,,,
SMOOTHIE,Smoothie,beverage,,,,,9531,"Fruit juice smoothie, NAKED JUICE, strawberry banana",50.0,0.5,0.3,11.7,0.6,87.3,0.0,1.0,custom (g),100.0,1.0,cup,228.0,,,,,,,,,,,,,,,,,,,,,,,,,,,,,,,,,
SNAIL,Snail,protein,,,,,90560,"Mollusks, snail, raw",90.0,16.1,1.4,2.0,0.0,79.2,0.0,1.0,custom (g),100.0,3.0,oz,85.0,,,,,,,,,,,,,,,,,,,,,,,,,,,,,,,,,
SNAPBEAN,Green Snap Bean Cooked,vegetable,,,,,11053,"Beans, snap, green, cooked, boiled, drained, without salt",35.0,1.9,0.3,7.9,3.2,89.2,3.6,1.0,custom (g),100.0,1.0,cup,125.0,,,,,,,,,,,,,,,,,,,,,,,,,,,,,,,,,
SNAPPER,Snapper,protein,,,,,15102,"Fish, snapper, mixed species, cooked, dry heat",128.0,26.3,1.7,0.0,0.0,70.3,0.0,1.0,custom (g),100.0,3.0,oz,85.0,1.0,fillet,170.0,,,,,,,,,,,,,,,,,,,,,,,,,,,,,,
SOCKEYE,Salmon Sockeye,protein,,,,,15086,"Fish, salmon, sockeye, cooked, dry heat",156.0,26.5,5.6,0.0,0.0,67.3,0.0,1.0,custom (g),100.0,3.0,oz,85.0,0.5,fillet,155.0,,,,,,,,,,,,,,,,,,,,,,,,,,,,,,
SODACLUB,Club Soda,beverage,,,,,14121,"Beverages, Carbonated beverage, club soda",0.0,0.0,0.0,0.0,0.0,99.9,0.0,1.0,custom (g),100.0,1.0,fl oz,29.6,1.0,can or bottle (16 fl oz),474.0,1.0,can or bottle (12 fl oz),355.0,,,,,,,,,,,,,,,,,,,,,,,,,,,
SODACOLA,Soda Cola,beverage,,,,,14148,"Beverages, carbonated, cola, regular",42.0,0.0,0.2,10.4,0.0,89.4,9.9,1.0,custom (g),100.0,1.0,fl oz,30.7,1.0,can or bottle (12 fl oz),370.0,1.0,can or bottle (16 fl oz),492.0,1.0,"drink, small (16 fl oz)",492.0,1.0,"drink, medium (22 fl oz)",676.0,1.0,"drink, large (32 fl oz)",984.0,1.0,"drink, extra large (44 fl oz)",1353.0,,,,,,,,,,,,,,,
SODACOLALOW,Soda Cola Low Cal,beverage,,,,,14416,"Beverages, Carbonated beverage, low calorie, cola or pepper-type, with aspartame, contains caffeine",2.0,0.1,0.0,0.3,0.0,99.5,0.0,1.0,custom (g),100.0,1.0,fl oz,29.6,1.0,can can 12 fl oz,355.0,1.0,bottle bottle 16 fl oz,473.0,1.0,serving child 12 fl oz,258.0,1.0,serving small 16 fl oz,347.0,1.0,serving medium 21 fl oz,486.0,1.0,serving large 32 fl oz,722.0,,,,,,,,,,,,,,,
SODACREAM,Cream Soda,beverage,,,,,14130,"Carbonated beverage, cream soda",51.0,0.0,0.0,13.3,0.0,86.7,13.3,1.0,custom (g),100.0,1.0,fl oz,30.9,1.0,can or bottle (16 fl oz),494.0,1.0,can or bottle (12 fl oz),371.0,,,,,,,,,,,,,,,,,,,,,,,,,,,
SODANONCOLALOW,Soda non Cola Low Cal,beverage,,,,,14537,"Carbonated beverage, low calorie, other than cola or pepper, with sodium saccharin, without caffeine",0.0,0.0,0.0,0.1,0.0,99.8,0.0,1.0,custom (g),100.0,1.0,fl oz,29.6,1.0,can (12 fl oz),355.0,,,,,,,,,,,,,,,,,,,,,,,,,,,,,,
SODAROOTBEER,Soda Root Beer,beverage,,,,,14157,"Beverages, Carbonated beverage, root beer",41.0,0.0,0.0,10.6,0.0,89.3,10.6,1.0,custom (g),100.0,1.0,fl oz,30.8,1.0,can or bottle (16 fl oz),493.0,1.0,can or bottle (12 fl oz),370.0,,,,,,,,,,,,,,,,,,,,,,,,,,,
SOFRITOSAUCE,Sofrito Sauce,spice,,,,,6142,"Sauce, sofrito, prepared from recipe",237.0,12.8,18.2,5.5,1.7,59.7,0.0,1.0,custom (g),100.0,0.5,cup,103.0,,,,,,,,,,,,,,,,,,,,,,,,,,,,,,,,,
SOLE,Sole,protein,,,,,15029,"Fish, flatfish (flounder and sole species), cooked, dry heat",86.0,15.2,2.4,0.0,0.0,81.1,0.0,1.0,custom (g),100.0,1.0,fillet,127.0,3.0,oz,85.0,,,,,,,,,,,,,,,,,,,,,,,,,,,,,,
SORGHUM,Sorghum,grain,,,,,20067,Sorghum grain,329.0,10.6,3.5,72.1,6.7,12.4,2.5,1.0,custom (g),100.0,1.0,cup,192.0,,,,,,,,,,,,,,,,,,,,,,,,,,,,,,,,,
SORGHUMFLOUR,Sorghum Flour,grain,,,,,20648,"Sorghum flour, whole-grain",359.0,8.4,3.3,76.6,6.6,10.3,1.9,1.0,custom (g),100.0,1.0,cup,121.0,,,,,,,,,,,,,,,,,,,,,,,,,,,,,,,,,
SORGHUMSYRUP,Sorghum Syrup,spice,,,,,19355,"Syrups, sorghum",290.0,0.0,0.0,74.9,0.0,22.7,74.9,1.0,custom (g),100.0,1.0,cup,330.0,1.0,tbsp,21.0,,,,,,,,,,,,,,,,,,,,,,,,,,,,,,
SOUPBEEFBROTH,Soup Beef Broth,prepared,,,,,6008,"Soup, beef broth or bouillon canned, ready-to-serve",7.0,1.1,0.2,0.0,0.0,97.5,0.0,1.0,custom (g),100.0,1.0,cup,240.0,1.0,can 14.5 oz,435.0,1.0,container 32 oz,960.0,,,,,,,,,,,,,,,,,,,,,,,,,,,
SOUPBLACKBEAN,Soup Black Bean,prepared,,,,,36413,"Restaurant, Latino, black bean soup",103.0,5.1,2.6,14.8,4.9,75.9,0.9,1.0,custom (g),100.0,1.0,cup,246.0,,,,,,,,,,,,,,,,,,,,,,,,,,,,,,,,,
SOUPBROCCOLI,Soup Broccoli,prepared,,,,,6546,CAMPBELL'S Homestyle Potato Broccoli Cheese Soup,65.0,1.2,3.7,6.9,1.2,88.0,0.0,1.0,custom (g),100.0,1.0,cup,245.0,,,,,,,,,,,,,,,,,,,,,,,,,,,,,,,,,
SOUPCHICKBROTH,Soup Chicken Broth,prepared,,,,,6194,"Soup, chicken broth, ready-to-serve",6.0,0.6,0.2,0.4,0.0,97.8,0.4,1.0,custom (g),100.0,1.0,cup,249.0,,,,,,,,,,,,,,,,,,,,,,,,,,,,,,,,,
SOUPCHICKENRICE,Soup Chicken Rice,prepared,,,,,6022,"Soup, chicken rice, canned, chunky, ready-to-serve",53.0,5.1,1.3,5.4,0.4,86.8,0.6,1.0,custom (g),100.0,1.0,cup,240.0,1.0,can 19 oz,539.0,,,,,,,,,,,,,,,,,,,,,,,,,,,,,,
SOUPCHICKNOODLE,Soup Chicken Noodle,prepared,,,,,6018,"Soup, chunky chicken noodle, canned, ready-to-serve",41.0,3.1,1.2,4.5,0.8,89.9,0.4,1.0,custom (g),100.0,1.0,can,530.0,1.0,cup,243.0,,,,,,,,,,,,,,,,,,,,,,,,,,,,,,
SOUPCLAM,Soup Clam,prepared,,,,,27042,"Soup, clam chowder, new england, canned, ready-to-serve",79.0,2.6,3.9,8.3,1.0,83.8,0.2,1.0,custom (g),100.0,1.0,cup,254.0,1.0,can,521.0,,,,,,,,,,,,,,,,,,,,,,,,,,,,,,
SOUPCLAMRED,Soup Clam Red,prepared,,,,,6027,"Soup, clam chowder, manhattan style, canned, chunky, ready-to-serve",56.0,3.0,1.4,7.8,1.2,86.0,1.7,1.0,custom (g),100.0,1.0,cup (8 fl oz),240.0,1.0,can (19 oz),539.0,,,,,,,,,,,,,,,,,,,,,,,,,,,,,,
SOUPEGGDROP,Soup Egg Drop,prepared,,,,1,27000,"Soup, egg drop, Chinese restaurant",27.0,1.2,0.6,4.3,0.4,92.9,0.1,1.0,custom (g),100.0,1.0,cup,241.0,,,,,,,,,,,,,,,,,,,,,,,,,,,,,,,,,
SOUPHOTSOUR,Soup Hot Sour,prepared,,,,1,27001,"Soup, hot and sour, Chinese restaurant",39.0,2.6,1.2,4.3,0.5,90.7,0.4,1.0,custom (g),100.0,1.0,cup,233.0,,,,,,,,,,,,,,,,,,,,,,,,,,,,,,,,,
SOUPMINESTRONE,Soup Minestrone,prepared,,,,,6544,CAMPBELL'S Homestyle Minestrone Soup,41.0,1.6,0.4,7.3,1.6,88.3,0.0,1.0,custom (g),100.0,1.0,cup,245.0,,,,,,,,,,,,,,,,,,,,,,,,,,,,,,,,,
SOUPMUSHROOM,Soup Mushroom,prepared,,,,,6443,"Soup, cream of mushroom, canned, prepared with equal volume water",39.0,0.7,2.6,3.3,0.3,92.5,0.2,1.0,custom (g),100.0,1.0,serving 1 cup,248.0,1.0,fl oz,31.0,,,,,,,,,,,,,,,,,,,,,,,,,,,,,,
SOUPRAMENNOODLE,Soup Ramen Noodle,grain,prepared,,,,6583,"Soup, ramen noodle, any flavor, dry",440.0,10.2,17.6,60.3,2.9,6.5,2.0,1.0,custom (g),100.0,1.0,package without flavor packet,81.0,1.0,packet,5.8,,,,,,,,,,,,,,,,,,,,,,,,,,,,,,
SOUPSPLITPEA,Soup Split Pea,legume,prepared,,,,6192,"Split pea soup, canned, reduced sodium, prepared with water or ready-to serve",71.0,3.9,0.9,11.8,1.9,82.4,5.1,1.0,custom (g),100.0,1.0,cup,253.0,,,,,,,,,,,,,,,,,,,,,,,,,,,,,,,,,
SOUPSPLITPEAHAM,Soup Split Pea with Ham,legume,prepared,,,,6050,"Soup, pea, split with ham, canned, chunky, ready-to-serve",77.0,4.6,1.7,11.2,1.7,81.0,1.9,1.0,custom (g),100.0,1.0,cup,240.0,1.0,can (19 oz),539.0,,,,,,,,,,,,,,,,,,,,,,,,,,,,,,
SOUPTOMATO,Soup Tomato,prepared,,,,,6588,"CAMPBELL'S Soup on the Go, Classic Tomato Soup",46.0,1.0,0.2,10.2,0.7,88.8,0.0,1.0,custom (g),100.0,1.0,container,305.0,,,,,,,,,,,,,,,,,,,,,,,,,,,,,,,,,
SOUPTOMATORICE,Soup Tomato Rice,prepared,,,,,6463,"Soup, tomato rice, canned, prepared with equal volume water",47.0,0.8,1.1,8.5,0.7,88.5,3.0,1.0,custom (g),100.0,1.0,cup,247.0,1.0,"can (11 oz), prepared",600.0,,,,,,,,,,,,,,,,,,,,,,,,,,,,,,
SOUPTORTILLA,Soup Tortilla,prepared,,,,,6543,CAMPBELL'S Homestyle Mexican Style Chicken Tortilla Soup,53.0,2.9,0.8,8.2,1.2,86.4,0.0,1.0,custom (g),100.0,1.0,cup,245.0,,,,,,,,,,,,,,,,,,,,,,,,,,,,,,,,,
SOUPVEG,Soup Vegetable,prepared,,,,,6468,"Soup, vegetarian vegetable, canned, prepared with equal volume water",28.0,0.9,0.8,4.9,0.3,92.4,1.6,1.0,custom (g),100.0,1.0,cup,241.0,1.0,"can (10.5 oz), prepared",586.0,,,,,,,,,,,,,,,,,,,,,,,,,,,,,,
SOUPWONTON,Soup Wonton,prepared,,,,,27002,"Soup, wonton, Chinese restaurant",32.0,2.1,0.3,5.2,0.2,91.2,0.3,1.0,custom (g),100.0,1.0,cup,223.0,,,,,,,,,,,,,,,,,,,,,,,,,,,,,,,,,
SOURCREAM,Sour Cream,dairy,,,,,1178,"Sour cream, reduced fat",181.0,7.0,14.1,7.0,0.0,71.0,0.3,1.0,custom (g),100.0,1.0,tablespoon,12.0,1.0,cup,230.0,,,,,,,,,,,,,,,,,,,,,,,,,,,,,,
SOURCREAM,Sour Cream,dairy,,,,,1056,"Cream, sour, cultured",198.0,2.4,19.4,4.6,0.0,73.1,3.4,1.0,custom (g),100.0,1.0,tbsp,12.0,1.0,cup,230.0,,,,,,,,,,,,,,,,,,,,,,,,,,,,,,
SOURSOP,Soursop,fruit,,,,,9315,"Soursop, raw",66.0,1.0,0.3,16.8,3.3,81.2,13.5,1.0,custom (g),100.0,1.0,"cup, pulp",225.0,1.0,"fruit (7"" x 5-1/4"" dia)",625.0,,,,,,,,,,,,,,,,,,,,,,,,,,,,,,
SOYBEAN,Soybean,legume,protein,fats,A legume,,11451,"Soybeans, green, cooked, boiled, drained, without salt",141.0,12.3,6.4,11.1,4.2,68.6,0.0,1.0,custom (g),100.0,1.0,cup,180.0,,,,,,,,,,,,,,,,,,,,,,,,,,,,,,,,,
SOYBEANOIL,Soy Bean Oil,fats,,,,,4044,"Oil, soybean, salad or cooking",884.0,0.0,100.0,0.0,0.0,0.0,0.0,1.0,custom (g),100.0,1.0,tbsp,13.6,1.0,cup,218.0,1.0,tsp,4.5,,,,,,,,,,,,,,,,,,,,,,,,,,,
SOYLECITHIN,Soy Lecithin,fats,,,,,4531,"Oil, soybean lecithin",763.0,0.0,100.0,0.0,0.0,0.0,0.0,1.0,custom (g),100.0,1.0,tablespoon,13.6,1.0,cup,218.0,1.0,tsp,4.5,,,,,,,,,,,,,,,,,,,,,,,,,,,
SOYMILK,Soy Milk,legume,beverage,,,,16120,"Soymilk, original and vanilla, unfortified",54.0,3.3,1.8,6.3,0.6,88.0,4.0,1.0,custom (g),100.0,1.0,cup,243.0,1.0,fl oz,30.6,,,,,,,,,,,,,,,,,,,,,,,,,,,,,,
SOYNUT,Soynut,legume,nuts,,A legume,,11451,"Soybeans, green, cooked, boiled, drained, without salt",141.0,12.3,6.4,11.1,4.2,68.6,0.0,1.0,custom (g),100.0,1.0,cup,180.0,,,,,,,,,,,,,,,,,,,,,,,,,,,,,,,,,
SOYSAUCE,Soy Sauce,spice,,,,,16123,Soy sauce made from soy and wheat (shoyu),53.0,8.1,0.6,4.9,0.8,71.2,0.4,1.0,custom (g),100.0,1.0,tbsp,16.0,1.0,tsp,5.3,1.0,cup,255.0,1.0,individual packet,8.9,,,,,,,,,,,,,,,,,,,,,,,,
SPAGHETTI,Pasta Spaghetti Cooked,grain,,,,,20127,"Spaghetti, spinach, cooked",130.0,4.6,0.6,26.1,0.0,68.1,0.0,1.0,custom (g),100.0,1.0,cup,140.0,,,,,,,,,,,,,,,,,,,,,,,,,,,,,,,,,
SPAGHETTIMEAT,Pasta Spaghetti with Meat,prepared,,,,,36630,"Restaurant, Italian, spaghetti with meat sauce",121.0,5.8,3.6,16.4,1.6,73.2,1.8,1.0,custom (g),100.0,1.0,serving,554.0,,,,,,,,,,,,,,,,,,,,,,,,,,,,,,,,,
SPAGHETTIMEATBALLS,Pasta Spaghetti with Meatballs,prepared,,,,,36038,"Restaurant, family style, spaghetti and meatballs",170.0,7.8,8.5,15.5,1.5,66.6,2.0,1.0,custom (g),100.0,1.0,cup,134.0,1.0,serving,565.0,,,,,,,,,,,,,,,,,,,,,,,,,,,,,,
SPAGHETTIMEATLESS,Pasta Spaghetti Meatless,prepared,,,,,36046,"Restaurant, Italian, spaghetti with pomodoro sauce (no meat)",104.0,3.9,1.9,17.8,1.7,75.6,1.8,1.0,custom (g),100.0,1.0,serving,510.0,,,,,,,,,,,,,,,,,,,,,,,,,,,,,,,,,
SPAM,Spam,protein,prepared,,,,7908,"Luncheon meat, pork with ham, minced, canned, includes SPAM (Hormel)",315.0,13.4,26.6,4.6,0.0,51.7,0.0,1.0,custom (g),100.0,2.0,oz 1 NLEA serving,56.0,,,,,,,,,,,,,,,,,,,,,,,,,,,,,,,,,
SPEARMINT,Spearmint,spice,,,,,2065,"Spearmint, fresh",44.0,3.3,0.7,8.4,6.8,85.5,0.0,1.0,custom (g),100.0,2.0,leaves,0.3,2.0,tbsp,11.4,,,,,,,,,,,,,,,,,,,,,,,,,,,,,,
SPELT,Spelt,grain,,,,,20140,"Spelt, uncooked",338.0,14.6,2.4,70.2,10.7,11.0,6.8,1.0,custom (g),100.0,1.0,cup,174.0,,,,,,,,,,,,,,,,,,,,,,,,,,,,,,,,,
SPINACH,Spinach Cooked,vegetable,,,,,11458,"Spinach, cooked, boiled, drained, without salt",23.0,2.97,0.26,3.75,2.4,91.21,0.43,1.0,custom (g),100.0,1.0,cup,30.0,1.0,bunch,340.0,1.0,leaf,10.0,1.0,package (10 oz),284.0,,,,,,,,,,,,,,,,,,,,,,,,
SPIRULINA,Spirulina Raw,vegetable,,,,,11666,"Seaweed, spirulina, raw",26.0,5.9,0.4,2.4,0.4,90.7,0.3,1.0,custom (g),100.0,,,,,,,,,,,,,,,,,,,,,,,,,,,,,,,,,,,,
SPLITPEA,Split Pea,legume,,,,,16086,"Peas, split, mature seeds, cooked, boiled, without salt",118.0,8.3,0.4,21.1,8.3,69.5,2.9,1.0,custom (g),100.0,1.0,cup,196.0,1.0,tbsp,12.2,,,,,,,,,,,,,,,,,,,,,,,,,,,,,,
SPOT,Spot,protein,,,,,15216,"Fish, spot, cooked, dry heat",158.0,23.7,6.3,0.0,0.0,69.2,0.0,1.0,custom (g),100.0,1.0,fillet,50.0,3.0,oz,85.0,,,,,,,,,,,,,,,,,,,,,,,,,,,,,,
SPRAYOIL,Spray Oil,fats,,,,,4679,"Oil, PAM cooking spray, original",792.0,0.3,78.7,20.7,0.0,0.1,0.0,1.0,custom (g),100.0,1.0,"spray , about 1/3 second (1 NLEA serving)",0.3,,,,,,,,,,,,,,,,,,,,,,,,,,,,,,,,,
SPROUTS,Alfalfa Sprouts Raw,vegetable,,,,,11001,"Alfalfa seeds, sprouted, raw",23.0,4.0,0.7,2.1,1.9,92.8,0.2,1.0,custom (g),100.0,1.0,cup,33.0,1.0,tbsp,3.0,,,,,,,,,,,,,,,,,,,,,,,,,,,,,,
SQUAB,Squab,protein,,,,,5160,"Squab, (pigeon), meat and skin, raw",294.0,18.5,23.8,0.0,0.0,56.6,0.0,1.0,custom (g),100.0,3.0,oz,85.0,1.0,unit (yield from 1 lb ready-to-cook squab),297.0,1.0,squab,199.0,,,,,,,,,,,,,,,,,,,,,,,,,,,
SQUASHACORN,Squash Acorn Cooked,vegetable,fruit,,Botanically a fruit,,11862,"Squash, summer, zucchini, includes skin, frozen, cooked, boiled, drained, with salt",14.0,1.1,0.1,3.0,1.3,94.7,1.7,1.0,custom (g),100.0,1.0,cup,223.0,,,,,,,,,,,,,,,,,,,,,,,,,,,,,,,,,
SQUASHSUMMER,Squash Summer Cooked,vegetable,fruit,,Botanically a fruit,,11642,"Squash, summer, all varieties, cooked, boiled, drained, without salt",20.0,0.9,0.3,4.3,1.4,93.7,2.6,1.0,custom (g),100.0,1.0,"cup, sliced",180.0,,,,,,,,,,,,,,,,,,,,,,,,,,,,,,,,,
SQUASHWINTER,Squash Winter Cooked,vegetable,fruit,,Botanically a fruit,,11483,"Squash, winter, acorn, cooked, baked, without salt",56.0,1.1,0.1,14.6,4.4,82.9,0.0,1.0,custom (g),100.0,1.0,"cup, cubes",205.0,,,,,,,,,,,,,,,,,,,,,,,,,,,,,,,,,
SQUID,Squid,protein,,,,,15176,"Mollusks, squid, mixed species, cooked, fried",175.0,17.9,7.5,7.8,0.0,64.5,0.0,1.0,custom (g),100.0,3.0,oz,85.0,,,,,,,,,,,,,,,,,,,,,,,,,,,,,,,,,
SQUIRREL,Squirrel,protein,,,,,35075,"Squirrel, ground, meat (Alaska Native)",111.0,19.3,3.8,0.0,0.0,75.4,0.0,1.0,custom (g),100.0,,,,,,,,,,,,,,,,,,,,,,,,,,,,,,,,,,,,
SRIRACHA,Sriracha,spice,,,,,6631,"Sauce, hot chile, sriracha",93.0,1.9,0.9,19.2,2.2,71.8,15.1,1.0,custom (g),100.0,1.0,tsp,6.5,,,,,,,,,,,,,,,,,,,,,,,,,,,,,,,,,
STARFRUIT,Starfruit,fruit,,,,,9060,"Carambola, (starfruit), raw",31.0,1.0,0.3,6.7,2.8,91.4,4.0,1.0,custom (g),100.0,1.0,"cup, cubes",132.0,1.0,"cup, sliced",108.0,1.0,"large (4-1/2"" long)",124.0,1.0,"medium (3-5/8"" long)",91.0,1.0,"small (3-1/8"" long)",70.0,,,,,,,,,,,,,,,,,,,,,
STEAKSAUCE,Steak Sauce,spice,,,,,27048,"Sauce, steak, tomato based",95.0,1.2,0.2,22.0,1.5,71.0,9.8,1.0,custom (g),100.0,2.0,Tbsp,34.0,,,,,,,,,,,,,,,,,,,,,,,,,,,,,,,,,
STEAKSIRLOIN,Steak Sirloin,protein,prepared,,,,36013,"Restaurant, family style, sirloin steak",195.0,29.8,8.5,0.0,0.0,60.2,0.6,1.0,custom (g),100.0,1.0,serving,166.0,,,,,,,,,,,,,,,,,,,,,,,,,,,,,,,,,
STEELHEAD,Steelhead,protein,,,,,35181,"Steelhead trout, boiled, canned (Alaska Native)",159.0,21.1,8.3,0.0,0.0,70.6,0.0,1.0,custom (g),100.0,,,,,,,,,,,,,,,,,,,,,,,,,,,,,,,,,,,,
STEVIA,Stevia,spice,,,,,19918,"Sweetener, herbal extract powder from Stevia leaf",0.0,0.0,0.0,100.0,0.0,0.0,0.0,1.0,custom (g),100.0,1.0,package,1.0,,,,,,,,,,,,,,,,,,,,,,,,,,,,,,,,,
STRAWBERRIES,Strawberries,fruit,,,,,9316,"Strawberries, raw",32.0,0.7,0.3,7.7,2.0,91.0,4.9,1.0,custom (g),100.0,1.0,"cup, halves",152.0,1.0,"cup, pureed",232.0,1.0,"cup, sliced",166.0,1.0,"cup, whole",144.0,1.0,"extra large (1-5/8"" dia)",27.0,1.0,"large (1-3/8"" dia)",18.0,1.0,"medium (1-1/4"" dia)",12.0,1.0,"pint as purchased, yields",357.0,1.0,"small (1"" dia)",7.0,1.0,NLEA serving,147.0,,,,,,
STURGEON,Sturgeon,protein,,,,,15105,"Fish, sturgeon, mixed species, cooked, dry heat",135.0,20.7,5.2,0.0,0.0,69.9,0.0,1.0,custom (g),100.0,3.0,oz,85.0,1.0,"cup, cooked",136.0,1.0,"piece (4-1/2"" x 2-1/8"" x 7/8"")",145.0,1.0,"oz, boneless",28.35,1.0,"cubic inch, boneless",17.0,,,,,,,,,,,,,,,,,,,,,
SUBMARINE,Sandwich Sub Tuna,prepared,,,,,21126,"Fast foods, submarine sandwich, tuna on white bread with lettuce and tomato",218.0,12.3,12.0,15.9,0.7,58.2,1.9,1.0,custom (g),100.0,6.0,inch sub,237.0,12.0,inch sub,474.0,,,,,,,,,,,,,,,,,,,,,,,,,,,,,,
SUCCOTASH,Succotash Cooked,vegetable,,,,,11496,"Succotash, (corn and limas), cooked, boiled, drained, without salt",115.0,5.1,0.8,24.4,4.5,68.4,0.0,1.0,custom (g),100.0,1.0,cup,192.0,,,,,,,,,,,,,,,,,,,,,,,,,,,,,,,,,
SUCKER,Sucker,protein,,,,,15217,"Fish, sucker, white, cooked, dry heat",119.0,21.5,3.0,0.0,0.0,74.0,0.0,1.0,custom (g),100.0,1.0,fillet,124.0,3.0,oz,85.0,,,,,,,,,,,,,,,,,,,,,,,,,,,,,,
SUCRALOSE,Sweetener Sucralose,spice,,,,,19868,"Sweeteners, tabletop, sucralose, SPLENDA packets",336.0,0.0,0.0,91.2,0.0,8.8,0.0,1.0,custom (g),100.0,1.0,serving 1 packet,1.0,,,,,,,,,,,,,,,,,,,,,,,,,,,,,,,,,
SUET,Suet,protein,,,,,13335,"Beef, variety meats and by-products, suet, raw",854.0,1.5,94.0,0.0,0.0,4.0,0.0,1.0,custom (g),100.0,1.0,oz,28.35,4.0,oz,113.0,,,,,,,,,,,,,,,,,,,,,,,,,,,,,,
SUGAR,Sugar,spice,,,,,19335,"Sugars, granulated",387.0,0.0,0.0,100.0,0.0,0.0,99.8,1.0,custom (g),100.0,1.0,serving packet,2.8,1.0,tsp,4.2,1.0,cup,200.0,1.0,serving 1 cube,2.3,,,,,,,,,,,,,,,,,,,,,,,,
SUGARBROWN,Brown Sugar,spice,,,,,19334,"Sugars, brown",380.0,0.1,0.0,98.1,0.0,1.3,97.0,1.0,custom (g),100.0,1.0,tsp unpacked,3.0,1.0,cup packed,220.0,1.0,cup unpacked,145.0,1.0,tsp packed,4.6,1.0,tsp brownulated,3.2,,,,,,,,,,,,,,,,,,,,,
SUGARMAPLE,Maple Sugar,spice,,,,,19340,"Sugars, maple",354.0,0.1,0.2,90.9,0.0,8.0,84.9,1.0,custom (g),100.0,1.0,tsp,3.0,1.0,oz,28.35,1.0,"piece (1-3/4"" x 1-1/4"" x 1/2"")",28.0,,,,,,,,,,,,,,,,,,,,,,,,,,,
SUGARPOWDERED,Powdered Sugar,spice,,,,,19336,"Sugars, powdered",389.0,0.0,0.0,99.77,0.0,0.23,97.81,1.0,custom (g),100.0,1.0,cup unsifted,120.0,1.0,tbsp,7.5,,,,,,,,,,,,,,,,,,,,,,,,,,,,,,
SUGARPOWDERED,Sugar Powdered,sweets,,,,,19336,"Sugars, powdered",389.0,0.0,0.0,99.77,0.0,0.23,97.81,1.0,custom (g),100.0,1.0,cup unsifted,120.0,1.0,tbsp,7.5,,,,,,,,,,,,,,,,,,,,,,,,,,,,,,
SUNDAE,Sundae,dairy,sweets,,,,21032,"Fast foods, sundae, caramel",196.0,4.7,6.0,31.8,0.0,56.5,0.0,1.0,custom (g),100.0,1.0,sundae,155.0,,,,,,,,,,,,,,,,,,,,,,,,,,,,,,,,,
SUNFISH,Sunfish,protein,,,,,15218,"Fish, sunfish, pumpkin seed, cooked, dry heat",114.0,24.9,0.9,0.0,0.0,73.7,0.0,1.0,custom (g),100.0,1.0,fillet,37.0,3.0,oz,85.0,,,,,,,,,,,,,,,,,,,,,,,,,,,,,,
SUNFLOWER,Sunflower,nuts,fats,,,,4060,"Oil, sunflower, linoleic (less than 60%)",884.0,0.0,100.0,0.0,0.0,0.0,0.0,1.0,custom (g),100.0,1.0,tbsp,13.6,1.0,cup,218.0,1.0,tsp,4.5,,,,,,,,,,,,,,,,,,,,,,,,,,,
SURIMI,Surimi,protein,,,,,15109,"Fish, surimi",99.0,15.2,0.9,6.8,0.0,76.3,0.0,1.0,custom (g),100.0,1.0,oz,28.35,3.0,oz,85.0,,,,,,,,,,,,,,,,,,,,,,,,,,,,,,
SWEETBREAD,Sweetbread,protein,,,,,23437,"Beef, New Zealand, imported, sweetbread, cooked, boiled",318.0,12.5,29.8,0.0,0.0,56.3,0.0,1.0,custom (g),100.0,3.0,oz,85.0,,,,,,,,,,,,,,,,,,,,,,,,,,,,,,,,,
SWEETENER,Sweetener Aspartame,spice,,,,,19337,"Sweeteners, tabletop, aspartame, EQUAL, packets",365.0,2.2,0.0,89.1,0.0,8.8,80.7,1.0,custom (g),100.0,1.0,tsp,3.5,1.0,serving 1 packet,1.0,,,,,,,,,,,,,,,,,,,,,,,,,,,,,,
SWEETPOTATO,Sweet Potato Cooked,vegetable,,,,,11508,"Sweet potato, cooked, baked in skin, flesh, without salt",90.0,2.0,0.1,20.7,3.3,75.8,6.5,1.0,custom (g),100.0,1.0,cup,200.0,1.0,large,180.0,1.0,"medium (2"" dia, 5"" long, raw)",114.0,1.0,small,60.0,,,,,,,,,,,,,,,,,,,,,,,,
SWEETSOURSAUCE,Sweet Sour Sauce,spice,,,,,6285,"Sauce, sweet and sour, prepared-from-recipe",79.0,1.8,0.6,16.7,0.4,78.6,10.8,1.0,custom (g),100.0,,,,,,,,,,,,,,,,,,,,,,,,,,,,,,,,,,,,
SWISSCHARD,Swiss Chard Raw,vegetable,,,,,11147,"Chard, swiss, raw",19.0,1.8,0.2,3.7,1.6,92.7,1.1,1.0,custom (g),100.0,1.0,cup,36.0,1.0,leaf,48.0,,,,,,,,,,,,,,,,,,,,,,,,,,,,,,
SWISSCHEESE,Swiss Cheese,dairy,,,,,1040,"Cheese, swiss",393.0,27.0,31.0,1.4,0.0,37.6,0.0,1.0,custom (g),100.0,1.0,"cup, diced",132.0,1.0,"cup, melted",244.0,1.0,"cup, shredded",108.0,1.0,oz,28.35,1.0,cubic inch,15.0,1.0,slice (1 oz),28.0,,,,,,,,,,,,,,,,,,
SWORDFISH,Swordfish,protein,,,,,15111,"Fish, swordfish, cooked, dry heat",172.0,23.4,7.9,0.0,0.0,68.3,0.0,1.0,custom (g),100.0,3.0,oz,85.0,1.0,piece,106.0,,,,,,,,,,,,,,,,,,,,,,,,,,,,,,
SYRUPAGAVE,Sweetener Agave Syrup,spice,,,,,19912,"Sweetener, syrup, agave",310.0,0.1,0.5,76.4,0.2,22.9,68.0,1.0,custom (g),100.0,1.0,tsp,6.9,0.25,cup,55.0,,,,,,,,,,,,,,,,,,,,,,,,,,,,,,
SYRUPCANE,Cane Syrup,spice,,,,,90480,"Syrup, Cane",269.0,0.0,0.0,73.1,0.0,26.0,73.2,1.0,custom (g),100.0,1.0,serving,21.0,,,,,,,,,,,,,,,,,,,,,,,,,,,,,,,,,
SYRUPCHOC,Chocolate Syrup,spice,,,,,14182,"Beverages, Chocolate syrup, prepared with whole milk",90.0,3.1,3.0,12.8,0.3,80.5,11.3,1.0,custom (g),100.0,1.0,cup (8 fl oz),282.0,,,,,,,,,,,,,,,,,,,,,,,,,,,,,,,,,
SYRUPCORNDARK,Dark Corn Syrup,spice,,,,,19349,"Syrups, corn, dark",286.0,0.0,0.0,77.6,0.0,22.0,77.6,1.0,custom (g),100.0,1.0,cup,328.0,1.0,tbsp,20.0,,,,,,,,,,,,,,,,,,,,,,,,,,,,,,
SYRUPCORNLIGHT,Light Corn Syrup,spice,,,,,19350,"Syrups, corn, light",283.0,0.0,0.2,76.8,0.0,22.8,76.8,1.0,custom (g),100.0,1.0,cup,341.0,1.0,tbsp,22.0,,,,,,,,,,,,,,,,,,,,,,,,,,,,,,
SYRUPHIGHFRUCTOSE,High Fructose Corn Syrup,spice,,,,,19351,"Syrups, corn, high-fructose",281.0,0.0,0.0,76.0,0.0,24.0,75.7,1.0,custom (g),100.0,1.0,cup,310.0,1.0,tbsp,19.0,,,,,,,,,,,,,,,,,,,,,,,,,,,,,,
SYRUPPANCAKE,Pancake Syrup,spice,,,,,19129,"Syrups, table blends, pancake",234.0,0.0,0.0,61.5,0.0,38.0,21.5,1.0,custom (g),100.0,1.0,cup,314.0,1.0,tbsp,20.0,,,,,,,,,,,,,,,,,,,,,,,,,,,,,,
SYRUPSORGHUM,Sorghum Syrup,spice,,,,,19355,"Syrups, sorghum",290.0,0.0,0.0,74.9,0.0,22.7,74.9,1.0,custom (g),100.0,1.0,cup,330.0,1.0,tbsp,21.0,,,,,,,,,,,,,,,,,,,,,,,,,,,,,,
TABASCO,Tabasco,spice,,,,,6169,"Sauce, ready-to-serve, pepper, TABASCO",12.0,1.3,0.8,0.8,0.6,95.2,0.1,1.0,custom (g),100.0,1.0,tsp,4.7,0.25,tsp,1.2,,,,,,,,,,,,,,,,,,,,,,,,,,,,,,
TACOBEEF,Taco Beef Lettuce Cheese,prepared,,,,1,21486,"Fast foods, taco with beef, cheese and lettuce, soft",206.0,9.2,9.8,20.2,2.9,58.8,1.6,1.0,custom (g),100.0,1.0,each taco,102.0,,,,,,,,,,,,,,,,,,,,,,,,,,,,,,,,,
TACOCHICKEN,Taco Chicken Lettuce Cheese,prepared,,,,1,21487,"Fast foods, taco with chicken, lettuce and cheese, soft",189.0,13.3,6.3,19.7,1.2,58.4,1.3,1.0,custom (g),100.0,1.0,each taco,98.0,,,,,,,,,,,,,,,,,,,,,,,,,,,,,,,,,
TACOGREENSAUCE,Taco Green Sauce,spice,,,,,6600,"PACE, Green Taco Sauce",25.0,0.0,0.0,6.2,0.0,90.7,0.0,1.0,custom (g),100.0,1.0,serving,16.0,2.0,tbsp,16.0,,,,,,,,,,,,,,,,,,,,,,,,,,,,,,
TACOREDSAUCE,Taco Red Sauce,spice,,,,,6604,"PACE, Red Taco Sauce",50.0,0.0,0.0,12.5,0.0,85.3,0.0,1.0,custom (g),100.0,1.0,tbsp,16.0,1.0,serving,16.0,,,,,,,,,,,,,,,,,,,,,,,,,,,,,,
TACOSALAD,Taco Salad,prepared,,,,1,21083,"Fast foods, taco salad",141.0,6.7,7.5,11.9,0.0,72.3,0.0,1.0,custom (g),100.0,1.5,cup,198.0,,,,,,,,,,,,,,,,,,,,,,,,,,,,,,,,,
TACOSHELL,Taco Shells,prepared,,,,,18360,"Taco shells, baked",476.0,6.4,21.8,63.5,6.7,6.4,1.5,1.0,custom (g),100.0,1.0,shell,12.9,1.0,taco,12.7,1.0,"medium (approx 5"" dia)",13.3,1.0,"large (6-1/2"" dia)",21.0,1.0,"miniature (3"" dia)",5.0,1.0,oz,28.35,,,,,,,,,,,,,,,,,,
TAHINI,Tahini,spice,,,,,12166,"Seeds, sesame butter, tahini, from roasted and toasted kernels (most common type)",595.0,17.0,53.8,21.2,9.3,3.0,0.5,1.0,custom (g),100.0,1.0,tbsp,15.0,1.0,oz,28.35,,,,,,,,,,,,,,,,,,,,,,,,,,,,,,
TALLOW,Tallow,fats,,,,,4001,"Fat, beef tallow",902.0,0.0,100.0,0.0,0.0,0.0,0.0,1.0,custom (g),100.0,1.0,tbsp,12.8,1.0,cup,205.0,,,,,,,,,,,,,,,,,,,,,,,,,,,,,,
TAMALESCHEESE,Tamales Cheese,prepared,,,,1,36056,"Restaurant, Mexican, cheese tamales",216.0,9.0,12.0,18.0,2.2,59.1,1.2,1.0,custom (g),100.0,1.0,serving serving size varied from 1 to 3 tamales,302.0,1.0,tamale,179.0,2.0,tamale,351.0,3.0,tamale,550.0,,,,,,,,,,,,,,,,,,,,,,,,
TAMALESCORN,Tamales Corn,prepared,,,,,36411,"Restaurant, Latino, tamale, corn",186.0,3.5,7.2,26.7,3.2,61.3,7.4,1.0,custom (g),100.0,1.0,piece,166.0,,,,,,,,,,,,,,,,,,,,,,,,,,,,,,,,,
TAMALESPORK,Tamales Pork,prepared,,,,1,35237,"Tamales, masa and pork filling (Hopi)",168.0,13.2,4.7,18.3,3.3,62.4,1.6,1.0,custom (g),100.0,4.0,oz,113.0,,,,,,,,,,,,,,,,,,,,,,,,,,,,,,,,,
TAMARIND,Tamarind,fruit,,,,,9322,"Tamarinds, raw",239.0,2.8,0.6,62.5,5.1,31.4,38.8,1.0,custom (g),100.0,1.0,"cup, pulp",120.0,1.0,"fruit (3"" x 1"")",2.0,,,,,,,,,,,,,,,,,,,,,,,,,,,,,,
TANGERINE,Tangerine,fruit,,,,,9218,"Tangerines, (mandarin oranges), raw",53.0,0.8,0.3,13.3,1.8,85.2,10.6,1.0,custom (g),100.0,1.0,"cup, sections",195.0,1.0,"small (2-1/4"" dia)",76.0,1.0,"medium (2-1/2"" dia)",88.0,1.0,"large (2-3/4"" dia)",120.0,1.0,NLEA serving,109.0,,,,,,,,,,,,,,,,,,,,,
TANGERINEJUICE,Tangerine Juice,beverage,,,,,9221,"Tangerine juice, raw",43.0,0.5,0.2,10.1,0.2,88.9,9.9,1.0,custom (g),100.0,1.0,cup,247.0,1.0,fl oz,30.9,,,,,,,,,,,,,,,,,,,,,,,,,,,,,,
TAPIOCA,Tapioca Pearl Dry,vegetable,,,,,20068,"Tapioca, pearl, dry",358.0,0.2,0.0,88.7,0.9,11.0,3.4,1.0,custom (g),100.0,1.0,cup,152.0,,,,,,,,,,,,,,,,,,,,,,,,,,,,,,,,,
TARO,Taro Cooked,vegetable,,,,,11519,"Taro, cooked, without salt",142.0,0.5,0.1,34.6,5.1,63.8,0.5,1.0,custom (g),100.0,1.0,"cup, sliced",132.0,,,,,,,,,,,,,,,,,,,,,,,,,,,,,,,,,
TARRAGON,Tarragon,spice,,,,,2041,"Spices, tarragon, dried",295.0,22.8,7.2,50.2,7.4,7.7,0.0,1.0,custom (g),100.0,1.0,"tsp, leaves",0.6,1.0,"tbsp, leaves",1.8,1.0,"tsp, ground",1.6,1.0,"tbsp, ground",4.8,,,,,,,,,,,,,,,,,,,,,,,,
TART,Tart,prepared,,,,,18459,"Breakfast tart, low fat",372.0,4.0,6.0,76.8,1.5,12.0,4.9,1.0,custom (g),100.0,1.0,tart,52.0,,,,,,,,,,,,,,,,,,,,,,,,,,,,,,,,,
TARTARSAUCE,Tartar Sauce,spice,,,,,27049,"Sauce, tartar, ready-to-serve",211.0,1.0,16.7,13.3,0.5,67.0,4.2,1.0,custom (g),100.0,2.0,tablespoons,30.0,,,,,,,,,,,,,,,,,,,,,,,,,,,,,,,,,
TBONE,Tbone,protein,,,,,13236,"Beef, short loin, t-bone steak, bone-in, separable lean only, trimmed to 1/8"" fat, choice, cooked, grilled",217.0,27.5,11.1,0.0,0.0,60.6,0.0,1.0,custom (g),100.0,3.0,oz,85.0,1.0,steak,360.0,,,,,,,,,,,,,,,,,,,,,,,,,,,,,,
TEA,Tea,beverage,,,,,14355,"Beverages, tea, black, brewed, prepared with tap water",1.0,0.0,0.0,0.3,0.0,99.7,0.0,1.0,custom (g),100.0,1.0,fl oz,29.6,6.0,fl oz,178.0,1.0,cup (8 fl oz),237.0,,,,,,,,,,,,,,,,,,,,,,,,,,,
TEACHAM,Chamomile Tea,beverage,,,,,14545,"Beverages, tea, herb, brewed, chamomile",1.0,0.0,0.0,0.2,0.0,99.7,0.0,1.0,custom (g),100.0,1.0,fl oz,29.6,6.0,fl oz,178.0,1.0,cup (8 fl oz),237.0,,,,,,,,,,,,,,,,,,,,,,,,,,,
TEAGREEN,Green Tea,beverage,,,,,14278,"Beverages, tea, green, brewed, regular",1.0,0.2,0.0,0.0,0.0,99.9,0.0,1.0,custom (g),100.0,1.0,cup,245.0,1.0,fl oz,29.6,,,,,,,,,,,,,,,,,,,,,,,,,,,,,,
TEAHIBISCUS,Hibiscus Tea,beverage,,,,,14649,"Beverages, tea, hibiscus, brewed",0.0,0.0,0.0,0.0,0.0,99.6,0.0,1.0,custom (g),100.0,8.0,fl oz,237.0,,,,,,,,,,,,,,,,,,,,,,,,,,,,,,,,,
TEAINSTANT,Instant Tea,beverage,,,,,14367,"Beverages, tea, instant, unsweetened, prepared with water",1.0,0.1,0.0,0.2,0.0,99.6,0.0,1.0,custom (g),100.0,1.0,fl oz,29.7,1.0,serving 6 fl oz,178.0,1.0,serving 8 fl oz,238.0,,,,,,,,,,,,,,,,,,,,,,,,,,,
TEAINSTANTDECAF,Instant Decaf Tea,beverage,,,,,14353,"Beverages, tea, instant, decaffeinated, unsweetened",315.0,20.2,0.0,58.7,8.5,5.1,5.5,1.0,custom (g),100.0,1.0,serving 2 tsp,0.7,,,,,,,,,,,,,,,,,,,,,,,,,,,,,,,,,
TEASEED,Teaseed,fats,,,,,4516,"Oil, teaseed",884.0,0.0,100.0,0.0,0.0,0.0,0.0,1.0,custom (g),100.0,1.0,tablespoon,13.6,1.0,cup,218.0,1.0,tsp,4.5,,,,,,,,,,,,,,,,,,,,,,,,,,,
TEFF,Teff,grain,,,,,20143,"Teff, cooked",101.0,3.9,0.7,19.9,2.8,74.9,0.0,1.0,custom (g),100.0,1.0,cup,252.0,,,,,,,,,,,,,,,,,,,,,,,,,,,,,,,,,
TEMPEH,Tempeh,protein,legume,,Fermented soybeans,,16174,"Tempeh, cooked",195.0,19.9,11.4,7.6,0.0,59.6,0.0,1.0,custom (g),100.0,,,,,,,,,,,,,,,,,,,,,,,,,,,,,,,,,,,,
TEQUILA,Tequila,beverage,,,,,14037,"Alcoholic beverage, distilled, all (gin, rum, vodka, whiskey) 80 proof",231.0,0.0,0.0,0.0,0.0,66.6,0.0,1.0,custom (g),100.0,1.0,fl oz,27.8,1.0,jigger (1.5 fl oz),42.0,,,,,,,,,,,,,,,,,,,,,,,,,,,,,,
TERIYAKI,Teriyaki Sauce,spice,,,,,6112,"Sauce, teriyaki, ready-to-serve",89.0,5.9,0.0,15.6,0.1,67.7,14.1,1.0,custom (g),100.0,1.0,tbsp,18.0,1.0,fl oz,36.0,1.0,cup,288.0,,,,,,,,,,,,,,,,,,,,,,,,,,,
THYME,Thyme,spice,,,,,2049,"Thyme, fresh",101.0,5.6,1.7,24.4,14.0,65.1,0.0,1.0,custom (g),100.0,1.0,tsp,0.8,0.5,tsp,0.4,,,,,,,,,,,,,,,,,,,,,,,,,,,,,,
TILAPIA,Tilapia,protein,,,,,15262,"Fish, tilapia, cooked, dry heat",128.0,26.1,2.6,0.0,0.0,71.6,0.0,1.0,custom (g),100.0,1.0,fillet,87.0,,,,,,,,,,,,,,,,,,,,,,,,,,,,,,,,,
TILEFISH,Tilefish,protein,,,,,15113,"Fish, tilefish, cooked, dry heat",147.0,24.5,4.7,0.0,0.0,70.2,0.0,1.0,custom (g),100.0,0.5,fillet,150.0,3.0,oz,85.0,,,,,,,,,,,,,,,,,,,,,,,,,,,,,,
TILSIT,Tilsit,dairy,,,,,1041,"Cheese, tilsit",340.0,24.4,26.0,1.9,0.0,42.9,0.0,1.0,custom (g),100.0,1.0,oz,28.35,1.0,package (6 oz),170.0,,,,,,,,,,,,,,,,,,,,,,,,,,,,,,
TIPNUK,Salmon Tipnuk,protein,,,,,35064,"Fish, salmon, tipnuk, fermented (Alaska Native)",159.0,15.9,10.6,0.0,0.0,68.8,0.0,1.0,custom (g),100.0,,,,,,,,,,,,,,,,,,,,,,,,,,,,,,,,,,,,
TOAST,Toast,grain,prepared,,,,18030,"Bread, french or vienna, toasted (includes sourdough)",319.0,13.0,2.1,61.9,3.1,20.6,3.6,1.0,custom (g),100.0,1.0,oz,28.35,1.0,"slice, small",29.0,1.0,"slice, medium",59.0,1.0,"slice, large",88.0,,,,,,,,,,,,,,,,,,,,,,,,
TOASTMULTI,Multigrain Toast,grain,prepared,,,,18036,"Bread, multi-grain, toasted (includes whole-grain)",288.0,14.5,4.6,47.1,8.1,31.5,6.9,1.0,custom (g),100.0,1.0,oz,28.35,1.0,slice regular,24.0,1.0,slice large,38.0,,,,,,,,,,,,,,,,,,,,,,,,,,,
TOASTRAISIN,Raisin Toast,grain,prepared,,,,18048,"Bread, raisin, enriched, toasted",297.0,8.6,4.8,56.9,4.7,27.8,6.2,1.0,custom (g),100.0,1.0,oz,28.35,1.0,"slice, large",29.0,1.0,slice,24.0,1.0,"slice, thin",21.0,,,,,,,,,,,,,,,,,,,,,,,,
TOASTWHITE,White Toast,grain,prepared,,,,18070,"Bread, white, commercially prepared, toasted",290.0,9.0,4.0,54.5,2.9,30.4,6.2,1.0,custom (g),100.0,1.0,oz,28.35,1.0,"cup, crumbs",45.0,1.0,"cup, cubes",42.0,1.0,"slice, large",27.0,1.0,slice crust not eaten,11.0,1.0,"slice, thin",17.0,1.0,"slice thin, crust not eaten",8.0,1.0,"slice, very thin",13.0,1.0,slice,22.0,,,,,,,,,
TOASTWHOLE,Whole Wheat Toast,grain,prepared,,,,18076,"Bread, whole-wheat, commercially prepared, toasted",306.0,16.3,4.1,51.2,7.5,24.2,5.8,1.0,custom (g),100.0,1.0,oz,28.35,1.0,slice,25.0,,,,,,,,,,,,,,,,,,,,,,,,,,,,,,
TOFU,Tofu,protein,legume,,Made from soybeans,,16126,"Tofu, firm, prepared with calcium sulfate and magnesium chloride (nigari)",78.0,9.0,4.2,2.9,0.9,82.9,0.6,1.0,custom (g),100.0,0.5,cup,126.0,0.25,block,81.0,0.2,block,91.0,,,,,,,,,,,,,,,,,,,,,,,,,,,
TOMATILLO,Tomatillos Raw,vegetable,,,,,11954,"Tomatillos, raw",32.0,1.0,1.0,5.8,1.9,91.6,3.9,1.0,custom (g),100.0,1.0,medium,34.0,0.5,"cup, chopped or diced",66.0,,,,,,,,,,,,,,,,,,,,,,,,,,,,,,
TOMATO,Tomatoes Raw,vegetable,fruit,,Botanically a fruit,,11529,"Tomatoes, red, ripe, raw, year round average",18.0,0.9,0.2,3.9,1.2,94.5,2.6,1.0,custom (g),100.0,1.0,cup cherry tomatoes,149.0,1.0,"cup, chopped or sliced",180.0,1.0,Italian tomato,62.0,1.0,cherry,17.0,1.0,"large whole (3"" dia)",182.0,1.0,"medium whole (2-3/5"" dia)",123.0,1.0,"slice, medium (1/4"" thick)",20.0,1.0,plum tomato,62.0,1.0,"small whole (2-2/5"" dia)",91.0,1.0,"slice, thick/large (1/2"" thick)",27.0,1.0,wedge (1/4 of medium tomato),31.0,1.0,"slice, thin/small",15.0
TOMATOSAUCE,Tomato Sauce,spice,,,,,43217,"Tomato sauce, canned, no salt added",24.0,1.2,0.3,5.3,1.5,91.3,3.6,1.0,custom (g),100.0,1.0,cup,245.0,,,,,,,,,,,,,,,,,,,,,,,,,,,,,,,,,
TOMATOSEEDOIL,Tomato Seed Oil,fats,,,,,4515,"Oil, tomatoseed",884.0,0.0,100.0,0.0,0.0,0.0,0.0,1.0,custom (g),100.0,1.0,tablespoon,13.6,1.0,cup,218.0,1.0,tsp,4.5,,,,,,,,,,,,,,,,,,,,,,,,,,,
TOMATOSUNDRIED,Sun-dried Tomato,spice,,,,,11956,"Tomatoes, sun-dried, packed in oil, drained",213.0,5.1,14.1,23.3,5.8,53.8,0.0,1.0,custom (g),100.0,1.0,cup,110.0,1.0,piece,3.0,,,,,,,,,,,,,,,,,,,,,,,,,,,,,,
TORTILLACHIP,Tortilla Chips Baked,prepared,,,,,19433,"Tortilla chips, low fat, baked without fat",415.0,11.0,5.7,80.0,5.3,1.7,0.7,1.0,custom (g),100.0,1.0,oz,28.35,,,,,,,,,,,,,,,,,,,,,,,,,,,,,,,,,
TORTILLACHIPNACHO,Tortilla Chips Nacho,grain,,,,,19057,"Snacks, tortilla chips, nacho cheese",519.0,7.4,27.4,60.8,5.1,1.7,2.6,1.0,custom (g),100.0,1.0,oz,28.35,,,,,,,,,,,,,,,,,,,,,,,,,,,,,,,,,
TORTILLACHIPWHITE,Tortilla Chips White Corn,grain,,,,,19056,"Snacks, tortilla chips, plain, white corn, salted",472.0,7.1,20.7,67.8,5.4,2.6,0.8,1.0,custom (g),100.0,1.0,oz,28.35,1.0,bag,213.0,,,,,,,,,,,,,,,,,,,,,,,,,,,,,,
TORTILLACHIPYELLOW,Tortilla Chips Yellow Corn,grain,,,,,25028,"Tortilla chips, yellow, plain, salted",497.0,6.6,22.3,67.4,4.7,1.9,1.2,1.0,custom (g),100.0,1.0,oz,28.35,,,,,,,,,,,,,,,,,,,,,,,,,,,,,,,,,
TORTILLACORN,Corn Tortillas,grain,prepared,,,,18363,"Tortillas, ready-to-bake or -fry, corn",218.0,5.7,2.9,44.6,6.3,45.9,0.9,1.0,custom (g),100.0,1.0,oz,28.35,1.0,enchilada,19.0,1.0,tortilla,24.0,,,,,,,,,,,,,,,,,,,,,,,,,,,
TORTILLAFLOUR,Flour Tortillas,grain,prepared,,,,18364,"Tortillas, ready-to-bake or -fry, flour, refrigerated",306.0,8.2,8.0,49.4,3.5,32.0,3.7,1.0,custom (g),100.0,1.0,tortilla,48.0,1.0,oz,28.35,1.0,"tortilla medium (approx 6"" dia)",30.0,1.0,package,407.0,1.0,"tortilla (approx 10"" dia)",72.0,1.0,"tortilla (approx 12"" dia)",117.0,1.0,"tortilla (approx 7-8"" dia)",49.0,,,,,,,,,,,,,,,
TRAILMIX,Trail Mix,prepared,,,,,19059,"Snacks, trail mix, regular",462.0,13.8,29.4,44.9,0.0,9.2,0.0,1.0,custom (g),100.0,1.0,cup,150.0,1.0,oz,28.35,1.5,oz,42.0,,,,,,,,,,,,,,,,,,,,,,,,,,,
TRICALE,Tricale,grain,,,,,20070,"Triticale flour, whole-grain",338.0,13.2,1.8,73.1,14.6,10.0,0.0,1.0,custom (g),100.0,1.0,cup,130.0,,,,,,,,,,,,,,,,,,,,,,,,,,,,,,,,,
TRICALEFLOUR,Tricale Flour,grain,,,,,20070,"Triticale flour, whole-grain",338.0,13.2,1.8,73.1,14.6,10.0,0.0,1.0,custom (g),100.0,1.0,cup,130.0,,,,,,,,,,,,,,,,,,,,,,,,,,,,,,,,,
TRIPE,Tripe,prepared,,,,1,36414,"Restaurant, Latino, tripe soup",74.0,8.6,2.6,4.1,0.0,83.4,0.0,1.0,custom (g),100.0,1.0,cup,200.0,,,,,,,,,,,,,,,,,,,,,,,,,,,,,,,,,
TROUT,Trout,protein,,,,,15116,"Fish, trout, rainbow, wild, cooked, dry heat",150.0,22.9,5.8,0.0,0.0,70.5,0.0,1.0,custom (g),100.0,1.0,fillet,143.0,3.0,oz,85.0,,,,,,,,,,,,,,,,,,,,,,,,,,,,,,
TRUFFLES,Truffles,prepared,,,,,19138,"Candies, truffles, prepared-from-recipe",510.0,6.2,33.8,44.9,2.5,13.5,38.3,1.0,custom (g),100.0,1.0,piece,12.0,1.0,"recipe yield, recipe makes 49     1 "" x 1""     pie",612.0,,,,,,,,,,,,,,,,,,,,,,,,,,,,,,
TUNABLUEFIN,Tuna Bluefin,protein,,,,,15118,"Fish, tuna, fresh, bluefin, cooked, dry heat",184.0,29.9,6.3,0.0,0.0,59.1,0.0,1.0,custom (g),100.0,3.0,oz,85.0,,,,,,,,,,,,,,,,,,,,,,,,,,,,,,,,,
TUNALIGHT,Tuna Light,protein,,,,,15121,"Fish, tuna, light, canned in water, drained solids",86.0,19.4,1.0,0.0,0.0,78.1,0.0,1.0,custom (g),100.0,1.0,oz,28.35,3.0,oz,85.0,1.0,can,165.0,1.0,"cup, solid or chunks",154.0,1.0,"can (12.5 oz), drained",315.0,,,,,,,,,,,,,,,,,,,,,
TUNASALAD,Tuna Salad,protein,,,,1,15128,"Fish, tuna salad",187.0,16.0,9.3,9.4,0.0,63.2,0.0,1.0,custom (g),100.0,3.0,oz,85.0,1.0,cup,205.0,,,,,,,,,,,,,,,,,,,,,,,,,,,,,,
TUNASKIPJACK,Tuna Skipjack,protein,,,,,15220,"Fish, tuna, skipjack, fresh, cooked, dry heat",132.0,28.2,1.3,0.0,0.0,62.3,0.0,1.0,custom (g),100.0,3.0,oz,85.0,0.5,fillet,154.0,,,,,,,,,,,,,,,,,,,,,,,,,,,,,,
TUNAWHITE,Tuna White,protein,,,,,15186,"Fish, tuna, white, canned in water, without salt, drained solids",128.0,23.6,3.0,0.0,0.0,74.0,0.0,1.0,custom (g),100.0,3.0,oz,85.0,1.0,can,172.0,,,,,,,,,,,,,,,,,,,,,,,,,,,,,,
TUNAYELLOWFIN,Tuna Yellowfin,protein,,,,,15221,"Fish, tuna, yellowfin, fresh, cooked, dry heat",130.0,29.1,0.6,0.0,0.0,69.0,0.0,1.0,custom (g),100.0,3.0,oz,85.0,,,,,,,,,,,,,,,,,,,,,,,,,,,,,,,,,
TURBOT,Turbot,protein,,,,,15222,"Fish, turbot, european, cooked, dry heat",122.0,20.6,3.8,0.0,0.0,70.5,0.0,1.0,custom (g),100.0,3.0,oz,85.0,0.5,fillet,159.0,,,,,,,,,,,,,,,,,,,,,,,,,,,,,,
TURKEY,Turkey Meat Only,protein,,,,,5168,"Turkey, whole, meat only, cooked, roasted",159.0,29.1,3.8,0.0,0.0,66.7,0.0,1.0,custom (g),100.0,3.0,oz,85.0,1.0,bird,3812.0,,,,,,,,,,,,,,,,,,,,,,,,,,,,,,
TURKEYBACON,Turkey Bacon,protein,prepared,,,,7974,"Bacon, turkey, low sodium",253.0,13.3,20.0,4.8,0.0,58.9,0.0,1.0,custom (g),100.0,1.0,serving,15.0,,,,,,,,,,,,,,,,,,,,,,,,,,,,,,,,,
TURKEYBREAST,Turkey Breast,protein,,,,,7081,"Turkey breast, sliced, prepackaged",106.0,14.8,3.8,2.2,0.0,76.0,0.9,1.0,custom (g),100.0,1.0,slice,16.0,,,,,,,,,,,,,,,,,,,,,,,,,,,,,,,,,
TURKEYDRUMSTICK,Turkey Drumstick,protein,,,,,5739,"Turkey, drumstick, from whole bird, meat only, roasted",139.0,30.1,2.1,0.0,0.0,67.9,0.0,1.0,custom (g),100.0,3.0,oz,85.0,1.0,drumstick,206.0,,,,,,,,,,,,,,,,,,,,,,,,,,,,,,
TURKEYLEG,Turkey Leg,protein,,,,,5192,"Turkey, all classes, breast, meat and skin, cooked, roasted",189.0,28.7,7.4,0.0,0.0,63.2,0.0,1.0,custom (g),100.0,1.0,unit (yield from 1 lb ready-to-cook turkey),112.0,0.5,"breast, bone removed",864.0,,,,,,,,,,,,,,,,,,,,,,,,,,,,,,
TURKEYPOTPIE,Turkey Pot Pie,protein,prepared,,,1,22528,"Turkey Pot Pie, frozen entree",176.0,6.5,8.8,17.7,1.1,65.7,0.0,1.0,custom (g),100.0,1.0,package yields,397.0,1.0,serving,397.0,,,,,,,,,,,,,,,,,,,,,,,,,,,,,,
TURKEYSANDWICH,Sandwich Turkey,prepared,,,,,21207,"SUBWAY, turkey breast sub on white bread with lettuce and tomato",147.0,9.1,2.3,22.4,1.3,64.3,0.0,1.0,custom (g),100.0,6.0,inch sub,184.0,12.0,inch sub,367.0,,,,,,,,,,,,,,,,,,,,,,,,,,,,,,
TURKEYSLICED,Turkey Sliced,protein,,,,,7081,"Turkey breast, sliced, prepackaged",106.0,14.8,3.8,2.2,0.0,76.0,0.9,1.0,custom (g),100.0,1.0,slice,16.0,,,,,,,,,,,,,,,,,,,,,,,,,,,,,,,,,
TURKEYWING,Turkey Wing,protein,,,,,5196,"Turkey, all classes, wing, meat and skin, cooked, roasted",229.0,27.4,12.4,0.0,0.0,59.5,0.0,1.0,custom (g),100.0,1.0,unit (yield from 1 lb ready-to-cook turkey),24.0,1.0,"wing, bone removed",186.0,,,,,,,,,,,,,,,,,,,,,,,,,,,,,,
TURMERIC,Turmeric,spice,,,,,2043,"Spices, turmeric, ground",312.0,9.7,3.2,67.1,22.7,12.8,3.2,1.0,custom (g),100.0,1.0,tsp,3.0,1.0,tbsp,9.4,,,,,,,,,,,,,,,,,,,,,,,,,,,,,,
TURNIP,Turnip Cooked,vegetable,,,,,11565,"Turnips, cooked, boiled, drained, without salt",22.0,0.7,0.1,5.1,2.0,93.6,3.0,1.0,custom (g),100.0,1.0,"cup, cubes",156.0,1.0,"cup, mashed",230.0,,,,,,,,,,,,,,,,,,,,,,,,,,,,,,
TURNIPGREEN,Turnip Greens Cooked,vegetable,,,,,11569,"Turnip greens, cooked, boiled, drained, without salt",20.0,1.1,0.2,4.4,3.5,93.2,0.5,1.0,custom (g),100.0,1.0,"cup, chopped",144.0,,,,,,,,,,,,,,,,,,,,,,,,,,,,,,,,,
TURNOVER,Turnover,prepared,,,,,32015,"Turnover, cheese-filled, tomato-based sauce, frozen, unprepared",235.0,10.2,9.4,27.3,1.6,50.4,7.9,1.0,custom (g),100.0,1.0,serving 4.5 oz,127.0,,,,,,,,,,,,,,,,,,,,,,,,,,,,,,,,,
TURTLEBEANS,Black Turtle Beans,legume,,,,,16017,"Beans, black turtle, mature seeds, cooked, boiled, without salt",130.0,8.2,0.3,24.4,8.3,65.7,0.3,1.0,custom (g),100.0,1.0,cup,185.0,,,,,,,,,,,,,,,,,,,,,,,,,,,,,,,,,
UCUHUBAOIL,Ucuuba Oil,fats,,,,,4573,"Oil, ucuhuba butter",884.0,0.0,100.0,0.0,0.0,0.0,0.0,1.0,custom (g),100.0,1.0,tbsp,13.6,1.0,cup,218.0,1.0,tsp,4.5,,,,,,,,,,,,,,,,,,,,,,,,,,,
VANILLA,Vanilla Extract,spice,fruit,,From orchid seed pods,1,2050,Vanilla extract,288.0,0.1,0.1,12.7,0.0,52.6,12.7,1.0,custom (g),100.0,1.0,tsp,4.2,1.0,tbsp,13.0,1.0,cup,208.0,,,,,,,,,,,,,,,,,,,,,,,,,,,
VEAL,Veal,protein,,,,,17093,"Veal, composite of trimmed retail cuts, separable fat, cooked",642.0,9.4,66.7,0.0,0.0,21.6,0.0,1.0,custom (g),100.0,3.0,oz,85.0,1.0,"unit, cooked (yield from 1 lb raw meat)",290.0,,,,,,,,,,,,,,,,,,,,,,,,,,,,,,
VEALBREAST,Veal Breast,protein,,,,,17272,"Veal, breast, whole, boneless, separable lean and fat, cooked, braised",266.0,27.0,16.8,0.0,0.0,56.0,0.0,1.0,custom (g),100.0,3.0,oz,85.0,1.0,"piece, cooked, excluding refuse (yield from 1 lb r",283.0,,,,,,,,,,,,,,,,,,,,,,,,,,,,,,
VEALLOIN,Veal Loin,protein,,,,,17437,"Veal, loin, chop, separable lean and fat, cooked, grilled",198.0,28.0,9.5,0.2,0.0,61.4,0.0,1.0,custom (g),100.0,3.0,oz,85.0,1.0,chop,153.0,,,,,,,,,,,,,,,,,,,,,,,,,,,,,,
VEALRIB,Veal Rib,protein,,,,,17111,"Veal, rib, separable lean and fat, cooked, braised",251.0,32.4,12.5,0.0,0.0,53.3,0.0,1.0,custom (g),100.0,3.0,oz,85.0,1.0,"piece, cooked, excluding refuse (yield from 1 lb r",177.0,,,,,,,,,,,,,,,,,,,,,,,,,,,,,,
VEALSHANK,Veal Shank,protein,,,,,17277,"Veal, shank (fore and hind), separable lean and fat, cooked, braised",191.0,31.5,6.2,0.0,0.0,61.7,0.0,1.0,custom (g),100.0,3.0,oz,85.0,1.0,"piece, cooked, excluding refuse (yield from 1 lb r",194.0,,,,,,,,,,,,,,,,,,,,,,,,,,,,,,
VEALSIRLOIN,Veal Sirloin,protein,,,,,17135,"Veal, sirloin, separable lean and fat, cooked, braised",252.0,31.3,13.1,0.0,0.0,54.5,0.0,1.0,custom (g),100.0,3.0,oz,85.0,1.0,"piece, cooked, excluding refuse (yield from 1 lb r",205.0,,,,,,,,,,,,,,,,,,,,,,,,,,,,,,
VEGETABLEJUICE,Vegetable Juice,beverage,,,,,11578,"Vegetable juice cocktail, canned",22.0,0.9,0.3,3.9,0.5,94.1,2.8,1.0,custom (g),100.0,1.0,cup,253.0,6.0,fl oz,182.0,,,,,,,,,,,,,,,,,,,,,,,,,,,,,,
VEGETABLEMIXED,Vegetables Mixed Cooked,vegetable,,,,,11584,"Vegetables, mixed, frozen, cooked, boiled, drained, without salt",65.0,2.9,0.1,13.1,4.4,83.2,3.1,1.0,custom (g),100.0,0.5,cup,91.0,1.0,package (10 oz) yields,275.0,,,,,,,,,,,,,,,,,,,,,,,,,,,,,,
VEGETABLEOIL,Vegetable Oil,fats,,,,,4513,"Vegetable oil, palm kernel",862.0,0.0,100.0,0.0,0.0,0.0,0.0,1.0,custom (g),100.0,1.0,tablespoon,13.6,1.0,cup,218.0,2.0,tbsp (1/8 cup),27.0,,,,,,,,,,,,,,,,,,,,,,,,,,,
VENISON,Venison,protein,,,,,17164,"Game meat, deer, raw",120.0,23.0,2.4,0.0,0.0,73.6,0.0,1.0,custom (g),100.0,1.0,oz,28.35,1.0,lb,453.6,,,,,,,,,,,,,,,,,,,,,,,,,,,,,,
VERMICELLIDRY,Vermicelli Dry,grain,,,,,43114,"Vermicelli, made from soy",331.0,0.1,0.1,82.3,3.9,11.9,17.4,1.0,custom (g),100.0,1.0,cup,140.0,,,,,,,,,,,,,,,,,,,,,,,,,,,,,,,,,
VERMICELLIPILAF,Rice and Vermicelli Pilaf,grain,,,,,32003,"Rice and vermicelli mix, rice pilaf flavor, prepared with 80% margarine",148.0,2.9,3.7,25.7,0.6,66.5,0.3,1.0,custom (g),100.0,1.0,cup,238.0,,,,,,,,,,,,,,,,,,,,,,,,,,,,,,,,,
VINEGARBALSAMIC,Balsamic Vinegar,spice,,,,,2069,"Vinegar, balsamic",88.0,0.5,0.0,17.0,0.0,76.5,14.9,1.0,custom (g),100.0,1.0,tbsp,16.0,1.0,cup,255.0,1.0,tsp,5.3,,,,,,,,,,,,,,,,,,,,,,,,,,,
VINEGARCIDER,Cider Vinegar,spice,,,,,2048,"Vinegar, cider",21.0,0.0,0.0,0.9,0.0,93.8,0.4,1.0,custom (g),100.0,1.0,tbsp,14.9,1.0,cup,239.0,1.0,tsp,5.0,,,,,,,,,,,,,,,,,,,,,,,,,,,
VINEGARDISTILLED,Distilled Vinegar,spice,,,,,2053,"Vinegar, distilled",18.0,0.0,0.0,0.0,0.0,94.8,0.0,1.0,custom (g),100.0,1.0,tbsp,14.9,1.0,cup,238.0,1.0,tsp,5.0,,,,,,,,,,,,,,,,,,,,,,,,,,,
VINEGARREDWINE,Red Wine Vinegar,spice,,,,,2068,"Vinegar, red wine",19.0,0.0,0.0,0.3,0.0,94.5,0.0,1.0,custom (g),100.0,1.0,tbsp,14.9,1.0,cup,239.0,1.0,tsp,5.0,,,,,,,,,,,,,,,,,,,,,,,,,,,
VODKA,Vodka,beverage,,,,,14051,"Alcoholic beverage, distilled, vodka, 80 proof",231.0,0.0,0.0,0.0,0.0,66.6,0.0,1.0,custom (g),100.0,1.0,fl oz,27.8,1.5,fl oz,42.0,,,,,,,,,,,,,,,,,,,,,,,,,,,,,,
WAFER,Wafer,prepared,,,,,18226,"Crackers, rye, wafers, plain",334.0,9.6,0.9,80.4,22.9,5.0,1.0,1.0,custom (g),100.0,0.5,oz,14.2,1.0,"cup, crushed",61.0,1.0,"cracker (4-1/2"" x 2-1/2"" x 1/8"")",11.0,1.0,"cracker, triple",25.0,,,,,,,,,,,,,,,,,,,,,,,,
WAFFLE,Plain Waffle,prepared,,,,1,18367,"Waffles, plain, prepared from recipe",291.0,7.9,14.1,32.9,0.0,42.0,0.0,1.0,custom (g),100.0,1.0,oz,28.35,1.0,"waffle, round (7"" dia)",75.0,,,,,,,,,,,,,,,,,,,,,,,,,,,,,,
WAFFLEBUTTERMILK,Buttermilk Waffle,prepared,,,,,18932,"Waffles, buttermilk, frozen, ready-to-heat",273.0,6.6,9.2,41.0,2.2,40.3,4.3,1.0,custom (g),100.0,1.0,"waffle, square",39.0,1.0,"waffle, round",38.0,,,,,,,,,,,,,,,,,,,,,,,,,,,,,,
WALLEYE,Walleye,protein,,,,,15204,"Fish, pike, walleye, cooked, dry heat",119.0,24.5,1.6,0.0,0.0,73.5,0.0,1.0,custom (g),100.0,1.0,fillet,124.0,3.0,oz,85.0,,,,,,,,,,,,,,,,,,,,,,,,,,,,,,
WALNUT,Walnut,nuts,fats,,,,12157,"Nuts, walnuts, dry roasted, with salt added",643.0,14.3,60.7,17.9,7.1,4.4,3.6,1.0,custom (g),100.0,1.0,oz,28.0,,,,,,,,,,,,,,,,,,,,,,,,,,,,,,,,,
WALNUTOIL,Walnut Oil,fats,,,,,4528,"Oil, walnut",884.0,0.0,100.0,0.0,0.0,0.0,0.0,1.0,custom (g),100.0,1.0,tbsp,13.6,1.0,cup,218.0,1.0,tsp,4.5,,,,,,,,,,,,,,,,,,,,,,,,,,,
WALRUS,Walrus,protein,fats,,,,35081,"Walrus, meat, raw (Alaska Native)",199.0,19.2,13.6,0.0,0.0,65.1,0.0,1.0,custom (g),100.0,,,,,,,,,,,,,,,,,,,,,,,,,,,,,,,,,,,,
WASABI,Wasabi,spice,,,,,11990,"Wasabi, root, raw",109.0,4.8,0.6,23.5,7.8,69.1,0.0,1.0,custom (g),100.0,1.0,"cup, sliced",130.0,1.0,root,169.0,,,,,,,,,,,,,,,,,,,,,,,,,,,,,,
WATER,Water,beverage,,,,,14411,"Water, tap, drinking",0.0,0.0,0.0,0.0,0.0,99.9,0.0,1.0,custom (g),100.0,1.0,fl oz,29.6,1.0,serving 8 fl oz,237.0,1.0,liter,1000.0,,,,,,,,,,,,,,,,,,,,,,,,,,,
WATERCHESTNUT,Water Chestnut Canned,vegetable,,,,,11590,"Waterchestnuts, chinese, canned, solids and liquids",50.0,0.9,0.1,12.3,2.5,86.4,2.5,1.0,custom (g),100.0,0.5,cup slices,70.0,4.0,waterchestnuts,28.0,,,,,,,,,,,,,,,,,,,,,,,,,,,,,,
WATERCRESS,Watercress Raw,vegetable,,,,,11591,"Watercress, raw",11.0,2.3,0.1,1.3,0.5,95.1,0.2,1.0,custom (g),100.0,1.0,"cup, chopped",34.0,1.0,sprig,2.5,10.0,sprigs,25.0,,,,,,,,,,,,,,,,,,,,,,,,,,,
WATERMELON,Watermelon,fruit,,,,,9326,"Watermelon, raw",30.0,0.6,0.1,7.5,0.4,91.5,6.2,1.0,custom (g),100.0,1.0,"cup, balls",154.0,1.0,"cup, diced",152.0,1.0,"melon (15"" long x 7-1/2"" dia)",4518.0,1.0,wedge (approx 1/16 of melon),286.0,10.0,watermelon balls,122.0,1.0,NLEA serving,280.0,,,,,,,,,,,,,,,,,,
WAXGOURD,Waxgourd,fruit,,,,,11594,"Waxgourd, (chinese preserving melon), cooked, boiled, drained, without salt",14.0,0.4,0.2,3.0,1.0,96.1,1.2,1.0,custom (g),100.0,1.0,"cup, cubes",175.0,,,,,,,,,,,,,,,,,,,,,,,,,,,,,,,,,
WHALE,Whale,protein,fats,,,,35011,"Whale, beluga, meat, raw (Alaska Native)",111.0,26.5,0.5,0.0,0.0,72.5,0.0,1.0,custom (g),100.0,,,,,,,,,,,,,,,,,,,,,,,,,,,,,,,,,,,,
WHEATFLOURBREAD,Wheat Flour Bread,grain,,,,,20129,"Wheat flours, bread, unenriched",361.0,12.0,1.7,72.5,2.4,13.4,0.3,1.0,custom (g),100.0,1.0,"cup unsifted, dipped",137.0,,,,,,,,,,,,,,,,,,,,,,,,,,,,,,,,,
WHEATFLOURENSELF,Wheat Flour Self-rising White,grain,,,,,20082,"Wheat flour, white, all-purpose, self-rising, enriched",354.0,9.9,1.0,74.2,2.7,10.6,0.2,1.0,custom (g),100.0,1.0,cup,125.0,,,,,,,,,,,,,,,,,,,,,,,,,,,,,,,,,
WHEATFLOURUNEN,Wheat Flour White Unenriched,grain,,,,,20481,"Wheat flour, white, all-purpose, unenriched",364.0,10.3,1.0,76.3,2.7,11.9,0.3,1.0,custom (g),100.0,1.0,cup,125.0,,,,,,,,,,,,,,,,,,,,,,,,,,,,,,,,,
WHEATGERM,Wheat Germ,grain,fats,,,,4038,"Oil, wheat germ",884.0,0.0,100.0,0.0,0.0,0.0,0.0,1.0,custom (g),100.0,1.0,tsp,4.5,1.0,tablespoon,13.6,1.0,cup,218.0,,,,,,,,,,,,,,,,,,,,,,,,,,,
WHEATGLUTEN,Wheat Gluten,spice,,,,,48052,Vital wheat gluten,370.0,75.2,1.9,13.8,0.6,8.2,0.0,1.0,custom (g),100.0,,,,,,,,,,,,,,,,,,,,,,,,,,,,,,,,,,,,
WHEATWHOLE,Wheat Flour Whole-grain,grain,,,,,20080,"Wheat flour, whole-grain",340.0,13.2,2.5,72.0,10.7,10.7,0.4,1.0,custom (g),100.0,1.0,cup,120.0,,,,,,,,,,,,,,,,,,,,,,,,,,,,,,,,,
WHELK,Whelk,protein,,,,,15178,"Mollusks, whelk, unspecified, cooked, moist heat",275.0,47.7,0.8,15.5,0.0,32.0,0.0,1.0,custom (g),100.0,3.0,oz,85.0,,,,,,,,,,,,,,,,,,,,,,,,,,,,,,,,,
WHEY,Whey,dairy,,,,,1112,"Whey, acid, fluid",24.0,0.8,0.1,5.1,0.0,93.4,5.1,1.0,custom (g),100.0,1.0,cup,246.0,1.0,quart,984.0,,,,,,,,,,,,,,,,,,,,,,,,,,,,,,
WHISKEY,Whiskey,beverage,,,,,14550,"Alcoholic beverage, distilled, all (gin, rum, vodka, whiskey) 86 proof",250.0,0.0,0.0,0.1,0.0,63.9,0.0,1.0,custom (g),100.0,1.0,fl oz,27.8,1.0,Jigger 1.5 fl oz,42.0,,,,,,,,,,,,,,,,,,,,,,,,,,,,,,
WHITEBEAN,White Bean,legume,,,,,16050,"Beans, white, mature seeds, cooked, boiled, without salt",139.0,9.7,0.3,25.1,6.3,63.1,0.3,1.0,custom (g),100.0,1.0,cup,179.0,1.0,tbsp,11.2,,,,,,,,,,,,,,,,,,,,,,,,,,,,,,
WHITEFISH,Whitefish,protein,,,,,15223,"Fish, whitefish, mixed species, cooked, dry heat",172.0,24.5,7.5,0.0,0.0,65.1,0.0,1.0,custom (g),100.0,3.0,oz,85.0,1.0,fillet,154.0,,,,,,,,,,,,,,,,,,,,,,,,,,,,,,
WHITING,Whiting,protein,,,,,15133,"Fish, whiting, mixed species, cooked, dry heat",116.0,23.5,1.7,0.0,0.0,74.7,0.0,1.0,custom (g),100.0,1.0,fillet,72.0,3.0,oz,85.0,,,,,,,,,,,,,,,,,,,,,,,,,,,,,,
WHOLEWHEAT,Whole Wheat,prepared,,,,,8145,"Cereals, whole wheat hot natural cereal, cooked with water, without salt",62.0,2.0,0.4,13.7,1.6,83.6,0.1,1.0,custom (g),100.0,1.0,cup,242.0,0.75,cup,182.0,,,,,,,,,,,,,,,,,,,,,,,,,,,,,,
WINE,Wine,beverage,,,,,14106,"Alcoholic beverage, wine, table, white",82.0,0.1,0.0,2.6,0.0,86.9,1.0,1.0,custom (g),100.0,1.0,fl oz,29.4,1.0,serving (5 fl oz),147.0,,,,,,,,,,,,,,,,,,,,,,,,,,,,,,
WINEDESSERTDRY,Wine Dessert Dry,beverage,,,,,14536,"Alcoholic beverage, wine, dessert, dry",152.0,0.2,0.0,11.7,0.0,72.5,1.1,1.0,custom (g),100.0,1.0,fl oz,29.5,1.0,glass (3.5 fl oz),103.0,,,,,,,,,,,,,,,,,,,,,,,,,,,,,,
WINEDESSERTSWEET,Wine Dessert Sweet,beverage,,,,,14057,"Alcoholic beverage, wine, dessert, sweet",160.0,0.2,0.0,13.7,0.0,70.5,7.8,1.0,custom (g),100.0,1.0,fl oz,29.5,1.0,glass (3.5 fl oz),103.0,,,,,,,,,,,,,,,,,,,,,,,,,,,,,,
WINERED,Wine Red,beverage,,,,,14096,"Alcoholic beverage, wine, table, red",85.0,0.1,0.0,2.6,0.0,86.5,0.6,1.0,custom (g),100.0,1.0,fl oz,29.4,1.0,serving (5 fl oz),147.0,,,,,,,,,,,,,,,,,,,,,,,,,,,,,,
WINGEDBEAN,Winged Bean,legume,,,,,16136,"Winged beans, mature seeds, cooked, boiled, without salt",147.0,10.6,5.8,14.9,0.0,67.2,0.0,1.0,custom (g),100.0,1.0,cup,172.0,,,,,,,,,,,,,,,,,,,,,,,,,,,,,,,,,
WOLFFISH,Wolffish,protein,,,,,15224,"Fish, wolffish, Atlantic, cooked, dry heat",123.0,22.4,3.1,0.0,0.0,74.2,0.0,1.0,custom (g),100.0,0.5,fillet,119.0,3.0,oz,85.0,,,,,,,,,,,,,,,,,,,,,,,,,,,,,,
WONTON,Wonton/Egg Roll Wrapper,prepared,,,,,18368,Wonton wrappers (includes egg roll wrappers),291.0,9.8,1.5,57.9,1.8,28.8,0.0,1.0,custom (g),100.0,1.0,oz,28.35,1.0,"wrapper, eggroll (7"" square)",32.0,1.0,"wrapper, wonton (3-1/2"" square)",8.0,,,,,,,,,,,,,,,,,,,,,,,,,,,
YAM,Yam Cooked,vegetable,,,,,11602,"Yam, cooked, boiled, drained, or baked, without salt",116.0,1.5,0.1,27.5,3.9,70.1,0.5,1.0,custom (g),100.0,1.0,"cup, cubes",136.0,0.5,"cup, cubes",68.0,,,,,,,,,,,,,,,,,,,,,,,,,,,,,,
YAMBEAN,Yambean Cooked,vegetable,,,,,11604,"Yambean (jicama), cooked, boiled, drained, without salt",38.0,0.7,0.1,8.8,0.0,90.1,0.0,1.0,custom (g),100.0,,,,,,,,,,,,,,,,,,,,,,,,,,,,,,,,,,,,
YARDLONG,Yardlong Cooked,vegetable,,,,,11200,"Yardlong bean, cooked, boiled, drained, without salt",47.0,2.5,0.1,9.2,0.0,87.5,0.0,1.0,custom (g),100.0,1.0,cup slices,104.0,1.0,pod,14.0,,,,,,,,,,,,,,,,,,,,,,,,,,,,,,
YEAST,Yeast,spice,,,,,18375,"Leavening agents, yeast, baker's, active dry",325.0,40.4,7.6,41.2,26.9,5.1,0.0,1.0,custom (g),100.0,1.0,tsp,4.0,1.0,tbsp,12.0,1.0,packet,7.2,,,,,,,,,,,,,,,,,,,,,,,,,,,
YELLOWSNAPBEAN,Yellow Snap Bean,legume,,,,,11724,"Beans, snap, yellow, cooked, boiled, drained, without salt",35.0,1.9,0.3,7.9,3.3,89.2,3.6,1.0,custom (g),100.0,1.0,cup,125.0,,,,,,,,,,,,,,,,,,,,,,,,,,,,,,,,,
YELLOWTAIL,Yellowtail,protein,,,,,15225,"Fish, yellowtail, mixed species, cooked, dry heat",187.0,29.7,6.7,0.0,0.0,67.3,0.0,1.0,custom (g),100.0,0.5,fillet,146.0,3.0,oz,85.0,,,,,,,,,,,,,,,,,,,,,,,,,,,,,,
YOGURT,Yogurt,dairy,,,,,1116,"Yogurt, plain, whole milk, 8 grams protein per 8 ounce",61.0,3.5,3.2,4.7,0.0,87.9,4.7,1.0,custom (g),100.0,1.0,container (6 oz),170.0,1.0,container (8 oz),227.0,0.5,container (4 oz),113.0,1.0,cup (8 fl oz),245.0,,,,,,,,,,,,,,,,,,,,,,,,
YOLK,Yolk,protein,,,,,1125,"Egg, yolk, raw, fresh",322.0,15.9,26.5,3.6,0.0,52.3,0.6,1.0,custom (g),100.0,1.0,large,17.0,1.0,cup,243.0,,,,,,,,,,,,,,,,,,,,,,,,,,,,,,
ZUCCHINI,Zucchini Cooked,vegetable,fruit,,Botanically a fruit,,11478,"Squash, summer, zucchini, includes skin, cooked, boiled, drained, without salt",15.0,1.1,0.4,2.7,1.0,95.2,1.7,1.0,custom (g),100.0,1.0,"cup, sliced",180.0,0.5,"cup, mashed",120.0,,,,,,,,,,,,,,,,,,,,,,,,,,,,,,
ZWIEBACK,Zwieback,grain,prepared,,,,3217,Zwieback,426.0,10.1,9.7,74.2,2.5,4.5,12.5,1.0,custom (g),100.0,1.0,oz,28.35,1.0,piece,7.0,1.0,rusk,10.0,1.0,"toast, Gerber Zwieback",7.0,,,,,,,,,,,,,,,,,,,,,,,,
BLACKPEPPER,Black Pepper,spice,,,,,2030,"Spices, pepper, black",251.0,10.4,3.3,64.0,25.3,12.5,0.6,1.0,custom (g),100.0,1.0,tsp,2.3,1.0,tbsp,6.9,,,,,,,,,,,,,,,,,,,,,,,,,,,,,,
GARLICPOWDER,Garlic Powder,spice,,,,,2020,"Spices, garlic powder",331.0,16.6,0.7,72.7,9.0,6.5,2.4,1.0,custom (g),100.0,1.0,tsp,3.1,1.0,tbsp,9.7,,,,,,,,,,,,,,,,,,,,,,,,,,,,,,
GROUNDPORK,Ground Pork (Raw),protein,,,,,10219,"Pork, fresh, ground, raw",263.0,16.9,21.2,0.0,0.0,61.1,0.0,1.0,custom (g),100.0,1.0,oz,28.35,4.0,oz,113.0,,,,,,,,,,,,,,,,,,,,,,,,,,,,,,
ONIONPOWDER,Onion Powder,spice,,,,,2026,"Spices, onion powder",341.0,10.4,1.0,79.1,15.2,5.4,6.6,1.0,custom (g),100.0,1.0,tsp,2.4,1.0,tbsp,6.9,,,,,,,,,,,,,,,,,,,,,,,,,,,,,,
OREGANO,Oregano (Dried),spice,,,,,2027,"Spices, oregano, dried",265.0,9.0,4.3,68.9,42.5,9.9,4.1,1.0,custom (g),100.0,1.0,"tsp, ground",1.8,,,,,,,,,,,,,,,,,,,,,,,,,,,,,,,,,
PAPRIKA,Paprika,spice,,,,,2028,"Spices, paprika",282.0,14.1,12.9,54.0,34.9,11.2,10.3,1.0,custom (g),100.0,1.0,tsp,2.3,1.0,tbsp,6.8,,,,,,,,,,,,,,,,,,,,,,,,,,,,,,
SAGE,Sage (Ground),spice,,,,,2038,"Spices, sage, ground",315.0,10.6,12.8,60.7,40.3,8.0,1.7,1.0,custom (g),100.0,1.0,tsp,0.7,1.0,tbsp,2.0,,,,,,,,,,,,,,,,,,,,,,,,,,,,,,
PORKBACKFAT,Pork Backfat,,protein,,,,10004,"Pork, fresh, backfat, raw","Pork, fresh, backfat, raw",812.0,2.92,88.69,0.0,0.0,7.69,0.0,1.0,custom (g),100.0,1.0,tbsp,14.0,1.0,oz,28.35,1.0,lb,453.6,,,,,,,,,,,,,,,,,,,,,,,,,,
BISCUITSGRAVY,Biscuits & Gravy,prepared,,,,1,,"Biscuits and gravy, prepared from recipe",262.64,7.83,13.85,25.61,0.88,50.18,2.97,1.0,custom (g),100.0,1.0,oz,28.35,1.0,serving,228.0,,,,,,,,,,,,,,,,,,,,,,,,,,,,,,
EGGSBENEDICT,Eggs Benedict,prepared,,,,1,,"Eggs Benedict, prepared from recipe",288.0,13.81,21.10,8.48,0.60,53.51,1.17,1.0,custom (g),100.0,1.0,oz,28.35,1.0,serving,345.0,,,,,,,,,,,,,,,,,,,,,,,,,,,,,,
CANADIANBACON,Canadian Bacon,,protein,,,,10998,"Canadian bacon, cooked, pan-fried","Canadian bacon, cooked, pan-fried",146.0,28.31,2.78,1.80,0.0,62.5,1.2,1.0,custom (g),100.0,1.0,oz,28.35,1.0,slice,28.0,,,,,,,,,,,,,,,,,,,,,,,,,,,,,
CANADIANBACONRAW,Canadian Bacon (raw),,protein,,,,10130,"Canadian bacon, unprepared","Canadian bacon, unprepared",110.0,20.31,2.62,1.34,0.0,72.34,0.9,1.0,custom (g),100.0,1.0,oz,28.35,1.0,slice,28.5,,,,,,,,,,,,,,,,,,,,,,,,,,,,,
BREADWHITE,White Bread,grain,prepared,,,0,18069,"Bread, white, commercially prepared (includes soft bread crumbs)",266.0,8.85,3.33,49.42,2.7,36.42,5.67,1.0,custom (g),100.0,1.0,slice,28.0,,,,,,,,,,,,,,,,,,,,,,,,,,,,,,,,,
MILK2PCT,Milk 2%,dairy,beverage,,,0,1079,"Milk, reduced fat, fluid, 2% milkfat, with added vitamin A and vitamin D",50.0,3.3,1.98,4.8,0.0,89.21,5.06,1.0,custom (g),100.0,1.0,cup,244.0,1.0,fl oz,30.5,1.0,tbsp,15.0,,,,,,,,,,,,,,,,,,,,,,,,,,,
REFRIEDBEANVEG,Refried Bean (Veg),legume,,,,,16171,"Refried beans, canned, vegetarian",83.0,5.28,0.87,13.5,4.7,78.39,0.59,1.0,custom (g),100.0,1.0,cup,238.0,1.0,tablespoon,16.0,,,,,,,,,,,,,,,,,,,,,,,,,,,,,,
BEEFGROUND80RAW,"Ground Beef (80% lean, raw)",protein,,,,,23572,"Beef, ground, 80% lean meat / 20% fat, raw",254.0,17.17,20.0,0.0,0.0,61.87,0.0,1.0,custom (g),100.0,3.0,oz,85.0,,,,,,,,,,,,,,,,,,,,,,,,,,,,,,,,,
POTATOESRAW,Raw Potatoes,vegetable,,,,,11352,"Potatoes, flesh and skin, raw",77.0,2.05,0.09,17.49,2.1,79.25,0.82,1.0,custom (g),100.0,1.0,medium potato,150.0,,,,,,,,,,,,,,,,,,,,,,,,,,,,,,,,,
HAM,Ham,protein,,,,0,10136,"Pork, cured, ham, boneless, regular (approximately 11% fat), roasted",178.0,22.62,9.02,0.0,0.0,64.54,0.0,1.0,custom (g),100.0,1.0,oz,28.0,3.0,oz,85.0,1.0,"cup, diced",135.0,,,,,,,,,,,,,,,,,,,,,,,,,,,
BELLPEPPER,Bell Pepper Green,vegetable,fruit,,,0,11333,"Peppers, sweet, green, raw",20.0,0.86,0.17,4.64,1.7,93.89,2.4,1.0,custom (g),100.0,1.0,medium,119.0,1.0,"cup, chopped",149.0,0.5,"cup, chopped",75.0,0.25,"cup, chopped",37.0,,,,,,,,,,,,,,,,,,,,,,,,
GREEKYOGURT,Greek Yogurt,dairy,,,,,1293,"Yogurt, Greek, plain, whole milk",97.0,9.0,5.0,3.98,0.0,81.3,4.0,1.0,custom (g),100.0,1.0,cup,245.0,1.0,tbsp,15.0,,,,,,,,,,,,,,,,,,,,,,,,,,,,,,
WORCESTERSHIRE,Worcestershire Sauce,condiment,,,,,6971,"Sauce, worcestershire",78.0,0.0,0.0,19.5,0.0,78.5,10.0,1.0,custom (g),100.0,1.0,tsp,5.0,1.0,tbsp,15.0,,,,,,,,,,,,,,,,,,,,,,,,,,,,,,
BREADMULTIGRAIN,Multigrain Bread,prepared,grain,,,,28397,"Bread, multi-grain (includes whole-grain)",265.0,13.36,4.23,43.34,7.4,36.94,6.39,1.0,custom (g),100.0,1.0,slice,28.0,1.0,oz,28.35,,,,,,,,,,,,,,,,,,,,,,,,,,,,,,
LIVERWURSTPORK,Liverwurst,protein,,,,,7041,"Liver sausage, liverwurst, pork",326.0,14.1,28.5,2.2,0.0,52.1,0.0,1.0,custom (g),100.0,1.0,oz,28.35,,,,,,,,,,,,,,,,,,,,,,,,,,,,,,,,,
LIMBURGERCHEESE,Limburger cheese,dairy,,,,,1024,"Cheese, limburger",327.0,20.05,27.25,0.49,0.0,48.42,0.49,1.0,custom (g),100.0,1.0,oz,28.35,1.0,cup,134.0,,,,,,,,,,,,,,,,,,,,,,,,,,,,,,
TOMATOPASTE,Tomato Paste,prepared,,,,,11546,"Tomato products, canned, paste, without salt added",82.0,4.32,0.47,18.91,4.1,73.5,12.18,1.0,custom (g),100.0,1.0,tbsp,16.0,1.0,oz,28.35,,,,,,,,,,,,,,,,,,,,,,,,,,,,,,
PORKBOSTONBUTT,Pork Shoulder,protein,,,,,10080,"Pork, fresh, shoulder, (Boston butt), blade (steaks), separable lean and fat, raw",186.0,17.42,12.36,0.0,0.0,69.18,0.0,1.0,custom (g),100.0,1.0,oz,28.35,1.0,lb,453.6,,,,,,,,,,,,,,,,,,,,,,,,,,,,,,
BBQSAUCE,Barbecue Sauce,condiment,,,,,6150,"Sauce, barbecue",172.0,0.82,0.63,40.77,0.9,54.71,33.24,1.0,custom (g),100.0,1.0,tbsp,15.0,1.0,cup,250.0,,,,,,,,,,,,,,,,,,,,,,,,,,,,,,
BEEFBRISKET,Beef Brisket,protein,,,,,13803,"Beef, brisket, whole, separable lean and fat, trimmed to 1/8"" fat, all grades, raw",251.0,18.42,19.06,0.0,0.0,61.08,0.0,1.0,custom (g),100.0,1.0,oz,28.35,1.0,lb,453.6,,,,,,,,,,,,,,,,,,,,,,,,,,,,,,
CHICKENBREASTRAW,Chicken Breast Raw,protein,,,,,5062,"Chicken, broiler or fryers, breast, skinless, boneless, meat only, raw",120.0,22.5,2.62,0.0,0.0,73.9,0.0,1.0,custom (g),100.0,1.0,oz,28.35,1.0,lb,453.6,,,,,,,,,,,,,,,,,,,,,,,,,,,,,,
HOTSAUCE,Hot Sauce,condiment,,,,,6169,"Sauce, ready-to-serve, pepper, TABASCO",12.0,1.29,0.76,,,,,,,,,,,,,,,,,,,,,,,,,,,,,,,,,,,,,,,,,,,
RANCHDRESSING,Ranch Dressing,condiment,,,,,4639,"Salad dressing, ranch dressing, regular",430.0,1.32,44.54,,,,,,,,,,,,,,,,,,,,,,,,,,,,,,,,,,,,,,,,,,,
CODRAW,Cod (raw),protein,,,,,15015,"Fish, cod, Atlantic, raw",82.0,17.81,0.67,0.0,0.0,81.22,0.0,1.0,custom (g),100.0,3.0,oz,85.0,1.0,fillet,180.0,,,,,,,,,,,,,,,,,,,,,,,,,,,,,,
TAMARI,Tamari,condiment,,,,,16124,Soy sauce made from soy (tamari),60.0,10.51,0.1,5.57,0.8,66.0,1.7,1.0,custom (g),100.0,1.0,tbsp,18.0,1.0,tsp,6.0,,,,,,,,,,,,,,,,,,,,,,,,,,,,,,
BASIL,Basil (Dried),spice,,,,,2003,"Spices, basil, dried",233.0,22.98,4.07,47.75,37.7,10.35,1.71,1.0,custom (g),100.0,1.0,"tsp, leaves",0.7,1.0,"tbsp, leaves",2.1,,,,,,,,,,,,,,,,,,,,,,,,,,,,,,
SHRIMP,Shrimp,seafood,,,,0,15270,"Crustaceans, shrimp, raw (not previously frozen)",85.0,20.1,0.51,0.0,0.0,78.45,0.0,,,,3,oz,85.0,6,oz,170.0,,,,,,,,,,,,,,,,,,,,,,,,,,,,,,
OYSTER,Oyster,seafood,,,,0,15167,"Mollusks, oyster, eastern, wild, raw",51.0,5.71,1.71,2.72,0.0,89.04,0.62,,,,3,oz,85.0,6,oz,170.0,,,,,,,,,,,,,,,,,,,,,,,,,,,,,,
CORNMEAL,Cornmeal,grains,,,,0,20022,"Cornmeal, degermed, enriched, yellow",370.0,7.11,1.75,79.45,3.9,11.18,1.61,,,,1,cup,138.0,1,tbsp,8.6,,,,,,,,,,,,,,,,,,,,,,,,,,,,,,
PICKLERELISH,Pickle Relish,condiments,,,,0,11945,"Pickle relish, sweet",130.0,0.37,0.47,35.06,1.1,62.07,29.13,,,,1,tbsp,15.0,1,tsp,5.0,,,,,,,,,,,,,,,,,,,,,,,,,,,,,,
HOAGIEROLL,Hoagie Roll,prepared,,,,,18353,"Rolls, hard (includes kaiser)",293.0,9.9,4.3,52.7,2.3,31.0,1.77,1.0,custom (g),100.0,1.0,oz,28.35,1.0,"roll (6"")",72.0,,,,,,,,,,,,,,,,,,,,,,,,,,,,,,
SALAMIITALIAN,Salami Italian,prepared,,,,,7926,"Salami, Italian, pork",425.0,21.7,37.0,1.2,0.0,34.6,1.2,1.0,custom (g),100.0,1.0,oz,28.35,1.0,slice,10.0,,,,,,,,,,,,,,,,,,,,,,,,,,,,,,
BEEFRIBEYERAW,"Beef, Ribeye, Raw",protein,,,,0,23263,"Beef, ribeye petite roast/filet, boneless, separable lean only, trimmed to 0"" fat, all grades, raw",133.0,22.66,4.66,0.04,0.0,71.57,0.0,3,oz,85.05,1,oz,28.35,,,,,,,,,,,,,,,,,,,,,,,,,,,,,,,,,
PORKTENDERLOIN,Pork Tenderloin,protein,,,,0,10060,"Pork, fresh, loin, tenderloin, separable lean only, raw",109.0,20.95,2.17,0.0,0.0,76.0,0.0,3,oz,85.05,1,oz,28.35,,,,,,,,,,,,,,,,,,,,,,,,,,,,,,,,,
DAIKONRADISH,Daikon Radish,vegetable,,,,0,11430,"Radishes, oriental, raw",18.0,0.6,0.1,4.1,0.0,94.62,0.0,1,cup,116.0,1,oz,28.35,,,,,,,,,,,,,,,,,,,,,,,,,,,,,,,,,
BASILFRESH,Basil (Fresh),fresh herbs,,,,,2044,"Basil, fresh",23.0,3.2,0.6,2.7,1.6,92.1,0.3,1.0,custom (g),100.0,2.0,tbsp,5.0,,,,,,,,,,,,,,,,,,,,,,,,,,,,,,,,,
CHEDDARSHARPCHEESE,Cheddar Cheese (Sharp),dairy,,,,,1270,"Cheese, cheddar, sharp, sliced",410.0,24.3,33.8,2.1,0.0,36.2,0.0,1.0,custom (g),100.0,1.0,slice,21.0,,,,,,,,,,,,,,,,,,,,,,,,,,,,,,,,,
SMOKEDSALMON,Smoked Salmon,protein,,,,,15077,"Fish, salmon, chinook, smoked",117.0,18.28,4.32,0.0,0.0,0.0,72.0,1.0,custom (g),100.0,1.0,oz,28.35,,,,,,,,,,,,,,,,,,,,,,,,,,,,,,,,,
CRIMINI,Crimini Mushroom Raw,vegetable,,,,,11266,"Mushrooms, brown, italian, or crimini, raw",22.0,2.5,0.1,4.3,0.6,92.12,1.72,1.0,custom (g),100.0,1.0,oz,28.35,1.0,cup sliced,72.0,1.0,cup whole,96.0,,,,,,,,,,,,,,,,,,,,,,,,,,,
ONIONRINGS,Onion Rings Fried,fast food,,,,,21130,"Fast foods, onion rings, breaded and fried",411.0,3.86,25.23,43.58,2.7,24.52,5.43,1.0,custom (g),100.0,1.0,piece,10.0,1.0,serving (8-9 rings),85.0,,,,,,,,,,,,,,,,,,,,,,,,,,,,,,
TURKEYBURGER,Turkey Burger,protein,poultry,,,1,5665,"Ground turkey, 93% lean, 7% fat, raw",150.0,18.73,8.34,0.0,0.0,72.63,0.0,100,custom,100,1,oz,28.35,1,patty (4 oz),113.4,,,,,,,,,,,,,,,,,,,,,,,,,,,,,,
POULTRYSEASONING,Poultry Seasoning,spices,,,,0,2034,"Spices, poultry seasoning",307.0,9.59,7.53,65.59,11.3,9.31,1.8,100,custom,100,1,tsp,1.5,,,,,,,,,,,,,,,,,,,,,,,,,,,,,,,,,
WHITEPEPPERCORN,White Pepper,spice,,,,,2032,"Spices, pepper, white",296.0,10.4,2.12,68.61,26.2,11.42,0.0,1.0,custom (g),100.0,1.0,tsp,2.4,1.0,tbsp,7.2,,,,,,,,,,,,,,,,,,,,,,,,,,,,,,
TOMATOPUREE,Tomato Purée,prepared,,,,,11547,"Tomato products, canned, puree, without salt added",38.0,1.65,0.21,8.98,1.9,87.88,4.83,1.0,custom (g),100.0,1.0,cup,244.0,,,,,,,,,,,,,,,,,,,,,,,,,,,,,,,,,
CHICKENBROTH,Chicken Broth,prepared,,,,,6194,"Soup, chicken broth, ready-to-serve",6.0,0.64,0.21,0.44,0.0,97.81,0.0,1.0,custom (g),100.0,1.0,cup,245.0,,,,,,,,,,,,,,,,,,,,,,,,,,,,,,,,,
LEEKRAW,Leek Raw,vegetable,,,,0,11246,"Leeks, (bulb and lower leaf-portion), raw",61.0,1.5,0.3,14.15,1.8,83.0,3.9,1.0,custom (g),100.0,1.0,cup,89.0,1.0,leek,89.0,1.0,slice,6.0,,,,,,,,,,,,,,,,,,,,,,,,,,,
CHICKENBACKRAW,Chicken Back Raw,meat,,,,0,5048,"Chicken, broilers or fryers, back, meat and skin, raw",319.0,14.05,28.74,0.0,0.0,58.1,0.0,1.0,custom (g),100.0,1.0,lb,453.592,1.0,unit (yield from 1 lb),59.0,,,,,,,,,,,,,,,,,,,,,,,,,,,,,,
CHICKENNECKRAW,Chicken Neck Raw,meat,,,,0,5084,"Chicken, broilers or fryers, neck, meat and skin, raw",297.0,14.07,26.24,0.0,0.0,59.99,0.0,1.0,custom (g),100.0,1.0,lb,453.592,1.0,"neck, bone removed",50.0,,,,,,,,,,,,,,,,,,,,,,,,,,,,,,
CHICKENFEETBOILED,Chicken Feet Boiled,meat,,,,0,5335,"Chicken, feet, boiled",215.0,19.4,14.6,0.2,0.0,65.8,0.0,1.0,custom (g),100.0,1.0,oz,28.35,1.0,lb,453.6,,,,,,,,,,,,,,,,,,,,,,,,,,,,,,
CHICKENWINGRAW,Chicken Wing Raw,meat,,,,0,5100,"Chicken, broilers or fryers, wing, meat and skin, raw",191.0,17.52,12.85,0.0,0.0,69.19,0.0,1.0,custom (g),100.0,1.0,lb,453.592,1.0,unit (yield from 1 lb),68.0,,,,,,,,,,,,,,,,,,,,,,,,,,,,,,
BEEFSHANKRAW,Beef Shank Raw,meat,,,,0,13227,"Beef, shank crosscuts, separable lean only, trimmed to 1/4"" fat, choice, raw",128.0,21.75,3.85,0.0,0.0,73.03,0.0,1.0,custom (g),100.0,1.0,lb,453.592,,,,,,,,,,,,,,,,,,,,,,,,,,,,,,,,,
VEGETABLEBROTH,Vegetable Broth,prepared,,,,,6700,"Soup, vegetable broth, ready to serve",5.0,0.24,0.07,0.93,0.0,98.05,0.55,1.0,custom (g),100.0,1.0,cup,221.0,1.0,can,390.0,1.0,carton (32 oz),926.0,,,,,,,,,,,,,,,,,,,,,,,,,,,
MUSTARDGROUND,Ground Mustard,spice,,,,,2024,"Spices, mustard seed, ground",508.0,26.08,36.24,28.09,12.2,5.27,6.79,1.0,custom (g),100.0,1.0,tsp,3.3,1.0,tbsp,9.9,,,,,,,,,,,,,,,,,,,,,,,,,,,,,,
BEEFSIRLOINTIP,Beef Sirloin Tip Steak,protein,,,,,23061,"Beef, round, knuckle, tip center, steak, separable lean and fat, trimmed to 0"" fat, all grades, raw",143.0,20.93,5.89,0.0,0.0,72.45,0.0,1.0,custom (g),100.0,3.0,oz,85.0,1.0,steak,197.0,,,,,,,,,,,,,,,,,,,,,,,,,,,,,,
POTATOESWHITE,White Potatoes,vegetable,,,,,11354,"Potatoes, white, flesh and skin, raw",69.0,1.68,0.1,15.71,2.4,81.58,1.15,1.0,custom (g),100.0,1.0,medium potato,150.0,,,,,,,,,,,,,,,,,,,,,,,,,,,,,,,,,
REDCABBAGE,Red Cabbage Raw,vegetable,,,,,11112,"Cabbage, red, raw",31.0,1.43,0.16,7.37,2.1,90.39,3.83,1.0,custom (g),100.0,1.0,"cup, shredded",70.0,1.0,"head (about 5-1/2"" dia)",908.0,1.0,leaf,28.0,,,,,,,,,,,,,,,,,,,,,,,,,,,
BELLPEPPERRED,Bell Pepper Red,vegetable,fruit,,,0,11821,"Peppers, sweet, red, raw",31.0,0.99,0.3,6.03,2.1,92.21,4.2,1.0,custom (g),100.0,1.0,medium,119.0,1.0,"cup, chopped",149.0,0.5,"cup, chopped",74.5,,,,,,,,,,,,,,,,,,,,,,,,,,,
POTATOESRUSSET,Russet Potato,vegetable,,,,,11353,"Potatoes, russet, flesh and skin, raw",79.0,2.14,0.08,18.07,1.3,78.58,0.62,1.0,custom (g),100.0,1.0,large potato,369.0,,,,,,,,,,,,,,,,,,,,,,,,,,,,,,,,,
NORTHERNBEANRAW,"Great Northern Beans, Dry",legume,protein,,,,16024,"Beans, great northern, mature seeds, raw",339.0,21.86,1.14,62.37,20.2,10.7,2.26,1.0,custom (g),100.0,1.0,cup,200.0,,,,,,,,,,,,,,,,,,,,,,,,,,,,,,,,,
TOMATOCAN,Tomatoes Crushed Canned,Vegetables,,,,0,11693,"Tomatoes, crushed, canned",32.0,1.64,0.28,7.29,1.9,89.44,4.4,1.0,custom (g),100.0,1.0,cup,240.0,1.0,can (14.5 oz),411.0,,,,,,,,,,,,,,,,,,,,,,,,,,,,,,
THYMEDRIED,Thyme Dried,spice,,,,,2042,"Spices, thyme, dried",276.0,9.11,7.43,63.94,37.0,7.79,1.71,,,,1,tsp,1.4,1,tbsp,4.2,,,,,,,,,,,,,,,,,,,,,,,,,,,,,,
OKRARAW,Okra Raw,vegetable,,,,,11278,"Okra, raw",33.0,1.93,0.19,7.45,3.2,89.58,1.48,,,,1,cup sliced,100.0,1,lb,453.6,,,,,,,,,,,,,,,,,,,,,,,,,,,,,,
SQUASHYELLOW,Yellow Squash Raw,vegetable,,,,,11641,"Squash, summer, all varieties, raw",16.0,1.21,0.18,3.35,1.1,94.6,2.16,,,,1,cup sliced,180.0,1,lb,453.6,,,,,,,,,,,,,,,,,,,,,,,,,,,,,,
