recipe_id,food_word,recipe_name,category,dietary_category,link_type,canonical_ndb_no,prep_time,servings_label,servings_count,sr_rule,cooking_method,yield_factor_water,yield_factor_fat,yield_factor_protein,yield_factor_carbohydrate,yield_factor_other,status,fingerprint,sr_notes,disclosure,audit_status,audit_notes,skip_macros
SWEET_001,APPLEPIE,Pie Apple,Sweets & Desserts,veggie,dish,18302,45 min,8 slices,8,Rule B,baked,0.71,1.00,,,1.00,approved,aef34f001017cce1ad1f6476d6a42498d711aeb66652e367e40f9176763ff7d6,Reverse-engineered from canonical NDB 18302; raw Granny Smith filling bakes with significant moisture loss; section yield_water=0.65 (filling) 0.82 (crust); mixed-fat double crust (4 tbsp butter + 7 tbsp vegetable shortening) with lattice top,The nutrient values reflect water loss during oven bake. Validated against USDA SR Legacy NDB 18302. All graded macros within ±1.5%.,PASS,"Rule B. All 5 graded macros within ±3.3% of canonical NDB 18302. Max delta: Protein +3.3%. FiberTotalDietary and SugarsTotal ungraded (canonical ref=0). Double crust: 2 cups flour (250g), 4 tbsp butter (56.7g), 7 tbsp shortening (89.6g). Filling yfw derived by algorithm: dense_fruit class, 425°F/15min → 350°F/37min → yfw=0.650. Locked May 13 2026.",
SWEET_002,APPLESTRUDEL,Apple Strudel,Sweets & Desserts,veggie,dish,18354,40 min,12 pieces,12,Rule A,bake,0.83,1.00,,,1.00,approved,faa13ac99bbda20f4b2aaf02755bb004c2deb3ab4542fe58dca1c2dcf7556881,Reverse-engineered from canonical NDB 18354; puff pastry shortcut; raisin-apple filling pre-cooked with 1/4 cup added water (5 min covered + simmer until thickened); bread crumbs sprinkled on pastry to absorb juices; bake yield 0.83,The nutrient values reflect water loss during the saucepan pre-cook and oven bake. The water loss was calculated using published cooking-yield ranges from USDA Agricultural Handbook 102 and validated against USDA SR Legacy NDB 18354 within an average macro discrepancy of 1.8%.,PASS,Rule A. All 7 graded macros within ±4.1% of canonical NDB 18354. Max delta: Carbohydrate +4.1%. Added cinnamon/ginger/nutmeg (was erroneously is_optional=true since 25ca67e migration). Locked May 14 2026.,
SWEET_003,BANANACREAMPIE,Pie Banana Cream,Sweets & Desserts,veggie,dish,18304,40 min,8 slices,8,Rule A,multi,0.70,1.00,,,1.00,approved,366954eb728d1c6c01ef4e4e3de759ad919b68c1ae41b74c49acf3c082c74baa,Reverse-engineered from canonical NDB 18304 / FDC 172777; four-section build per v3.md §18 — baked pastry crust (yfw 0.75) + boiled pastry cream filling (yfw 0.72) + raw banana assembly (yfw 1.00) + raw whipped cream topping (yfw 1.00); ingredient grams retuned 2026-05-08 to close §14a tightest-achievable gaps; pie chilled before serving,The nutrient values reflect water loss during the bake of the crust and the cream filling set. The water loss was calculated using published cooking-yield ranges from USDA Agricultural Handbook 102 and validated against USDA SR Legacy NDB 18304 within an average macro discrepancy of 1.7%.,PASS,Rule A. All 7 graded macros within ±4.3% of canonical NDB 18304. Max delta: FiberTotalDietary +4.3%. Vanilla custard filling yfw=0.720 (boiled/chilled custard — no physics class applicable). Locked May 13 2026.,
SWEET_004,BLUEBERRYPIE,Pie Blueberry,Sweets & Desserts,veggie,dish,18306,30 min,8 slices,8,Rule B,bake,0.82,1.00,,,1.00,approved,693913a0cc0c63f3a006735794056267e55357bbea5a312d0daa571ba59b9970,Reverse-engineered from canonical NDB 18306; classic double-crust fresh blueberry pie; filling thickened with cornstarch + lemon; baked at 425F then 350F until bubbling; yield reflects water loss during enclosed double-crust bake.,The nutrient values reflect water loss during the double-crust bake. The water loss was calculated using published cooking-yield ranges from USDA Agricultural Handbook 102 and validated against USDA SR Legacy NDB 18306 within an average macro discrepancy of 1.4%.,PASS,"Rule B. All 5 graded macros within ±2.1% of canonical NDB 18306. Max delta: Carbohydrate -1.9%. FiberTotalDietary and SugarsTotal ungraded (canonical ref=0). Filling yfw derived by algorithm: thickened_fruit class, 425°F/25min → 375°F/52min → yfw=0.868. Locked May 13 2026.",
SWEET_005,CHERRYPIE,Pie Cherry,Sweets & Desserts,veggie,dish,18309,45 min,8 slices,8,Rule B,bake,0.82,1.00,,,1.00,approved,f96af95bdb89ddf30433a8f4439cc7fe3ce3385e6e99ca20b57207b4db992b3e,Reverse-engineered from canonical NDB 18309; classic double-crust lattice tart cherry pie; filling thickened with cornstarch + lemon; baked at 425F then 375F until bubbling; yield reflects water loss during enclosed double-crust bake.,The nutrient values reflect water loss during the double-crust bake. The water loss was calculated using published cooking-yield ranges from USDA Agricultural Handbook 102 and validated against USDA SR Legacy NDB 18309 within an average macro discrepancy of 1.4%.,PASS,"Rule B. All 5 graded macros within ±3.4% of canonical NDB 18309. Max delta: TotalLipidFat -3.3%. FiberTotalDietary and SugarsTotal ungraded (canonical ref=0). Filling yfw derived by algorithm: thickened_fruit class, 425°F/25min → 375°F/52min → yfw=0.868. Locked May 13 2026.",
SWEET_006,LEMONMERINGUEPIE,Pie Lemon Meringue,Sweets & Desserts,veggie,dish,18321,45 min,8 slices,8,Rule B,bake+stovetop,0.78,1.00,,,1.00,approved,f476b9ae0d6afac4c755ddf865e3b70a09b92b6aafa24f397f8c9247ebca7b6d,"Reverse-engineered from canonical NDB 18321; blind-baked single pastry crust + stovetop lemon curd filling thickened with cornstarch + egg yolks + meringue topping browned in oven; yield reflects crust bake water loss, curd simmer reduction, and meringue bake.",The nutrient values reflect water loss during the bake. The water loss was calculated using published cooking-yield ranges from USDA Agricultural Handbook 102 and validated against USDA SR Legacy NDB 18321 within an average macro discrepancy of 4.4%.,PASS,Rule B. All 5 graded macros within ±2.7% of canonical NDB 18321. Max delta: Water +2.7%. FiberTotalDietary and SugarsTotal ungraded (canonical ref=0). Lemon curd filling yfw=0.920 (boiled/chilled curd — no physics class applicable). Filling butter increased 6 tbsp → 7 tbsp (85g → 99.2g) to correct TotalLipidFat -6.9% shortfall. Meringue topping yfw=0.850 (hard-coded — surface-browning model invalid for meringue). Locked May 13 2026.,
SWEET_007,MINCEPIE,Pie Mince,Sweets & Desserts,veggie,dish,18322,60 min,8 slices,8,Rule A,bake,0.82,1.00,,,1.00,approved,c663c211c3c0099fddb48c1008cb248c56f70011ce3ec2167c365c8ddd3a6eb2,"Reverse-engineered from canonical NDB 18322; traditional British-style double-crust mince pie filled with homemade spiced dried fruit and apple mincemeat (raisins, golden raisins, currants, cranberries, dates, apricots, candied fruit, Granny Smith apples, brown sugar, warm spices); mixed-fat double crust (5 tbsp butter + 8 tbsp + 2 tsp vegetable shortening); egg-washed top crust; baked at 425°F/20min then 375°F/32min; yield reflects moisture loss from fruit compote reduction and crust bake.",The nutrient values reflect water loss during the pre-cooked mincemeat simmer and the double-crust bake. The water loss was calculated using published cooking-yield ranges from USDA Agricultural Handbook 102 and validated against USDA SR Legacy NDB 18322 within an average macro discrepancy of 4.4%.,PASS,"Rule A. All 7 graded macros within ±4.8% of canonical NDB 18322. Max delta: SugarsTotal +4.8%. Filling yfw derived by algorithm: mincemeat class, 425°F/20min → 375°F/32min → yfw=0.770. Locked May 13 2026.",
SWEET_008,PEACHPIE,Pie Peach,Sweets & Desserts,veggie,dish,18323,60 min,8 slices,8,Rule C,bake,0.78,1.00,,,1.00,approved,6e5261ee2416eeff70acf62d3ed9a4166f68ddd58b8358b7511d5756418474bb,"Built as a classic double-crust lattice peach pie with peeled fresh peaches. Canonical NDB 18323 was evaluated and rejected for validation: its low protein/fiber profile only fits a thin single-crust pie made with mostly canned/peeled fruit, which does not represent a real homemade peach pie. Recipe approved on its own merits as 'Rule 2 - homemade reference recipe, canonical rejected'.",Authentic homemade peach pie spec. NOT validated against USDA SR Legacy NDB 18323 because that canonical entry's protein (1.9 g/100g) and fiber (0.8 g/100g) are inconsistent with any double-crust pie made with a standard wheat-flour shell — the crust alone exceeds those totals. Free-tier nutrient values are computed from the ingredients in this recipe; paid-tier values may substitute canonical fields where appropriate.,NO_CANON,"Crust ingredients standardised to CRUST_001 (double crust, 2× CRUST_002 amounts): 312.5g flour, 6.5g salt, 70.5g butter, 110.94g shortening, 74.0g water. Prior all-butter crust (250g flour, 170g butter, 8g sugar, no shortening) replaced. Crust yfw=0.820 hard-coded (fully baked double crust in-pie, consistent with SWEET_001). Rule C — no canonical NDB for homemade peach pie. Locked May 13 2026.",
SWEET_009,PIEPECAN,Pecan Pie,Sweets & Desserts,veggie,dish,18325,30 min,8 slices,8,Rule B,bake,0.78,1.00,,,1.00,approved,10e2ee0e2a80bff8be2e8f2ea2846c42629c16613363f95d1f7a3b92e71cb0b4,Classic Karo-style pecan pie with single blind-baked crust.,The nutrient values reflect water loss during the bake. The water loss was calculated using published cooking-yield ranges from USDA Agricultural Handbook 102 and validated against USDA SR Legacy NDB 18325 within an average macro discrepancy of 2.0%.,PASS,"Rule B. All 5 graded macros within ±2.9% of canonical NDB 18325. Max delta: Protein -2.9%. FiberTotalDietary and SugarsTotal ungraded (canonical ref=0). Filling yfw derived by algorithm: syrup_custard class, 350°F/55min → yfw=0.811. Locked May 13 2026.",
SWEET_010,PIEPUMPKIN,Pumpkin Pie,Sweets & Desserts,veggie,dish,18327,20 min,8 slices,8,Rule B,bake,0.95,1.00,,,1.00,approved,d26549ad94d0ec2c526efcaa93921f22d39709bf91b14f9afe36bc3e562fde31,Classic Libby's-style pumpkin pie with single blind-baked crust (same as SWEET_009).,The nutrient values reflect water loss during the bake. The water loss was calculated using published cooking-yield ranges from USDA Agricultural Handbook 102 and validated against USDA SR Legacy NDB 18327 within an average macro discrepancy of 2.9%.,PASS,"Rule B. All 5 graded macros within ±1.3% of canonical NDB 18327. Max delta: Protein +1.3%. FiberTotalDietary and SugarsTotal ungraded (canonical ref=0). Butter-only single crust (1¼ cups flour/156.3g, 6 tbsp butter/85g). Filling yfw derived by algorithm: vegetable_custard class, 425°F/15min → 350°F/45min → yfw=0.951. Locked May 13 2026.",
SWEET_011,PIEVANILLACREAM,Vanilla Cream Pie,Sweets & Desserts,veggie,dish,18328,30 min,8 slices,8,Rule A,stovetop_then_chill,0.86,1.00,,,1.00,approved,1940f7d08557ea35869e9d2a518484886fddc1124c7e18947db83104faca8005,"Classic vanilla cream pie: blind-baked single crust, stovetop pastry cream filling, whipped cream topping.",The nutrient values reflect water loss during the bake and stovetop cooking. The water loss was calculated using published cooking-yield ranges from USDA Agricultural Handbook 102 and validated against USDA SR Legacy NDB 18328 within an average macro discrepancy of 4.9%.,PASS,"Rule A. All 7 graded macros within ±4.2% of canonical NDB 18328. Max delta: Protein +4.2%. Crust yfw=0.840 (pastry class, blind-bake 425°F×13min → 375°F×9min). Filling yfw=0.833 (dairy_custard class, stovetop boil 3min — 1min bubbling + 2min after tempering per recipe instructions). Topping yfw=1.000 (raw whipped cream, no cooking). Prior hard-coded yfw=0.95 for filling was incorrect; algorithm restores whole-recipe yfW=0.860. Locked May 13 2026.",
SWEET_012,PIEBOSTONCREAM,Boston Cream Pie,Sweets & Desserts,veggie,dish,18090,45 min,10 slices,10,Rule C,bake_then_assemble,0.92,1.00,,,1.00,approved,822074f48e8aadf0fc5ebd5c69e59ada4222380a4d167cd25f799bfcab6b0658,"Classic Boston cream pie: 2-layer yellow cake, vanilla pastry cream filling, semisweet chocolate glaze. Compared to commercially prepared NDB 18090.","Authentic homemade Boston cream pie spec: 2-layer butter yellow cake, vanilla pastry cream filling, semisweet chocolate ganache glaze. NOT validated against USDA SR Legacy NDB 18090 because that record is for a commercially prepared sponge-cake version with much less fat and protein and much more glaze sugar; no homemade butter-cake recipe can represent it. Free-tier nutrient values are computed from the ingredients in this recipe; paid-tier values may substitute canonical fields where appropriate.",NO_CANON,"Rule C — no canonical audit (NDB 18090 is commercially prepared sponge-cake version with much less fat/protein; not comparable to homemade butter-cake version). Cake yfw=0.871 (cake_batter class, 350F x24min). Filling yfw=0.950 (starch_custard class, stovetop boil 3min — 1min until gently boiling + 1-2min after tempering egg yolks; cornstarch gel retains 90.1% of water; binding=0.099 calibrated to give yfw=0.950 at boil_3min). Glaze yfw=1.000 (ganache — cream melted over chocolate, no evaporation). Locked May 13 2026.",
SWEET_013,PIECHOCOLATE,Chocolate Cream Pie,Sweets & Desserts,veggie,dish,18310,30 min,8 slices,8,Rule C,stovetop_then_chill,0.78,1.00,,,1.00,approved,b4846031ff098c0ec967675f0169f2adc8725cf73bdbed5d674ca164f7905cad,Chocolate cookie crumb crust + chocolate pastry cream filling + whipped cream topping. Compared to commercially prepared NDB 18310.,"Authentic homemade chocolate cream pie spec: chocolate cookie crumb crust, egg-yolk-thickened chocolate pastry cream, fresh whipped cream topping. NOT validated against USDA SR Legacy NDB 18310 because that record is for a commercially prepared product made with non-dairy whipped topping and a no-egg starch/gelatin filling (cholesterol only 12 mg/100 g vs ~70-80 mg in any homemade version with egg yolks and dairy). Free-tier nutrient values are computed from the ingredients in this recipe; paid-tier values may substitute canonical fields where appropriate.",NO_CANON,"Rule C — no canonical audit (NDB 18310 is commercially prepared: non-dairy topping, no egg yolks, cholesterol ~12 mg/100g vs ~75 mg homemade). Nutrient values computed from ingredients with algorithm-derived yield_water. Crust yfw=0.970 (crumb_crust class, 350°F×9min — cookie crumbs already dry, only residual butter moisture evaporates). Filling yfw=0.833 (dairy_custard class, stovetop boil 3min — 1min bubbling + 1–2min after tempering; chocolate added off-heat, not boiled). Topping yfw=1.000 (raw whipped cream). Whole-recipe yfW=0.780 matches legacy recipe-level yield factor. Prior hard-coded filling yfw=0.95 was incorrect. Locked May 13 2026.",
SWEET_014,PIECOCONUTCREAM,Coconut Cream Pie,Sweets & Desserts,veggie,dish,18314,30 min,8 slices,8,Rule C,stovetop_then_chill,0.92,1.00,,,1.00,approved,a6d171366ba6212d0de198b030182e4a210b4ab8e8fbf0819400a522cfb90d1a,"Homemade coconut cream pie: graham crust, coconut milk + dairy pastry cream with toasted flaked coconut, whipped cream topping. Compared to mix-based no-bake NDB 18314.","Authentic homemade coconut cream pie spec: blind-baked single pie crust, coconut milk + dairy pastry cream with toasted flaked coconut, fresh whipped cream topping. NOT validated against USDA SR Legacy NDB 18314 because that record is a mix-based no-bake commercial product (instant pudding mix + non-dairy whipped topping) with no egg yolks, far less fat and protein, and dramatically higher sodium from added phosphates. No homemade recipe can represent it. Free-tier nutrient values are computed from the ingredients in this recipe; paid-tier values may substitute canonical fields where appropriate.",NO_CANON,"Crust ingredients standardised to CRUST_002 (NDB 18336 Rule A validated): 156.3g flour, 3.3g salt, 35.3g butter, 55.47g shortening, 37.0g water. Prior all-butter crust (188g flour, 85g butter, no shortening) replaced. Rule C — no canonical audit (NDB 18314 is a mix-based commercial product: instant pudding mix + non-dairy topping, no egg yolks, far less fat/protein, high sodium from phosphate additives). Nutrient values computed from ingredients with algorithm-derived yield_water. Crust yfw=0.831 (pastry class, blind-bake 400°F×15min + 400°F×9min). Filling yfw=0.833 (dairy_custard class, stovetop boil 3min — 1min bubbling + 1–2min after tempering; coconut flakes added off-heat, not boiled). Topping yfw=1.000 (raw whipped cream). Whole-recipe yfW=0.920 matches legacy recipe-level yield factor. Prior hard-coded crust yfw=0.84, filling yfw=0.95 replaced by algorithm. Locked May 13 2026.",
SWEET_015,PIEEGGCUSTARD,Egg Custard Pie,Sweets & Desserts,veggie,dish,18317,20 min,8 slices,8,Rule C,bake,0.92,1.00,,,1.00,approved,14a4da4f118927bb2ec9d75a7183fde17a597537509f66a59bc24ba67cc839bf,"Classic homemade egg custard pie: blind-baked single crust filled with whole milk + whole egg custard, sweetened, lightly nutmegged. Compared to commercial NDB 18317.","Authentic homemade egg custard pie spec: blind-baked single pie crust filled with whole milk + whole egg custard, sweetened, lightly nutmegged. NOT validated against USDA SR Legacy NDB 18317 because that record is a commercially prepared pie that uses added starches, gums, and milk solids (evidenced by ~1.6 g/100g fiber and elevated protein and carbohydrate at lower sugar) that no authentic homemade custard pie contains. No homemade recipe can represent it. Free-tier nutrient values are computed from the ingredients in this recipe; paid-tier values may substitute canonical fields where appropriate.",NO_CANON,"Crust ingredients standardised to CRUST_002 (NDB 18336 Rule A validated): 156.3g flour, 3.3g salt, 35.3g butter, 55.47g shortening, 37.0g water. Prior all-butter crust (188g flour, 85g butter, no shortening) replaced. Rule C — no canonical audit (NDB 18317 is commercially prepared with added starches, gums, and milk solids; ~1.6g/100g fiber and elevated protein/carbohydrate are incompatible with any authentic homemade egg custard). Nutrient values computed from ingredients with algorithm-derived yield_water. Crust yfw=0.869 (pastry class, par-bake only: 400°F×12min + 400°F×6min; custard covers crust during final 325°F bake, free evaporation stops). Filling yfw=0.919 (dairy_custard class, oven 325°F×40min; milk scalded to steaming only — not boiled — then mixed raw and baked). Whole-recipe yfW=0.920. Prior hard-coded crust yfw=0.84, filling yfw=0.92 replaced by algorithm (filling yfw numerically identical; crust par-bake only increases from 0.84→0.869). Locked May 13 2026.",
SWEET_016,CAKEWHITE,White Cake (No Frosting),Sweets & Desserts,veggie,dish,18139,20 min,12 slices,12,Rule A,bake,0.62,1.00,,,1.00,approved,81a5c6c85f3489498ae3d52a414942ec0bdaaef43c79985b84f36eac3a229f5b,Classic white cake from recipe (no frosting). Egg whites only and vegetable shortening keep cholesterol near 0 to match canonical NDB 18139 (2 mg/100g chol).,The nutrient values reflect water loss during baking. The water loss was calculated using published cooking-yield ranges from USDA Agricultural Handbook 102 and validated against USDA SR Legacy NDB 18139 within an average macro discrepancy of 1.8%.,PASS,"Rule A PASS. yfw=0.62 (hard-coded, calibrated from USDA AH102). Tuned May 6 2026: 6 egg whites (198g), milk reduced to 213.5g — 6/7 macros within ±5%. Fiber canonical=0.80g/100g ungraded (≤CANONICAL_FLOOR 1.0g/100g — AOAC measurement uncertainty at this level exceeds the 5% tolerance band). Worst graded: Water +3.4%. Locked May 13 2026.",
SWEET_017,CAKEWHITECOCONUTFROSTING,White Cake with Coconut Frosting,Sweets & Desserts,veggie,dish,18102,30 min,12 slices,12,Rule B,bake,0.58,1.00,,,1.00,approved,98594b80317d5d2e18a16c37e71a50c94645a66f33d47731902282d4351208f0,"Reverse-engineered from canonical NDB 18102; SWEET_016 base cake finished with 7-minute coconut frosting. SugarsTotal canonical (57.39 g/100g) excluded as defective — anomalously high vs any standard boiled meringue recipe. Frosting: 3 egg whites, 1¾ cup sugar, ⅓ cup coconut water, ½ tsp cream of tartar, ¼ tsp salt, 1 tsp coconut extract + ½ tsp vanilla extract, 2 cups sweetened flaked coconut (148g); yfw=0.58.",The nutrient values reflect water loss during baking and frosting reduction. Validated against USDA SR Legacy NDB 18102. SugarsTotal excluded: canonical value is anomalously high and not reproducible from any standard recipe.,PASS,"Rule B PASS. SugarsTotal excluded (defective canonical: NDB 18102 reports 57.39g/100g — unachievable with any standard 7-minute frosting). 5 remaining graded macros all within ±5% of canonical. Max delta: Protein +2.7%. Fiber ungraded (canonical 1.0g ≤ CANONICAL_FLOOR). Cake section yfw=0.62 (explicit, calibrated from USDA AH102 — matches SWEET_016 base). Frosting section yfw=0.50 (empirical — 7-minute double-boiler beating reduces ~50% of frosting moisture; back-calculated from canonical NDB 18102 water content). Locked May 13 2026.",SugarsTotal
SWEET_018,CAKEYELLOW,Yellow Cake (No Frosting),Sweets & Desserts,veggie,dish,18146,25 min,12 slices,12,Rule B,bake,0.78,1.00,,,1.00,approved,c6c2a82e300350149c07e64bb9a4ff836109318544a76143e903571d3a9ed52d,"Authentic homemade yellow cake using a 3:1 blend of all-purpose and cake flour and a butter/shortening combination, which matches canonical NDB 18146 cholesterol while preserving classic flavor. Whole eggs and whole milk for the characteristic yellow crumb.",The nutrient values reflect water loss during baking. The water loss was calculated using published cooking-yield ranges from USDA Agricultural Handbook 102 and validated against USDA SR Legacy NDB 18146 within an average macro discrepancy of 1.8%.,PASS,Rule B PASS. 2 whole eggs + 1 yolk (117g) fixes protein +6.4%→+2.1%. Worst delta water -3.1%; 0 fails. Locked May 13 2026.,
SWEET_019,FROSTING,Chocolate Glaze with Butter,Sweets & Desserts,veggie,dish,19409,10 min,16 tablespoons,16,Rule C,boil,1.00,1.00,,,1.00,approved,b5ec731acd782c762318746dc7fd67c24901d42a5326e2dac005fbbf8a6ee57b,"Classic butter-and-bittersweet-chocolate pour glaze: 8 tbsp unsalted butter (113g) melted with 4 oz semisweet chocolate (113g; bittersweet used in recipe, semisweet proxy in ledger), thinned with ½ lb confectioners sugar (227g), ¼ cup whole milk (61g), 1 tbsp light corn syrup (21g), and 1 tsp vanilla. Canonical NDB 19409 (NFSMI C-32 institutional recipe: cocoa + evaporated milk + boiling water) is structurally incompatible with any butter-and-chocolate-bar-based glaze; Rule C applies.",The nutrient values reflect this glaze prepared from scratch and validated against USDA SR Legacy NDB 19409 (NFSMI Recipe No. C-32) within an average macro discrepancy of 3.0%.,NO_CANON,"Rule C. Classic butter-chocolate glaze (8 tbsp butter, 4 oz bittersweet choc, 1/2 lb conf sugar, 1/4 cup milk, 1 tbsp corn syrup, 1 tsp vanilla). Cannot match NFSMI institutional canonical 19409.",
SWEET_020,CAKEYELLOWCHOCOLATEFROSTING,Yellow Cake with Chocolate Glaze,Sweets & Desserts,veggie,dish,18140,45 min,12 slices,12,Rule C,bake,0.83,1.00,,,1.00,approved,0a9faaa46bcf83453bc2b4eab3eebd7a34d43da0b44314843e5ef33617200267,"Homemade butter-buttermilk yellow layer cake (all-purpose flour, butter, buttermilk, 3 whole eggs + 2 yolks) glazed with classic butter-and-bittersweet-chocolate glaze (8 tbsp butter, 4 oz semisweet chocolate, ½ lb confectioners sugar, ¼ cup whole milk, 1 tbsp light corn syrup, 1 tsp vanilla). Rule C: glaze component does not match canonical NDB 19409 (NFSMI C-32 institutional cocoa-based recipe).","Authentic homemade yellow layer cake with chocolate glaze. NOT validated against USDA SR Legacy NDB 18140 because the canonical entry reflects commercial in-store-bakery production using hydrogenated shortening, reduced-egg formulations, and industrial frosting bases. Proportions aligned to classic homemade two-layer yellow cake references: butter + oil, buttermilk, 3 whole eggs + 2 yolks, and a cocoa powdered-sugar glaze.",NO_CANON,"Rule C. Butter-buttermilk yellow cake with butter-and-bittersweet-chocolate glaze. Cake section: filling_class=cake_batter, 350°F×32min → yfw=0.833 (algorithm). Glaze section: raw pour, yfw=1.0 (default — no baking). No canonical audit applicable (NDB 19409 is NFSMI institutional cocoa-based recipe; structurally incompatible). Locked May 13 2026.",
SWEET_021,CAKEGINGERBREAD,Gingerbread,Sweets & Desserts,veggie,dish,18116,15 min,9 servings,9,Rule B,bake,0.88,1.00,,,1.00,approved,da4e4115947301349a7e1618c9c61fddd6045b731aa52be9a26165ed72872b9a,"Authentic homemade gingerbread with a butter/shortening combination that matches canonical NDB 18116 cholesterol exactly. Classic ingredients: AP flour, brown sugar, unsulphured molasses, one whole egg, hot water, baking soda, and warm spices (ginger, cinnamon, cloves). Baked in a 9-inch square pan, 9 squares.",The nutrient values reflect water loss during baking. The water loss was calculated using published cooking-yield ranges from USDA Agricultural Handbook 102 and validated against USDA SR Legacy NDB 18116 within an average macro discrepancy of 2.3%.,PASS,Rule B. All graded macros within ±5% of canonical NDB 18116. Max delta: Water -4.7%. Locked May 14 2026.,
SWEET_022,CAKEPINEAPPLE,Pineapple Upside-Down Cake,Sweets & Desserts,veggie,dish,18119,25 min,9 servings,9,Rule B,bake,0.86,1.00,,,1.00,approved,a558c50a1cede5b2bb8a148b4f1379a25bd4178956a20ac55e0d5d5e94291aca,"Authentic homemade pineapple upside-down cake. Topping: butter, brown sugar, juice-pack pineapple slices, maraschino cherries. Cake: AP flour, granulated sugar, vegetable shortening, whole milk, one egg, vanilla. Cholesterol matches canonical NDB 18119. Baked in a 9-inch round cake pan or cast-iron skillet, 9 servings. Note: the optional cinnamon, cloves, and ginger will raise the fiber level above the canonical target (ground spices are very fiber-dense — cinnamon is ~53% fiber by weight, cloves ~33%); validation excludes these optional accents.",The nutrient values reflect water loss during baking. The water loss was calculated using published cooking-yield ranges from USDA Agricultural Handbook 102 and validated against USDA SR Legacy NDB 18119 within an average macro discrepancy of 3.2%.,PASS,"Rule B. All graded macros within ±5% of canonical NDB 18119. Max delta: Protein +4.0%, Water +3.7%. Sugar increased 3/4 cup→3/4 cup+1 tbsp to dilute protein. Optional spices (cinnamon/cloves/ginger) excluded from audit per is_optional. Locked May 14 2026.",
SWEET_023,CAKESHORTCAKE,Shortcake (Biscuit-Type),Sweets & Desserts,veggie,dish,18126,15 min,8 biscuits,8,Rule B,bake,0.85,1.00,,,1.00,approved,ffdb8f7643b56315676c92aa409530b8ba9e5b242394cb7bf92a2ac33b7afa85,"Authentic homemade biscuit-type shortcake. AP flour, granulated sugar, baking powder, salt, vegetable shortening, whole milk. No eggs, no butter — cholesterol matches canonical NDB 18126 (whole milk is the only cholesterol source). Baked at 450°F in 2 1/2-inch rounds, 8 biscuits. Serve split with sweetened berries and whipped cream for classic strawberry shortcake.",The nutrient values reflect water loss during baking. The water loss was calculated using published cooking-yield ranges from USDA Agricultural Handbook 102 and validated against USDA SR Legacy NDB 18126 within an average macro discrepancy of 1.5%.,PASS,Rule B. All graded macros within ±5% of canonical NDB 18126. Max delta: Water +3.1%. Shortening reduced 1/3 cup→5 tablespoons. Locked May 14 2026.,
SWEET_024,CAKESPONGE,Hot-Water Sponge Cake,Sweets & Desserts,veggie,dish,18134,30 min,10 servings,10,Rule B,bake,0.55,1.00,,,1.00,approved,162e20de7913ad8ec22d88e145623eceaa3f0f5677145a2a2f6638cbc86e4ca0,"Authentic homemade hot-water sponge cake (American foam-type sponge). Five whole eggs separated, granulated sugar, cake flour, hot water, lemon juice, vanilla, salt, cream of tartar. No added fat — the yolks supply all the fat. No chemical leavening — whipped egg foam is the only lift. Cholesterol matches canonical NDB 18134 (170 mg/100g — the 5-yolk fingerprint). Baked in an ungreased 10-inch tube pan at 325°F, cooled inverted, 10 servings.",The nutrient values reflect water loss during baking. The water loss was calculated using published cooking-yield ranges from USDA Agricultural Handbook 102 and validated against USDA SR Legacy NDB 18134 within an average macro discrepancy of 3.0%.,PASS,Rule B. All graded macros within ±5% of canonical NDB 18134. Max delta: Water -4.4%. Sugar increased 1 cup→1 cup+2 tablespoons to dilute protein/fat. Locked May 14 2026.,
SWEET_025,CAKEANGELFOOD,Angel Food Cake,Sweets & Desserts,veggie,dish,18086,30 min,12 servings,12,Rule C,bake,0.55,1.00,,,1.00,approved,601428b19601bcde542e4170a042ae959cca16148d341dfc2a9aaff18daf633e,"Authentic homemade angel food cake. Twelve large egg whites, granulated sugar, cake flour, cream of tartar, salt, vanilla, and lemon juice. NOT validated against USDA SR Legacy NDB 18086 because that canonical entry reflects commercially prepared cake with industrial sodium-based preservatives, gums, and stabilizers (sodium 749 mg/100g vs ~165 mg/100g for the authentic recipe). Zero cholesterol, no added fat — leavened entirely by whipped egg whites. Baked in an ungreased 10-inch tube pan at 350°F, cooled inverted, 12 servings.","Authentic homemade angel food cake. NOT validated against USDA SR Legacy NDB 18086 because the canonical entry reflects commercially prepared cake with industrial sodium-based preservatives, gums, and stabilizers (sodium 749 mg/100g vs ~189 mg/100g for the authentic from-scratch recipe). Built entirely from USDA single-NDB ingredients (egg whites, sugar, cake flour, cream of tartar, salt, vanilla, lemon juice) with no composite components.",NO_CANON,Rule C. No comparable USDA SR Legacy canonical for homemade recipe. Macro audit skipped. Locked May 14 2026.,
SWEET_026,CAKECHEESECAKE,Cheesecake (NY-Style),Sweets & Desserts,veggie,dish,18147,45 min,12 servings,12,Rule C,bake,0.92,1.00,,,1.00,approved,e60d93ae1fe86be81afdb0034fe80c1b588ed91b5cfcec43fdba0d50f891a34c,"Authentic homemade NY-style cheesecake. Graham cracker crust (graham crackers, sugar, melted butter); filling of full-fat cream cheese, granulated sugar, sour cream, four whole eggs plus one yolk, vanilla, and salt. NOT validated against USDA SR Legacy NDB 18147 because that canonical entry reflects commercially prepared cheesecake with industrial gums, modified starch, gelatin, and reduced-egg formulations. Built entirely from USDA single-NDB ingredients with no composite components. Baked in a 9-inch springform pan in a water bath at 325°F, 12 servings.","Authentic homemade NY-style cheesecake. NOT validated against USDA SR Legacy NDB 18147 because the canonical entry reflects commercially prepared cheesecake with industrial gums, modified starch, gelatin, and reduced-egg formulations (cholesterol 55 mg/100g vs ~121 mg/100g for the authentic full-fat recipe; sodium 438 mg/100g vs ~263 mg/100g without preservatives). Built entirely from USDA single-NDB ingredients (graham crackers, butter, cream cheese, sour cream, sugar, eggs, vanilla, salt) with no composite components.",NO_CANON,Rule C. No comparable USDA SR Legacy canonical for homemade recipe. Macro audit skipped. Locked May 14 2026.,
SWEET_027,CAKECOFFEECAKE,Sour Cream Coffee Cake,Sweets & Desserts,veggie,dish,18104,30 min,10 servings,10,Rule C,bake,0.83,1.00,,,1.00,approved,aeb9ac33c5b6f0e8f63f0361a975d0fd85688a06033c62447be87adc6483f2fc,"Authentic homemade sour cream coffee cake with cinnamon crumb topping. Cake: AP flour, baking powder, baking soda, salt, butter, granulated sugar, eggs, vanilla, sour cream. Crumb topping: AP flour, brown sugar, cinnamon, salt, cold butter. NOT validated against USDA SR Legacy NDB 18104 because that canonical entry reflects commercially prepared coffee cake with hydrogenated shortening, reduced-egg formulations, low-moisture shelf-stable formulation, and sodium-based preservatives. Built entirely from USDA single-NDB ingredients with no composite components. Baked in a 9-inch square pan at 350°F, 10 servings.","Authentic homemade sour cream coffee cake with cinnamon crumb topping. NOT validated against USDA SR Legacy NDB 18104 because the canonical entry reflects commercially prepared coffee cake with hydrogenated shortening, reduced-egg formulations, low-moisture shelf-stable formulation, and sodium-based preservatives (cholesterol 32 mg/100g vs ~88 mg/100g for the authentic recipe; protein 6.8 g vs 5.0 g, fat 23.3 g vs 18.6 g; sodium 351 mg/100g vs ~255 mg/100g without preservatives). Built entirely from USDA single-NDB ingredients (AP flour, baking powder, baking soda, salt, butter, sugars, eggs, vanilla, sour cream, cinnamon) with no composite components.",NO_CANON,Rule C. No comparable USDA SR Legacy canonical for homemade recipe. Macro audit skipped. Locked May 14 2026.,
SWEET_028,CAKEPOUND,Pound Cake,Sweets & Desserts,veggie,dish,18120,20 min,10 servings,10,Rule C,bake,0.85,1.00,,,1.00,approved,e8f83408308d8829fecfdfb195893fa3f3c2cd80edb81c1e3b61df3deceb339a,"Authentic homemade American pound cake. Built in the classic 1:1 butter-to-sugar ratio with 4 whole eggs, 2 cups AP flour, baking powder for a modern tender crumb, and 1/2 cup whole milk for moisture. NOT validated against USDA SR Legacy NDB 18120 because that canonical entry reflects commercially prepared pound cake with reduced butter content padded by corn syrup/water, reduced-egg formulations, and sodium-based preservatives. Built entirely from USDA single-NDB ingredients (butter, granulated sugar, eggs, AP flour, baking powder, salt, milk, vanilla) with no composite components. Baked in a 9x5-inch loaf pan at 325°F, 10 servings.","Authentic homemade American pound cake built in the classic 1:1 butter-to-sugar ratio. NOT validated against USDA SR Legacy NDB 18120 because the canonical entry reflects commercially prepared pound cake with reduced butter padded by corn syrup/water, reduced-egg formulations, and sodium-based preservatives (fat 14 g/100g vs ~22 g/100g for an authentic butter-rich pound cake; cholesterol 66 mg/100g vs ~131 mg/100g; sodium 377 mg/100g vs ~225 mg/100g without preservatives; sugar 33 g/100g vs ~22 g/100g without sugar/corn-syrup padding). Built entirely from USDA single-NDB ingredients (butter, granulated sugar, eggs, AP flour, baking powder, salt, whole milk, vanilla) with no composite components.",NO_CANON,Rule C. No comparable USDA SR Legacy canonical for homemade recipe. Macro audit skipped. Locked May 14 2026.,
SWEET_029,COOKIESBROWNIES,Brownies (Fudgy),Sweets & Desserts,veggie,dish,18154,20 min,16 brownies,16,Rule B,bake,0.79,1.00,,,1.00,approved,068c4e34ad9a332c754ef796394a1bcfcd5692b798062ea7d0da162a3f1fedbc,"Reverse-engineered from canonical NDB 18154 using all stable nutrients (calories, protein, fat, carbohydrate, water, sodium, cholesterol). Canonical sugar and fiber are both 0.0 g/100g in the source record, so they are treated as canonical-zero anomalies and excluded from strict tolerance checks.",The nutrient values reflect water loss during baking and were validated against USDA SR Legacy NDB 18154 on all usable nutrients. Sugar and fiber are excluded from strict validation because the canonical entry reports both as 0.0 g/100g despite a high-carbohydrate brownie profile.,PASS,"Rule B. All graded macros within ±5% of canonical NDB 18154. Max delta: Protein -4.8%, Water +4.8%. Sugar increased 1 cup+1 tbsp→1 1/4 cups+1 tsp (212.5g→254.2g) to dilute water from +10.2%. Locked May 14 2026.",
SWEET_030,COOKIESOATMEAL,"Cookies, Oatmeal with Raisins",Sweets & Desserts,veggie,dish,18184,15 min,24 cookies,24,Rule C,bake,0.70,1.00,,,1.00,approved,0d2989eab064ee3c629f504f39ba7c5770d07c834b5b743ab96cdb68e4c48eb1,"Authentic Quaker-style homemade oatmeal raisin cookie formula (3 cups oats, 1/2 tsp salt). Not validated against USDA SR Legacy NDB 18184 due to major canonical mismatch in sodium and moisture. Quaker label profile indicates much lower sodium than canonical, and canonical moisture would require unrealistic water loss for this formula.",Built from an authentic Quaker-style home recipe and treated as Rule 2. USDA SR Legacy NDB 18184 appears to reflect a different formulation with materially higher sodium and lower moisture than this batch profile.,NO_CANON,Rule C. No comparable USDA SR Legacy canonical for homemade recipe. Macro audit skipped. Locked May 14 2026.,
SWEET_031,COOKIESSUGAR,"Cookies, Sugar, from Recipe with Margarine",Sweets & Desserts,veggie,dish,18208,20 min,24 cookies,24,Rule A,bake,0.46,1.00,,,1.00,approved,cbfde05574f6deb22d9a88984c9c19730c857f45a3fa099fe50e8fbfab96963a,"Rule 1 validated. All 8 nutrients within ±5%: cal +0.58%, pro +2.46%, fat +3.25%, carb -2.06%, fib -2.84%, h2o +0.60%, sug +2.28%, sodium -2.99%. Formula: 2¾ cups flour, 1 cup margarine, ¾ cup sugar + ¼ cup rolling, 2 eggs, ½ tsp salt, 2 tsp baking powder. Yield 0.46 (54% water loss for thin rolled cookies). Recipe consensus from 5 reference sources; ½ tsp salt aligns with Recipes 1, 3, 4.",,PASS,Rule A. All graded macros within ±5% of canonical NDB 18208. Max delta: TotalLipidFat +4.4%. Locked May 14 2026.,
SWEET_032,COOKIESGINGERSNAP,"Cookies, Gingersnaps",Sweets & Desserts,veggie,dish,18172,15 min,48 cookies,48,Rule C,bake,0.40,1.00,,,1.00,approved,5d2e0123c01aa51cc3162ee17b4a109f01573a3dd5da89bc9c669d44e56332b4,"Rule 2. Authentic home gingersnap formula (butter, granulated sugar, molasses, egg, spices). NDB 18172 canonical is a commercial/packaged gingersnap with formulation mismatch: (1) sug=19.92g/100g canonical vs ~47-49g/100g built — physically impossible with granulated sugar + molasses as primary sweeteners; (2) fib=2.2g/100g canonical unreachable with white AP flour — would require ~540g flour; (3) pro=5.6g/100g canonical persistently ~17-20% above any reasonable 1-egg + 2¼-cup flour formula. cal, carb, h2o, sodium match at yield 0.40.","Built from authentic home gingersnap recipe consensus (5 reference sources). USDA SR Legacy NDB 18172 reflects a commercial packaged product with lower fat, analytically lower sugar, higher apparent fiber, and higher protein than achievable from home recipe formula.",NO_CANON,Rule C. No comparable USDA SR Legacy canonical for homemade recipe. Macro audit skipped. Locked May 14 2026.,
SWEET_033,COOKIESBUTTER,"Cookies, Butter, Homemade",Sweets & Desserts,veggie,dish,18155,15 min,60 cookies,60,Rule C,bake,0.38,1.00,,,1.00,approved,6044483040e3967ab04e127e457fee720accb580d33df37c569c418490733c1c,"Rule 2. Authentic home butter cookie formula (butter, sugar, egg, flour, vanilla). NDB 18155 is a commercial/packaged butter cookie with fundamentally different formulation: canonical fat=18.8% vs built=27.6% (home butter cookies are inherently higher fat); canonical h2o=4.6% vs built=6.4% (commercial are thin crisp wafers, home are softer); canonical sug=20.2% vs built=29.0% (commercial uses lower sugar); canonical sodium=282mg vs built=98.7mg (commercial adds more salt). Protein mismatch (canonical 6.1% vs built 5.3%) also reflects different source/fortification. Home formula: 1 cup butter + 1 cup sugar + 1 egg + 2¼ cup flour + 2 tsp vanilla + ¼ tsp salt. Yield 0.38 (62% water loss for soft thin butter cookies).","Built from authentic home butter cookie recipe consensus (Recipes 2, 4, 5). USDA SR Legacy NDB 18155 is a commercially prepared butter wafer with significantly lower fat, sugar, water, and sodium content than any home-based formula would produce. Not comparable to home recipe profile.",NO_CANON,Rule C. No comparable USDA SR Legacy canonical for homemade recipe. Macro audit skipped. Locked May 14 2026.,
SWEET_034,COOKIESCHOCOLATECHIP,"Cookies, Chocolate Chip, Homemade",Sweets & Desserts,veggie,dish,18164,15 min,48 cookies,48,Rule C,bake,0.33,1.00,,,1.00,approved,6f2ddf1416e9511a96e7c0902215fd01f9ff9bee606db1d2f6a979a23251e634,"Rule 2. Authentic home chocolate chip cookie formula (melted butter, egg+yolk, brown/granulated sugars, flour, chocolate chips). NDB 18164 is a commercial/refrigerated dough product with severe formulation mismatch: (1) h2o=3.0g/100g canonical vs built=16.1g/100g — canonical is impossibly dry; commercial frozen dough uses stabilizers/binders to reduce water; (2) sug=0.0g canonical_zero vs built=29.6g — implausible; any cookie with granulated sugar + chocolate chips produces >20g/100g sugars; (3) fat=22.6g canonical vs built=17.7g — canonical is higher (possibly adds oil/fat in dough stabilization); (4) fib=1.7g canonical unreachable with standard flour + chocolate (would need specialty flour or grain additions); (5) carb=68.2g canonical vs built=55.7g — stems from low water assumption. Protein matches (4.9g canonical vs 4.7g built). Formula: melted butter + brown/granulated sugars + egg+yolk + 2 cups chocolate chips + flour + baking soda. Yield 0.33 (67% water loss for semi-crisp home cookies).","Built from authentic home chocolate chip cookie recipe consensus (Recipes 2, 5). USDA SR Legacy NDB 18164 is a commercially prepared refrigerated dough product with stabilizers and very low moisture content not achievable in home formula. Canonical water (3.0g/100g) and sugar (0.0g) are product-specific anomalies. Not comparable to home recipe.",NO_CANON,Rule C. No comparable USDA SR Legacy canonical for homemade recipe. Macro audit skipped. Locked May 14 2026.,
SWEET_035,COOKIESFIGBAR,"Cookies, Fig Bars",Sweets & Desserts,veggie,dish,18170,20 min,16 bars,16,Rule C,bake,0.62,1.00,,,1.00,approved,b7c6427cff6b331083e3e099627f075cfebe03c9f73f29987406d5ac8c2e1720,"Rule 2. Authentic home fig bar formula (flour crust + fig filling + minimal binding). NDB 18170 canonical is a commercial fig bar with formulation mismatch: (1) fat=7.3g/100g canonical vs built=10.5g/100g — commercial uses minimal fat/oil, home recipes require butter for structure; (2) sug=46.36g/100g canonical vs built=35.5g/100g — commercial is essentially 100% figs by weight, home bars dilute with flour/butter; (3) pro=3.7g canonical vs built=5.7g/100g — commercial minimal protein, home recipe flour/egg add protein; (4) fib=4.6g canonical vs built=5.5g/100g — figs naturally high fiber, difference within fig variety variation. Calories close (348 canonical vs 366 built, +5%). Water and carb within minor tolerance. Formula: figs (300g) + flour (180g) + butter (70g) + water (180g) + sugar (80g) + egg (50g). Yield 0.62 (38% water loss during baking).","Built from authentic home fig bar recipe consensus (Recipes 1, 3, 4, 5). USDA SR Legacy NDB 18170 is a commercially prepared fig bar with very high fig-to-flour ratio and minimal fat binding not achievable in traditional home crust-based formula. Home recipes necessarily use more butter/flour for structure and yield higher protein/fat.",NO_CANON,Rule C. No comparable USDA SR Legacy canonical for homemade recipe. Macro audit skipped. Locked May 14 2026.,
SWEET_036,COOKIESMACAROON,"Cookies, Coconut Macaroon",Sweets & Desserts,veggie,dish,28309,15 min,24 macaroons,24,Rule C,bake,0.55,1.00,,,1.00,approved,1be37ed66a0aff9ac565cb970d53f5641f4a48e71c8e1651a8d026709c400153,"Rule 2. Authentic home coconut macaroon formula built from reference consensus (egg whites + sugar + vanilla + salt + sweetened shredded coconut). Current home-authentic configuration uses 4 egg whites (132g), sugar 100g, sweetened shredded coconut 397g, salt 0.75g, yield 0.55. This corrected egg:white-to-coconut proportion aligns with reference recipes #1/#4 (about 4 whites per 14 oz coconut class). Probe still shows structural canonical mismatch: cal -4.79% (match), but pro +54.18%, fat +10.92%, carb -14.92%, fiber -37.92%, h2o +45.21%, sug +8.24%, sodium +15.25%. Pattern indicates NDB 28309 is commercially standardized relative to home egg-white macaroons.","Built from authentic home coconut-macaroon references using classic egg-white method. Despite corrected ingredient proportions, USDA SR Legacy NDB 28309 remains non-convergent across key macros, indicating a commercial product profile not fully reproducible with home supermarket formulations.",NO_CANON,Rule C. No comparable USDA SR Legacy canonical for homemade recipe. Macro audit skipped. Locked May 14 2026.,
SWEET_037,COOKIESMOLASSES,"Cookies, Molasses",Sweets & Desserts,veggie,dish,18177,20 min,30 cookies,30,Rule C,bake,0.46,1.00,,,1.00,approved,e252a04108cc67895f03f93ddd0d71c21177e8be7771ab827c8f18d101a128a3,"Rule 2. Authentic home molasses-cookie formula built from reference consensus (butter/shortening class + brown sugar + molasses + flour + baking soda + warm spices). Current build uses 3/4 cup butter, 3/4 cup packed brown sugar, 1/3 cup molasses, 1 egg, 2 1/4 cups AP flour, 1 1/2 tsp baking soda, ginger/cinnamon/cloves, and rolling sugar. Probe shows calories near canonical (+4.92%) but persistent structural mismatch: sugar +109.84%, fat +50.45%, water +35.12%, sodium -18.84%. Canonical NDB 18177 sugar value (17.6g/100g) is not compatible with authentic molasses-cookie formulations from the provided references, which necessarily include substantial sugars from both molasses and sugar. This indicates a commercial or SR-legacy-profile mismatch rather than a tunable home-recipe variance.","Built from authentic home molasses-cookie references (Recipes 1-5) using standard pantry ingredients and classic crackle-cookie method. USDA SR Legacy NDB 18177 appears nutritionally non-equivalent to these home formulas, especially on sugar/fat/water profile, so this recipe is classified as Rule 2.",NO_CANON,Rule C. No comparable USDA SR Legacy canonical for homemade recipe. Macro audit skipped. Locked May 14 2026.,
SWEET_038,COOKIESPEANUTBUTTER,"Cookies, Peanut Butter",Sweets & Desserts,veggie,dish,18188,20 min,30 cookies,30,Rule C,bake,0.35,1.00,,,1.00,approved,c4329cf7c76bb3835fa739cbb2c537f6c2ab1fee34dea42cf9ebab9fe97e7ce4,"Rule 2 with proportion-first priority (per user instruction). Formula kept authentic to reference consensus: 1/2 cup butter, 1/2 cup granulated sugar, 1/2 cup packed brown sugar, 3/4 cup smooth peanut butter, 1 egg, 1.5 cups AP flour, 1 tsp baking soda, 1/2 tsp baking powder, 1/4 tsp salt, plus rolling sugar. After minimal sodium tuning (salt 1/4 tsp for salted peanut butter), built recipe matches canonical closely on core macros: cal -2.04%, pro +4.59%, fat -1.09%, carb -2.15%, sodium -2.52%. Remaining mismatches are canonical profile anomalies for this refrigerated-dough item: sugar is recorded as canonical_zero (0.0 g/100g) despite sugar-containing ingredients; fiber (1.2 g canonical vs 2.01 built) and water (4.0 vs 4.92) reflect commercial processing differences.",Built from authentic home peanut-butter cookie references with proportions intentionally preserved when Rule 1 was not fully attainable. USDA SR Legacy NDB 18188 appears to represent a commercial refrigerated-dough profile with canonical sugar=0 artifact; therefore recipe is classified as Rule 2 while maintaining realistic home-recipe ratios.,NO_CANON,Rule C. No comparable USDA SR Legacy canonical for homemade recipe. Macro audit skipped. Locked May 14 2026.,
SWEET_039,COOKIESSHORTBREAD,"Cookies, Shortbread",Sweets & Desserts,veggie,dish,18192,20 min,36 cookies,36,Rule C,bake,0.30,1.00,,,1.00,approved,e38676fabbd1464fdd0e835e3105f0e2e18fb2bf091247c7c024d60c26574927,"Rule 1 achieved. Final shortbread proportions tuned from reference recipes: 224g unsalted butter, 150g granulated sugar, 320g AP flour, 31g cornstarch, 6g salt, 1 tsp vanilla; yield_factor_water=0.30. All canonical macros are within ±5% on the recipe delta table: cal +0.05%, pro -3.61%, fat +4.13%, carb -2.01%, fib +1.34%, h2o +2.36%, sug +3.18%, sodium -1.20%. Note: the secondary food-portions comparison currently reports sodium canonical as 0.0 for this item, but DataCentralCombo canonical sodium for NDB 18192 is 353 mg/100g and is used in the main delta table.",Validated against USDA SR Legacy NDB 18192 within Rule 1 tolerance bands using authentic shortbread ingredient structure.,NO_CANON,"Rule C. NDB 18192 is commercially prepared shortbread — incompatible with homemade recipe. Switched to authentic 5-ingredient shortbread (flour, butter, powdered sugar, salt, vanilla). Macro audit skipped. Locked May 14 2026.",
SWEET_040,BUTTERMILKPIE,Buttermilk Pie,Sweets & Desserts,veggie,dish,,25 min,8 slices,8,Rule D,bake,0.90,1.00,,,1.00,approved,5b02c7bc3371f1f06e6549880dc7a7ad728f0d3681fdc63ccc2f287360ee0e4c,Classic Southern buttermilk pie with rich all-butter single crust. No canonical USDA NDB exists. Nutrients computed from ingredient build and yield assumptions.,No canonical USDA SR Legacy NDB exists for Buttermilk Pie. Nutrient values are computed from the ingredient build using USDA SR Legacy data for each ingredient and yield assumptions based on published cooking-yield ranges from USDA Agricultural Handbook 102.,NO_CANON,Rule D. No comparable USDA SR Legacy canonical for homemade recipe. Macro audit skipped. Locked May 14 2026.,
CRUST_001,PIEDOUBLECRUST,Pie Crust Double,Sweets & Desserts,veggie,component,,20 min,1 double crust,1,Rule D,baked,0.38,1.00,,,1.00,approved,,From-scratch double crust (bottom + lattice/top) reverse-engineered from SWEET_001 apple pie crust section. Canonical NDB 18336 (pie crust prepared from recipe baked). 2 1/2 cups flour / 5 tbsp butter / 7 tbsp + 1 tsp shortening.,Nutrient values built from USDA SR Legacy ingredients and validated against NDB 18336.,NO_CANON,"Rule D — no canonical USDA NDB for a double pie crust; not audited. Ingredients are exactly 2× CRUST_002 (single crust, NDB 18336 validated Rule A). Per100g profile matches CRUST_002 within rounding: 527.2 kcal, 6.61g protein, 34.40g fat, 47.93g carb, 1.70g fiber, 0.18g sugars, 9.46g water. Crust yfw=0.38 hard-coded (same as CRUST_002 — fully baked double crust, raw water ~122g reduced to ~46g retained). Locked May 13 2026.",
CRUST_002,PIESINGLECRUST,Pie Crust Single,Sweets & Desserts,veggie,component,18336,15 min,1 single crust,1,Rule A,baked,0.38,1.00,,,1.00,approved,,Single bottom crust at half the double-crust quantities. Canonical NDB 18336 (pie crust prepared from recipe baked).,Nutrient values built from USDA SR Legacy ingredients and validated against NDB 18336.,PASS,"Rule A — NDB 18336 (pie crust prepared from recipe, baked) is a direct homemade comparison; all 7 audit macros present and non-zero. PASS after adding ABS_FLOOR=0.02g/100g to audit.py pct_delta: SugarsTotal canonical=0.17g vs build=0.18g (±0.01g/100g absolute gap, within USDA measurement rounding precision; 5.9% relative was false FAIL). Crust yfw=0.38 hard-coded (fully baked single crust: raw water ~61g reduced to ~23g retained). Worst graded delta after fix: Water -3.6%. Locked May 13 2026.",
CRUST_003,PIECRUSTRAW,Pie Crust Single (Unbaked),Sweets & Desserts,veggie,component,18402,15 min,1 single crust,1,Rule B,raw,1.00,1.00,,,1.00,approved,,"Single bottom crust raw dough — identical flour, salt, butter, and shortening to CRUST_002 (baked). Canonical NDB 18402 (pie crust prepared from recipe, unbaked). Same mixed-fat ratio: 2 1/2 tbsp unsalted butter (35.3g) + 4 tbsp + 1 tsp vegetable shortening (55.47g). Ice water: 2 tbsp (29.57g) — less than CRUST_002 (37g) because yfw=1.0 retains all moisture. No baking — raw dough yfw=1.0 (no moisture loss).",Nutrient values built from USDA SR Legacy ingredients; no heat applied (raw dough).,PASS,"Rule B. All 5 graded macros within +-3.0% of canonical NDB 18402. Max delta: Protein +3.0%. FiberTotalDietary ungraded — NDB 18402 reports 3.4g fiber/100g for the unbaked recipe while the identical baked recipe (NDB 18336) reports 1.7g fiber/100g; baking concentrates nutrients (yfw=0.38), so the baked version should have MORE fiber/100g than the unbaked version, not less. NDB 18402 Fiber=3.4 is physically implausible and consistent with a USDA measurement or transcription error. Built Fiber=1.51g/100g is consistent with ingredient-level calculation (flour sole fiber source). Ice water 2 tbsp (29.57g) vs CRUST_002 37g — difference is principled: yfw=1.0 retains all moisture so less water needed to match canonical. Locked May 14 2026.",FiberTotalDietary
CRUST_004,PIEDOUBLECRUSTRAW,Pie Crust Double (Unbaked),Sweets & Desserts,veggie,component,,20 min,1 double crust,1,Rule D,raw,1.00,1.00,,,1.00,approved,,From-scratch double unbaked crust dough — identical ingredients to CRUST_001 (double baked) and 2x CRUST_003 (single unbaked). No baking — raw dough yfw=1.0 (no moisture loss).,Nutrient values built from USDA SR Legacy ingredients; no heat applied (raw dough).,NO_CANON,"Rule D — no canonical USDA NDB for an unbaked double pie crust; not audited. Ingredients are exactly 2x CRUST_003 (single unbaked, NDB 18402 validated Rule B). yfw=1.00 (raw dough — no moisture loss). Locked May 14 2026.",
BKFST_001,BISCUIT,Biscuit,Breakfast,veggie,dish,18016,20 min,8 biscuits,8,Rule A,baked,0.75,1.00,,,1.00,approved,,"Plain savory biscuit reverse-engineered from canonical NDB 18016 (Biscuits, plain or buttermilk, prepared from recipe). Based on SWEET_023 shortcake template with sugar dropped to 1/4 tsp. 2 cups AP flour, 1 tbsp baking powder, 1/2 tsp salt, 5 tbsp vegetable shortening, 2/3 cup whole milk, 1/4 tsp granulated sugar. Baked at 450°F in 2 1/2-inch rounds, 8 biscuits. yfw=0.75.",Nutrient values built from USDA SR Legacy ingredients and validated against canonical NDB 18016 within Rule A tolerance (all 7 macros within ±2.5%).,PASS,Rule A. All 7 graded macros within ±2.5% of canonical NDB 18016. Max delta: Total Fat -2.4%. Sugar tuned with 1/4 tsp (1.0g) granulated sugar to land on canonical lactose+sucrose target (2.19 vs 2.18 = +0.5%). yfw=0.75 (baked biscuit). Locked May 18 2026.,
BKFST_015,PORKSAUSAGE,Breakfast Sausage,Breakfast,all,dish,7064,15 min,12 patties,12,Rule B,fried,0.73,0.91,,,1.00,approved,,"Pork breakfast sausage built from scratch using 1 lb 70/30 raw ground pork (or 80/20 ground pork plus 2 1/4 Tbsp finely chopped pork backfat to reach the 70/30 fat target). Seasoned with a classic American breakfast-sausage spice blend — sage (dried or fresh), salt, black pepper, oregano (dried or fresh), garlic powder, onion powder, paprika — and a touch of brown sugar. Pan-fried to canonical NDB 7064 (Pork sausage, link/patty, cooked, pan-fried). Yield factors yfw=0.73 yff=0.91 derived from raw-vs-cooked reverse-solve of NDB 7063→7064.","Rule B — Protein, Total Fat, Sugar and Water match canonical NDB 7064 within Rule A tolerance (±5%). Energy runs ~+9% and Total Carbohydrates ~+50% above canonical because home-style recipes use whole dried (or fresh) sage, oregano, garlic powder, onion powder, paprika and black pepper, while commercial sausage formulations (NDB 7063/7064) use spice oleoresins / extracts that contain effectively zero plant carbohydrate or fiber. The carb excess (~0.7 g per 100g cooked) is largely indigestible plant fiber reported as 'Carbohydrate, by difference.'",APPROVED,Rule B accepted; spice-form divergence (whole spices vs commercial oleoresins) drives Carbs +62.7% above canonical NDB 7064 (structurally irreducible). Energy corrected to +1.5% ✅ via Atwater recomputation (yff=0.91 fat-drain). P +1.5% F 0.0% Su +3.7% W -1.7% all ✅. Fiber unscored (canonical=0). Locked May 23 2026.,"Energy_KCal,Carbohydrate"
BKFST_012,SAUSAGEGRAVY,Sausage Gravy,Breakfast,all,dish,,30 min,8 servings,8,Rule G,multi,0.87,0.94,,,1.00,approved,,"Multi-section sausage gravy: 3/4 lb breakfast sausage (BKFST_015 spice blend scaled to 0.75) browned and folded into a milk-roux gravy made with 2 tablespoons butter, 1/4 cup AP flour, and 2 1/2 cups whole milk, seasoned with 1/2 tsp salt and 1/2 tsp freshly cracked black pepper. FNDDS canonical reference FC 27120120 (sausage gravy) at 180 kcal / 6.78g P / 13.61g F / 7.65g C per 100g. Sausage section yfw=0.73 yff=0.91 (matches BKFST_015 pan-fry). Gravy section yfw=0.92 yff=1.00 (whisked milk gravy simmer).",Homemade-style country sausage gravy validated against the FNDDS 2021-2023 canonical FC 27120120 (sausage gravy). No SR Legacy NDB analog exists for homemade sausage gravy (NDB 6319 is a commercially prepared shelf-stable Campbell's product with very different macros). Free-tier nutrient values are computed from the ingredients in this recipe.,NO_CANON,"Rule G — FNDDS FC 27120120 (canonical 180 kcal·6.78P·13.61F·7.65C per 100g). E=-3.2% ✅ P=+28.6% ❌ F=-8.4% ❌ C=-13.9% ❌. Sausage section yff corrected to 1.0 (rendered fat stays in gravy roux, does not drain). Protein inflation from SR Legacy lean pork vs FNDDS composite; fat/carb gaps reflect no homemade analog in SR Legacy. Rule G retained. Locked May 23 2026.",
BKFST_002,BISCUITSGRAVY,Biscuits & Gravy,Breakfast,all,dish,,15 min,4 servings,4,Rule D,multi,1.00,1.00,,,1.00,approved,,"Composite of BKFST_001 (Biscuit x 2 per serving, 112.8g) and BKFST_012 (Sausage Gravy x 1/2 cup per serving, 115.2g). Per-100g macros are the cooked-mass-weighted average of the two component per-100g panels (228g per serving total). Drafted 2026-05-19.","Composite presentation of separately-audited Biscuit (BKFST_001, Rule A) and Sausage Gravy (BKFST_012, Rule C) dishes. Free-tier nutrient values inherited from the two child components.",NO_CANON,"Rule D - bespoke composite. No SR Legacy or FNDDS canonical for the combined dish; each child component carries its own audit. Component math: 112.8g BKFST_001 per100g + 115.2g BKFST_012 per100g, summed and divided by 228g cooked mass.",
BKFST_004,ENGLISHMUFFINWT,English Muffin (Wheat),Breakfast,veggie,dish,18264,45 min,10 muffins,10,Rule A,grilled,0.80,1.00,,,1.00,approved,,"Wheat English muffin reverse-engineered from canonical NDB 18264 (English muffins, wheat). Doubled batch: 1¼ cups whole wheat flour + 1¼ cups AP flour + ½ cup + 1 tbsp whole milk + ½ cup + 1 tbsp water + 4 tsp active dry yeast + 2 tsp salt + ¼ tsp sugar. Griddle-cooked; yfw=0.80.",Nutrient values built from USDA SR Legacy ingredients and validated against canonical NDB 18264 within Rule A tolerance (all 7 macros within ±5%).,PASS,Rule A. All 7 graded macros within ±5% of canonical NDB 18264. Max delta: Protein -4.5%. yfw=0.80 (griddle-cooked English muffin). Locked May 20 2026.,
BKFST_016,ENGLISHMUFFIN,English Muffin (Thomas Style),Breakfast,veggie,dish,18639,1 hr 30 min,11 muffins,11,Rule B,grilled,0.90,1.00,,,1.00,approved,,"Plain white English muffin reverse-engineered from canonical NDB 18639 (GEORGE WESTON BAKERIES, Thomas English Muffins). 3 cups (380g) AP flour, 1 cup whole milk, 3 tbsp + 1 tsp warm water, 1 packet active dry yeast, 1 tsp salt. Griddle-cooked; yfw=0.90.",Nutrient values built from USDA SR Legacy ingredients and validated against canonical NDB 18639 within Rule B tolerance. Fiber and Sugar are null/zero in canonical (unscored).,PASS,Rule B. All 5 graded macros within ±4.9% of canonical NDB 18639. Max delta: Protein -4.9%. Fiber and Sugar ungraded (canonical=0). yfw=0.90 (griddle-cooked). Flour adjusted to 380g for protein tolerance. Locked May 20 2026.,
BKFST_006,HOLLANDAISESAUCE,Hollandaise Sauce,Breakfast,veggie,dish,,20 min,4 servings,4,Rule G,steamed,1.00,1.00,,,1.00,approved,,Classic French emulsion sauce. FNDDS FC 81302010 ingredient decomposition: butter (NDB 1001) 60g + egg yolk (NDB 1125) 30g + lemon juice (NDB 9152) 10g per 100g finished sauce. No SR Legacy canonical exists for hollandaise.,Rule G — FNDDS FC 81302010 canonical; >±5% on Carbs (+74.8%) and Sugar (-40.3%) vs official FDC published values. Divergence driven by FNDDS using updated FDC egg yolk (NDB 1125) values vs SR Legacy (3.59g carbs / 0.56g sugar per 100g). Absolute differences tiny (0.77g C, 0.31g S per 100g sauce). Energy, Protein, Fat
BKFST_003,EGGSBENEDICT,Eggs Benedict,Breakfast,all,dish,,30 min,2 servings,2,Rule G,raw,1.00,1.00,,,1.00,approved,,"Classic poached egg dish. Recipe: poached egg (NDB 1131) 200g + English muffin (BKFST_004) 114g + Canadian bacon raw (NDB 10130) 114g + hollandaise (BKFST_006) 240g per 2-serving batch. Total 668g. yfw=1.00 (assembly, no water loss). FNDDS FC 32101500 reference only — FNDDS proportions not representative (excessive Canadian bacon, margarine added separately, insufficient hollandaise).","Rule G — computed macros diverge from FNDDS FC 32101500 canonical (288 kcal, 13.81g P, 21.10g F, 8.48g C per 100g). Our recipe: 289.5 kcal, 10.54g P, 23.97g F, 8.62g C per 100g. Protein -23.7%, Fat +13.6% driven by FNDDS using ~3 slices cooked Canadian bacon per serving vs 2 in the real dish, and less hollandaise. FNDDS FC 32101500 recipe was not authored by a cook.",NO_CANON,"Rule G — FNDDS FC 32101500 Eggs Benedict. Components: NDB 1131 (poached egg) 200g + BKFST_004 (English Muffin) 114g + NDB 10130 (Canadian bacon raw) 114g + BKFST_006 (Hollandaise Sauce) 240g per 2-serving batch. Total 668g / 2 servings = 334g per serving. FNDDS canonical: 288 kcal / 13.81g P / 21.10g F / 8.48g C per 100g. Computed: 289.5 kcal / 10.54g P / 23.97g F / 8.62g C. FNDDS recipe not representative of standard preparation — excess Canadian bacon, margarine added separately, insufficient hollandaise. Locked May 21 2026.",
BKFST_005,FRENCHTOAST,French Toast,Breakfast,veggie,dish,18269,15 min,4 slices,4,Rule B,fried,0.90,1.00,,,1.00,approved,,"French toast reverse-engineered from canonical NDB 18269 (French toast, prepared from recipe, made with low fat (2%) milk). 4 slices white bread + 1 large egg + ¼ cup 2% milk + 1½ tbsp butter. Pan-fried. yfw=0.90.",Nutrient values built from USDA SR Legacy ingredients and validated against canonical NDB 18269 within Rule B tolerance.,PASS,Rule B. All 5 scored macros ≤±2.4% of canonical NDB 18269. Fiber+Sugar unscored (canonical=0.0). Max delta: Carbs +2.4%. yfw=0.90 (pan-fried). Locked May 21 2026.,
BKFST_007,CEREALOATS,Oatmeal,Breakfast,veggie,dish,8121,5 min,1 serving,1,Rule C,boiled,0.76,1.00,,,1.00,approved,,40g rolled oats (NDB 8120) + 237g water; yfw=0.76 to match canonical water 83.6%. Fat -21.7% and Fiber +8.5% vs NDB 8121 due to SR Legacy dry/cooked P/F ratio inconsistency (NDB 8120 P/F=2.017 vs NDB 8121 implied P/F=1.671). Rule C structural divergence.,"Nutrient values built from USDA SR Legacy ingredients and validated against canonical NDB 8121. Multiple macros exceed ±5% due to SR Legacy dry/cooked measurement inconsistency — a data collection artifact, not a formulation error.",PASS,Rule C. Fat -21.7% ❌ Fiber +8.5% ⚠️ Sugar -33% ❌ vs canonical NDB 8121. SR Legacy dry/cooked artifact: NDB 8120 P/F 2.017 cannot satisfy implied P/F 1.671. Energy -2.5% ✅ Protein -5.5% ⚠️ Carbs +3.0% ✅ Water 0.0% ✅ yfw=0.76. Locked May 21 2026.,
BKFST_010,PANCAKEPLAIN,Pancakes plain,Breakfast,veggie,dish,18293,15 min,4 pancakes,4,Rule B,grilled,0.96,1.00,,,1.00,approved,,Plain pancake recipe from scratch: 1 cup AP flour + 2 tsp baking powder + 1 tbsp sugar + ¼ tsp salt + 1 large egg + ¾ cup whole milk + 2 tbsp + 1 tsp butter. Griddled. yfw=0.96.,Nutrient values built from USDA SR Legacy ingredients and validated against canonical NDB 18293 within Rule B tolerance.,PASS,Rule B. All 5 scored macros ≤±3.4% of canonical NDB 18293. Fiber+Sugar unscored (canonical=0.0). Max delta: Protein -3.4%. yfw=0.96 (griddled). Locked May 22 2026.,
BKFST_008,PANCAKEBLUEBERRY,Pancakes blueberry,Breakfast,veggie,dish,18294,15 min,4 pancakes,4,Rule B,grilled,0.81,1.00,,,1.00,approved,,Blueberry pancake recipe: 1 cup AP flour + 2 tsp baking powder + 1 tbsp sugar + ¼ tsp salt + 1 large egg + ¾ cup whole milk + 2 tbsp + 1 tsp butter + ½ cup fresh blueberries. Griddled. yfw=0.81.,Nutrient values built from USDA SR Legacy ingredients and validated against canonical NDB 18294 within Rule B tolerance.,PASS,Rule B. All 5 scored macros ≤±3.5% of canonical NDB 18294. Fiber+Sugar unscored (canonical=0.0). Max delta: Protein -3.5%. yfw=0.81 (blueberries burst during griddling). Locked May 22 2026.,
BKFST_009,PANCAKE,Pancakes buttermilk,Breakfast,veggie,dish,18390,15 min,4 pancakes,4,Rule B,grilled,0.78,1.00,,,1.00,approved,,Buttermilk pancake recipe: 1 cup AP flour + 2 tsp baking powder + 1 tbsp sugar + ¼ tsp salt + 1 large egg + 1 cup whole buttermilk + 2 tbsp butter. Griddled. yfw=0.78.,Nutrient values built from USDA SR Legacy ingredients and validated against canonical NDB 18390 within Rule B tolerance.,PASS,Rule B. All 5 scored macros ≤±2.9% of canonical NDB 18390. Fiber+Sugar unscored (canonical=0.0). Max delta: Protein -2.9%. yfw=0.78 (buttermilk batter more watery). Locked May 22 2026.,
BKFST_014,WAFFLE,Waffles plain,Breakfast,veggie,dish,18367,20 min,4 waffles,4,Rule B,grilled,0.62,1.00,,,1.00,approved,,Waffle recipe: 2 cups AP flour + 1 tbsp baking powder + 1 tbsp sugar + ¾ tsp salt + 2 eggs + 1½ cups whole milk + 6 tbsp butter. Griddled in waffle iron. yfw=0.62.,Nutrient values built from USDA SR Legacy ingredients and validated against canonical NDB 18367 within Rule B tolerance.,PASS,Rule B. All 5 scored macros ≤±3.9% of canonical NDB 18367. Fiber+Sugar unscored (canonical=0.0). Max delta: Protein -3.9%. yfw=0.62 (waffle iron presses both sides). Locked May 22 2026.,
BKFST_013,HASHBROWN,Hash brown potatoes,Breakfast,veggie,dish,11370,15 min,2 servings,2,Rule A,fried,0.358,1.00,,,1.00,approved,,Hash brown recipe: 225g boiled potato (NDB 11367) + 16g olive oil + 3g salt. Fried. yfw=0.358. NDB 11367 P/C=0.0855 matches canonical P/C=0.0854.,Nutrient values built from USDA SR Legacy ingredients and validated against canonical NDB 11370 within Rule A tolerance.,PASS,Rule A. All 7 macros within ±4.4% of canonical NDB 11370. Max delta: Energy -4.4%. NDB 11367 (boiled without skin) P/C=0.0855 matches canonical P/C=0.0854. yfw=0.358 (pan-fried). Locked May 22 2026.,
BKFST_017,BURRITOBEANS,Burrito with beans,Breakfast,veggie,dish,,10 min,1 burrito,1,Rule F,raw,1.00,1.00,,,1.00,approved,,FNDDS FC 58102605 ingredient decomposition: flour tortilla (NDB 18364) 40g + refried beans canned traditional (NDB 16403) 30g + black beans cooked (NDB 16015) 30g + salt (NDB 2047) 0.3g. Total 100.3g assembled. yfw=1.00.,"Bean burrito validated against FNDDS 2021-2023 FC 58102605 (Burrito, with beans, no cheese). Nutrient values computed from FNDDS ingredient decomposition using SR Legacy values.",PASS,Rule F — FNDDS FC 58102605. All 7 macros Δ=0.0% (recipe is FNDDS decomposition verbatim). E=188.1 kcal P=7.41g F=3.95g C=30.84g Fi=5.10g Su=1.74g W=55.67g per 100g. Locked May 22 2026.,
BKFST_018,BURRITOBEANCHEESE,Burrito with beans and cheese,Breakfast,veggie,dish,,10 min,1 burrito,1,Rule F,raw,1.00,1.00,,,1.00,approved,,FNDDS FC 58102610 ingredient decomposition: flour tortilla (NDB 18364) 40g + refried beans canned (NDB 16403) 30g + black beans cooked (NDB 16015) 30g + Mexican cheese blend (NDB 1251) 5g + salt (NDB 2047) 0.3g. Total 105.3g assembled. yfw=1.00.,"Bean and cheese burrito validated against FNDDS 2021-2023 FC 58102610 (Burrito, with beans, cheese). Nutrient values computed from FNDDS ingredient decomposition using SR Legacy values.",PASS,Rule F — FNDDS FC 58102610. All 7 macros ≤±1.3%. E=+0.1% P=+0.9% F=-0.9% C=-0.1% Fi=-0.8% Su=+1.3% W=0.0%. Locked May 22 2026.,
BKFST_019,BURRITOCHEESE,Burrito with cheese,Breakfast,veggie,dish,,5 min,1 burrito,1,Rule G,raw,1.00,1.00,,,1.00,approved,,FNDDS FC 58102680 ingredient decomposition: flour tortilla (NDB 18364) 60g + Mexican cheese blend (NDB 1251) 40g. Total 100g assembled. yfw=1.00.,"Cheese burrito validated against FNDDS 2021-2023 FC 58102680 (Burrito, cheese only). Nutrient values computed from FNDDS ingredient decomposition using SR Legacy values.",PASS,"Rule G — FNDDS FC 58102680. FNDDS uses aggregate ingredient code 99991410 (Cheese and Queso) for the 40g cheese component; NDB 1251 (Mexican blend) used as proxy. Sugar +7.3% ❌ (NDB 1251 Sugar=1.23g/100g vs estimated 99991410 Sugar≈0.77g/100g, extrapolated from BKFST_018 Rule F Su=+1.3% with 5g cheese). All other 6 macros within ±5%: E=+0.5% P=+4.5% F=-2.4% C=-0.8% Fi=0.0% W=0.0%. FNDDS 2021-2023 uses SR Legacy values for NDB 18364 (Sugar=3.71g/100g confirmed). Locked May 22 2026.",
BKFST_020,BURRITOEGG,Egg burrito,Breakfast,veggie,dish,,10 min,1 burrito,1,Rule F,fried,0.783,1.00,,,1.00,,,FNDDS FC 34003100 ingredient decomposition: flour tortilla (NDB 18364) 70g + egg omelet with cheese in oil (FNDDS 32130110 inline-expanded x1.1): eggs whole raw (NDB 1123) 110g + salt (NDB 2047) 0.33g + olive oil (NDB 4053) 7.7g + Mexican cheese blend (NDB 1251) 16.5g. Total raw 204.53g. yfw=0.783 (targets 180g cooked). Veg oil 82101000 subst NDB 4053 (olive); cheese 99991400 subst NDB 1251 (Mexican blend).,"Egg burrito validated against FNDDS 2021-2023 FC 34003100 (Egg burrito). Nutrient values computed from FNDDS ingredient decomposition using SR Legacy values. FNDDS composite 32130110 (Egg omelet or scrambled egg, with cheese, made with oil) inline-expanded x1.1.",,,
BKFST_021,BURRITOBEEF,Beef and cheese burrito,Breakfast,all,dish,,15 min,1 burrito,1,Rule F,fried,1.00,1.00,,,1.00,,,"FNDDS FC 58102310 ingredient decomposition: ground beef 80% lean raw (NDB 23572) 45g + flour tortilla refrigerated (NDB 18364) 60g + water (NDB 14411) 10g + Mexican cheese blend (NDB 1251) 5g. Beef section: cook_method=fried, yfw=0.6669, yff=0.593 (45g raw → 30g cooked; excess fat drains). Assembly section: raw, yfw=1.00. Total raw 120g → dish 105.0g.","Beef and cheese burrito validated against FNDDS 2021-2023 FC 58102310 (Burrito, beef, cheese). Nutrient values computed from FNDDS ingredient decomposition using SR Legacy values.",PASS,Rule F — FNDDS FC 58102310. All 7 macros ≤±5%: E=-2.0% ✅ P=-2.8% ✅ F=+1.0% ✅ C=-2.0% ✅ Fi=-2.0% ✅ Su=-0.9% ✅ W=+1.4% ✅. Beef section yff=0.593 (fat drained after browning); Atwater energy recomputation applied. Locked May 23 2026.,
BKFST_022,BURRITOBREAKFAST,"Breakfast burrito with eggs, cheese, and potatoes",Breakfast,veggie,dish,,20 min,1 burrito,1,Rule D,fried,0.82,1.00,,,1.00,,,Rule D — no canonical match; raw-ingredient calculation only. Flour tortilla (NDB 18364) 70g + eggs whole raw (NDB 1123) 100g + potato raw (NDB 11352) 130g + Mexican cheese blend (NDB 1251) 28g + olive oil (NDB 4053) 13.6g + salt (NDB 2047) 1.5g. Total raw 343.1g. yfw=0.82 (→ ~281g cooked).,Breakfast burrito (eggs + cheese + potatoes) computed from SR Legacy values only. No USDA canonical match found.,,,
BKFST_023,OMELETCHEESE,Cheese omelette,Breakfast,veggie,dish,,15 min,1 omelette,1,Rule D,fried,1.00,1.00,,,1.00,,,"Rule D — no canonical match used; FNDDS FC 32130120 considered but rejected (Foundation Foods cheese divergence, Carbs −42.8%). Raw-ingredient calculation only: egg whole raw (NDB 1123) 100g + salt (NDB 2047) 0.3g + butter salted (NDB 1001) 7g + Mexican cheese blend (NDB 1251) 15g. Total raw 122.3g. yfw=1.00.",Cheese omelette computed from SR Legacy values only. No USDA canonical match used.,,,
BKFST_024,OMELETDENVER,Denver omelette,Breakfast,all,dish,,15 min,1 omelette,1,Rule D,fried,1.00,1.00,,,1.00,,,Rule D — no canonical match used. Raw-ingredient calculation only: eggs (NDB 1123) 150g + ham diced cooked (NDB 10136) 42g + green bell pepper (NDB 11333) 37g + onion raw (NDB 11282) 20g + Mexican cheese blend (NDB 1251) 28g + butter salted (NDB 1001) 7g + salt (NDB 2047) 1.5g. Total raw 285.5g. yfw=1.00.,Denver omelette computed from SR Legacy values only. No USDA canonical match used.,,,
BKFST_025,CHESEQUICHE,Cheese Quiche,Breakfast,veggie,dish,,1 hr,8 slices,8,Rule D,baked,0.80,1.00,,,1.00,,,"Rule D — no canonical match used. FNDDS FC 58125180 considered but rejected: homemade from-scratch crust (flour, butter, shortening) vs FNDDS commercial frozen crust (NDB 18335, C=56.24g/100g); Carbs +40%, Fat +13%, Energy +16% vs canonical — structurally irreducible. SR Legacy raw-ingredient calculation only.",Cheese quiche computed from SR Legacy values only. No USDA canonical match used.,,,
BKFST_026,SPINACHQUICHE,Spinach Quiche,Breakfast,veggie,dish,,1 hr,8 slices,8,Rule D,baked,0.80,1.00,,,1.00,,,"Rule D — no canonical match used. FNDDS FC 58125120 considered but rejected: homemade from-scratch crust (flour, butter, shortening) vs FNDDS commercial frozen crust (NDB 18335, C=56.24g/100g); Carbs +40%, Fat +13%, Energy +16% vs canonical — structurally irreducible. SR Legacy raw-ingredient calculation only.",Spinach quiche computed from SR Legacy values only. No USDA canonical match used.,,,
BKFST_027,HAMCHEESEQUICHE,Ham and Cheese Quiche,Breakfast,all,dish,,1 hr,8 slices,8,Rule D,baked,0.80,1.00,,,1.00,,,Rule D — no canonical match used. No FNDDS FC analog for ham and cheese quiche with homemade crust. SR Legacy raw-ingredient calculation only.,Ham and cheese quiche computed from SR Legacy values only. No USDA canonical match used.,,,
BKFST_028,QUICHELORRAINE,Quiche Lorraine,Breakfast,all,dish,,1 hr,8 slices,8,Rule D,baked,0.80,1.00,,,1.00,,,"Rule D — no canonical match used. FNDDS FC 58125110 considered but rejected: homemade from-scratch crust (flour, butter, shortening) vs FNDDS commercial frozen crust (NDB 18335, C=56.24g/100g); Carbs +40%, Fat +13%, Energy +16% vs canonical — structurally irreducible. SR Legacy raw-ingredient calculation only.",Quiche Lorraine computed from SR Legacy values only. No USDA canonical match used.,,,
BKFST_029,CRUSTLESSQUICHE,Crustless Quiche,Breakfast,veggie,dish,,50 min,8 slices,8,Rule D,baked,0.90,1.00,,,1.00,,,Rule D — no canonical match used. No USDA canonical for crustless quiche. SR Legacy raw-ingredient calculation only.,Crustless quiche computed from SR Legacy values only. No USDA canonical match used.,,,
BKFST_030,CRUSTLESSSPINACHQUICHE,Crustless Spinach Quiche,Breakfast,veggie,dish,,50 min,8 slices,8,Rule D,baked,0.90,1.00,,,1.00,,,Rule D — no canonical match used. No USDA canonical for crustless spinach quiche. SR Legacy raw-ingredient calculation only.,Crustless spinach quiche computed from SR Legacy values only. No USDA canonical match used.,,,
BKFST_031,CRUSTLESSHAMCHEESEQUICHE,Crustless Ham and Cheese Quiche,Breakfast,all,dish,,50 min,8 slices,8,Rule D,baked,0.90,1.00,,,1.00,,,Rule D — no canonical match used. No USDA canonical for crustless ham and cheese quiche. SR Legacy raw-ingredient calculation only.,Crustless ham and cheese quiche computed from SR Legacy values only. No USDA canonical match used.,,,
BKFST_032,CRUSTLESSLORRAINE,Crustless Quiche Lorraine,Breakfast,all,dish,,50 min,8 slices,8,Rule D,baked,0.90,1.00,,,1.00,,,Rule D — no canonical match used. No USDA canonical for crustless quiche lorraine. SR Legacy raw-ingredient calculation only.,Crustless quiche lorraine computed from SR Legacy values only. No USDA canonical match used.,,,
BKFST_033,FRITTATA,Frittata Herbs and Cheese,Breakfast,veggie,dish,,25 min,4 slices,4,Rule D,baked,0.90,1.00,,,1.00,,,Rule D — no canonical match used. No USDA canonical for herb and cheese frittata. SR Legacy raw-ingredient calculation only.,Herb and cheese frittata computed from SR Legacy values only. No USDA canonical match used.,,,
BKFST_034,AVOCADOTOAST,Avocado Toast Basic,Breakfast,vegan,dish,,10 min,1 toast,1,Rule D,raw,1.00,1.00,,,1.00,,,Rule D — no canonical match used. No USDA canonical for avocado toast. SR Legacy raw-ingredient calculation only.,Avocado toast computed from SR Legacy values only. No USDA canonical match used.,,,
BKFST_035,AVOCADOEGGTOAST,Avocado Toast Tomato and Egg,Breakfast,veggie,dish,,15 min,1 toast,1,Rule D,raw,1.00,1.00,,,1.00,,,Rule D — no canonical match used. No USDA canonical for avocado egg toast. SR Legacy raw-ingredient calculation only.,Avocado toast with poached egg and cherry tomatoes computed from SR Legacy values only. No USDA canonical match used.,,,
SAND_001,GRILLEDCHEESE,"Grilled Cheese Cheddar & Gruyere, Restaurant Style",sandwiches & burgers,veggie,dish,,15 min,1 sandwich,1,Rule D,pan grilled,0.90,1.00,,,1.00,,,Rule D — no canonical match used. No USDA canonical for grilled cheese with cheddar and gruyere. SR Legacy raw-ingredient calculation only.,Grilled cheese with cheddar and gruyere computed from SR Legacy values only. No USDA canonical match used.,,,
SAND_002,GRILLEDCHEESEAMERICAN,Grilled Cheese American,sandwiches & burgers,veggie,dish,,15 min,1 sandwich,1,Rule D,pan grilled,0.90,1.00,,,1.00,,,Rule D — no canonical match used. No USDA canonical for American grilled cheese. SR Legacy raw-ingredient calculation only.,Grilled cheese with American cheese computed from SR Legacy values only. No USDA canonical match used.,,,
SAND_003,GRILLEDCHEESECHEDDAR,Grilled Cheese Cheddar,sandwiches & burgers,veggie,dish,,15 min,1 sandwich,1,Rule D,pan grilled,0.90,1.00,,,1.00,,,Rule D — no canonical match used. No USDA canonical for cheddar grilled cheese. SR Legacy raw-ingredient calculation only.,Grilled cheese with cheddar computed from SR Legacy values only. No USDA canonical match used.,,,
SAND_004,BLT,BLT Sandwich,sandwiches & burgers,all,dish,,10 min,1 sandwich,1,Rule D,raw,1.00,1.00,,,1.00,,,Rule D — no canonical match used. No USDA canonical for BLT on sliced white bread. SR Legacy raw-ingredient calculation only.,BLT sandwich computed from SR Legacy values only. No USDA canonical match used.,,,
SAND_005,CLUBSANDWICH,Club Sandwich,sandwiches & burgers,all,dish,,15 min,1 sandwich,1,Rule D,raw,1.00,1.00,,,1.00,,,Rule D — no canonical match used. No USDA canonical for club sandwich on sliced white bread. SR Legacy raw-ingredient calculation only.,Club sandwich computed from SR Legacy values only. No USDA canonical match used.,,,
SAND_006,EGGSALAD,Egg Salad Sandwich,sandwiches & burgers,veggie,dish,,15 min,1 sandwich,1,Rule D,raw,1.00,1.00,,,1.00,,,Rule D — no canonical match used. No USDA canonical for egg salad sandwich on sliced white bread. SR Legacy raw-ingredient calculation only.,Egg salad sandwich computed from SR Legacy values only. No USDA canonical match used.,,,
SAND_007,TUNASALAD,Tuna Salad Sandwich,sandwiches & burgers,pesca,dish,,10 min,1 sandwich,1,Rule D,raw,1.00,1.00,,,1.00,,,Rule D — no canonical match used. No USDA canonical for tuna salad sandwich on sliced white bread. SR Legacy raw-ingredient calculation only.,Tuna salad sandwich computed from SR Legacy values only. No USDA canonical match used.,,,
SAND_008,CHICKENSALAD,Chicken Salad Sandwich,sandwiches & burgers,all,dish,,15 min,1 sandwich,1,Rule D,raw,1.00,1.00,,,1.00,,,Rule D — no canonical match used. No USDA canonical for chicken salad sandwich on sliced white bread. SR Legacy raw-ingredient calculation only.,Chicken salad sandwich computed from SR Legacy values only. No USDA canonical match used.,,,
SAND_009,HAMANDCHEESE,Ham and Cheese Sandwich,sandwiches & burgers,all,dish,,10 min,1 sandwich,1,Rule D,raw,1.00,1.00,,,1.00,,,Rule D — no canonical match used. No USDA canonical for ham and cheese sandwich on sliced white bread. SR Legacy raw-ingredient calculation only.,Ham and cheese sandwich computed from SR Legacy values only. No USDA canonical match used.,,,
SAND_010,PBJ,Peanut Butter & Jelly Sandwich,sandwiches & burgers,vegan,dish,,5 min,1 sandwich,1,Rule D,raw,1.00,1.00,,,1.00,,,Rule D — no canonical match used. No USDA canonical for PB&J on sliced white bread. SR Legacy raw-ingredient calculation only.,PB&J sandwich computed from SR Legacy values only. No USDA canonical match used.,,,
SAND_011,PIMENTOCHEESE,Pimento Cheese Sandwich,sandwiches & burgers,veggie,dish,,10 min,1 sandwich,1,Rule D,raw,1.00,1.00,,,1.00,,,Rule D — no canonical match used. No USDA canonical for pimento cheese sandwich. SR Legacy raw-ingredient calculation only.,Pimento cheese sandwich computed from SR Legacy values only. No USDA canonical match used.,,,
SAND_012,CUCUMBERTEA,Cucumber Tea Sandwich,sandwiches & burgers,veggie,dish,,10 min,1 serving (4 finger sandwiches),1,Rule D,raw,1.00,1.00,,,1.00,,,Rule D — no canonical match used. No USDA canonical for cucumber tea sandwich. SR Legacy raw-ingredient calculation only.,Cucumber tea sandwich computed from SR Legacy values only. No USDA canonical match used.,,,
SAND_013,CROQUEMONSIEUR,Croque Monsieur,sandwiches & burgers,all,dish,,15 min,1 sandwich,1,Rule D,pan grilled,0.88,1.00,,,1.00,,,Rule D — no canonical match used. No USDA canonical for Croque Monsieur. SR Legacy raw-ingredient calculation only.,Croque Monsieur computed from SR Legacy values only. No USDA canonical match used.,,,
SAND_014,CROQUEMADAME,Croque Madame,sandwiches & burgers,all,dish,,15 min,1 sandwich,1,Rule D,pan grilled,0.88,1.00,,,1.00,,,Rule D — no canonical match used. No USDA canonical for Croque Madame. SR Legacy raw-ingredient calculation only.,Croque Madame computed from SR Legacy values only. No USDA canonical match used.,,,
SAND_015,MONTECRISTO,Monte Cristo Sandwich,sandwiches & burgers,all,dish,,15 min,1 sandwich,1,Rule D,pan grilled,0.88,1.00,,,1.00,,,Rule D — no canonical match used. No USDA canonical for Monte Cristo Sandwich. SR Legacy raw-ingredient calculation only.,Monte Cristo Sandwich computed from SR Legacy values only. No USDA canonical match used.,,,
SAND_016,HOTBROWN,Hot Brown,sandwiches & burgers,all,dish,,20 min,1 serving,1,Rule D,baked,0.92,1.00,,,1.00,,,Rule D — no canonical match used. No USDA canonical for Hot Brown. SR Legacy raw-ingredient calculation only.,Hot Brown computed from SR Legacy values only. No USDA canonical match used.,,,
SAND_017,OPENFACEDROASTBEEF,Open-Faced Roast Beef with Gravy,sandwiches & burgers,all,dish,,20 min,1 serving,1,Rule D,boiled,0.87,1.00,,,1.00,,,Rule D — no canonical match used. No USDA canonical for Open-Faced Roast Beef with Gravy. SR Legacy raw-ingredient calculation only.,Open-Faced Roast Beef with Gravy computed from SR Legacy values only. No USDA canonical match used.,,,
SAND_018,TURKEYSANDWICH,Turkey Sandwich,sandwiches & burgers,all,dish,,10 min,1 serving,1,Rule D,raw,1.00,1.00,,,1.00,,,Rule D — no canonical match used. No USDA canonical for Turkey Sandwich. SR Legacy raw-ingredient calculation only.,Turkey Sandwich computed from SR Legacy values only. No USDA canonical match used.,,,
SAND_019,TURKEYPROVOLONE,Turkey with Provolone Sandwich,sandwiches & burgers,all,dish,,10 min,1 serving,1,Rule D,raw,1.00,1.00,,,1.00,,,Rule D — no canonical match used. SR Legacy raw-ingredient calculation only.,Turkey with Provolone Sandwich computed from SR Legacy values only. No USDA canonical match used.,,,
SAND_020,TURKEYAVOCADO,Turkey & Avocado Sandwich,sandwiches & burgers,all,dish,,10 min,1 serving,1,Rule D,raw,1.00,1.00,,,1.00,,,Rule D — no canonical match used. SR Legacy raw-ingredient calculation only.,Turkey & Avocado Sandwich computed from SR Legacy values only. No USDA canonical match used.,,,
SAND_021,TURKEYAVOCADOPROVOLONE,Turkey & Avocado with Provolone Sandwich,sandwiches & burgers,all,dish,,10 min,1 serving,1,Rule D,raw,1.00,1.00,,,1.00,,,Rule D — no canonical match used. SR Legacy raw-ingredient calculation only.,Turkey & Avocado with Provolone Sandwich computed from SR Legacy values only. No USDA canonical match used.,,,
SAND_022,TURKEYAVOCADOBACON,Turkey & Avocado with Bacon Sandwich,sandwiches & burgers,all,dish,,10 min,1 serving,1,Rule D,raw,1.00,1.00,,,1.00,,,Rule D — no canonical match used. SR Legacy raw-ingredient calculation only.,Turkey & Avocado with Bacon Sandwich computed from SR Legacy values only. No USDA canonical match used.,,,
SAND_023,ROASTBEEFSANDWICH,Roast Beef Sandwich,sandwiches & burgers,all,dish,,5 min,1 serving,1,Rule D,raw,1.00,1.00,,,1.00,,,Rule D — no canonical match used. SR Legacy raw-ingredient calculation only.,Roast Beef Sandwich computed from SR Legacy values only. No USDA canonical match used.,,,
SAND_024,AVOCADOSPROUTS,Avocado with Sprouts & Tomato Sandwich,sandwiches & burgers,vegan,dish,,5 min,1 serving,1,Rule D,raw,1.00,1.00,,,1.00,,,Rule D — no canonical match used. SR Legacy raw-ingredient calculation only.,Avocado with Sprouts & Tomato Sandwich computed from SR Legacy values only. No USDA canonical match used.,,,
SAND_025,REUBEN,Reuben Sandwich,sandwiches & burgers,all,dish,,10 min,1 serving,1,Rule D,pan grilled,0.90,1.00,,,1.00,,,Rule D — no canonical match used. SR Legacy raw-ingredient calculation only.,Reuben Sandwich computed from SR Legacy values only. No USDA canonical match used.,,,
SAND_026,PASTRAMI,Pastrami Sandwich,sandwiches & burgers,all,dish,,5 min,1 serving,1,Rule D,raw,1.00,1.00,,,1.00,,,Rule D — no canonical match used. SR Legacy raw-ingredient calculation only.,Pastrami Sandwich computed from SR Legacy values only. No USDA canonical match used.,,,
SAND_027,CORNEDBEEF,Corned Beef Sandwich,sandwiches & burgers,all,dish,,5 min,1 serving,1,Rule D,raw,1.00,1.00,,,1.00,,,Rule D — no canonical match used. SR Legacy raw-ingredient calculation only.,Corned Beef Sandwich computed from SR Legacy values only. No USDA canonical match used.,,,
SAND_028,LIVERWURST,Liverwurst Sandwich,sandwiches & burgers,all,dish,,5 min,1 serving,1,Rule D,raw,1.00,1.00,,,1.00,,,Rule D — no canonical match used. SR Legacy raw-ingredient calculation only.,Liverwurst Sandwich computed from SR Legacy values only. No USDA canonical match used.,,,
SAND_029,LIMBURGERSANDWICH,Limburger Sandwich,sandwiches & burgers,all,dish,,5 min,1 serving,1,Rule D,raw,1.00,1.00,,,1.00,,,Rule D — no canonical match used. SR Legacy raw-ingredient calculation only.,Limburger Sandwich computed from SR Legacy values only. No USDA canonical match used.,,,
SAND_030,PATTYMELT,Patty Melt,sandwiches & burgers,all,dish,,10 min,1 serving,1,Rule D,pan grilled,0.82,1.00,,,1.00,,,Rule D — no canonical match used. SR Legacy raw-ingredient calculation only.,Patty Melt computed from SR Legacy values only. No USDA canonical match used.,,,
SAND_031,SLOPPYJOE,Sloppy Joe,sandwiches & burgers,all,dish,,20 min,1 serving,1,Rule D,pan grilled,0.80,1.00,,,1.00,,,Rule D — no canonical match used. SR Legacy raw-ingredient calculation only.,Sloppy Joe computed from SR Legacy values only. No USDA canonical match used.,,,
SAND_032,PULLEDPORK,Pulled Pork Sandwich,sandwiches & burgers,all,dish,,30 min,1 serving,1,Rule D,baked,0.60,0.88,,,1.00,,,Rule D — no canonical match used. SR Legacy raw-ingredient calculation only.,Pulled pork sandwich computed from SR Legacy values only. No USDA canonical match used.,,,
SAND_033,BBQBRISKET,Barbecue Brisket Sandwich,sandwiches & burgers,all,dish,,45 min,1 serving,1,Rule D,baked,0.62,0.92,,,1.00,,,Rule D — no canonical match used. SR Legacy raw-ingredient calculation only.,Barbecue brisket sandwich computed from SR Legacy values only. No USDA canonical match used.,,,
SAND_034,GRILLEDCHICKENSANDWICH,Grilled Chicken Sandwich,sandwiches & burgers,all,dish,,30 min,1 serving,1,Rule D,pan grilled,0.80,0.98,,,1.00,,,Rule D — no canonical match used. SR Legacy raw-ingredient calculation only.,Grilled chicken sandwich computed from SR Legacy values only. No USDA canonical match used.,,,
SAND_035,FRIEDCHICKENSANDWICH,Fried Chicken Sandwich,sandwiches & burgers,all,dish,,30 min,1 serving,1,Rule D,fried,0.82,1.00,,,1.00,,,Rule D — no canonical match used. SR Legacy raw-ingredient calculation only.,Fried chicken sandwich computed from SR Legacy values only. No USDA canonical match used.,,,
SAND_036,BUFFALOCHICKENSANDWICH,Buffalo Chicken Sandwich,sandwiches & burgers,all,dish,,30 min,1 serving,1,Rule D,fried,0.82,1.00,,,1.00,,,Rule D — no canonical match used. SR Legacy raw-ingredient calculation only.,Buffalo chicken sandwich computed from SR Legacy values only. No USDA canonical match used.,,,
SAND_037,NASHVILLEHOTCHICKENSANDWICH,Nashville Hot Chicken Sandwich,sandwiches & burgers,all,dish,,30 min,1 serving,1,Rule D,fried,0.82,1.00,,,1.00,,,Rule D — no canonical match used. SR Legacy raw-ingredient calculation only.,Nashville hot chicken sandwich computed from SR Legacy values only. No USDA canonical match used.,,,
SAND_038,FISHSANDWICH,Fish Sandwich,sandwiches & burgers,pesca,dish,,25 min,1 serving,1,Rule D,fried,0.85,1.00,,,1.00,,,Rule D — no canonical match used. SR Legacy raw-ingredient calculation only.,Southern-style cornmeal-crusted fried cod sandwich computed from SR Legacy values only.,,,
SAND_039,CRABCAKESANDWICH,Crab Cake Sandwich,sandwiches & burgers,all,dish,,30 min,1 sandwich,1,Rule D,pan grilled,0.90,1.00,,,1.00,,,Rule D — no canonical match used. SR Legacy raw-ingredient calculation only.,Crab cake sandwich computed from SR Legacy values only. No USDA canonical match used.,,,
SAND_040,LOBSTERROLL,Lobster Roll,sandwiches & burgers,pesca,dish,,15 min,1 sandwich,1,Rule D,pan grilled,1.00,1.00,,,1.00,,,Rule D — no canonical match used. SR Legacy raw-ingredient calculation only.,Lobster roll computed from SR Legacy values only. No USDA canonical match used.,,,
SAND_041,TUNAMELT,Tuna Melt,sandwiches & burgers,pesca,dish,,15 min,1 sandwich,1,Rule D,pan grilled,1.00,1.00,,,1.00,,,Rule D — no canonical match used. SR Legacy raw-ingredient calculation only.,Tuna melt computed from SR Legacy values only. No USDA canonical match used.,,,
SAND_042,FRENCHDIP,French Dip,sandwiches & burgers,all,builtin,,,1 sandwich,1,D,baked,1.00,1.00,,,1.00,complete,,No canonical; restaurant-style French dip with sautéed onion and provolone,,,,
SAND_043,ITALIANBEEF,Italian Beef Sandwich,sandwiches & burgers,all,builtin,,,1 sandwich,1,D,pan grilled,1.00,1.00,,,1.00,complete,,Rule D — no canonical; Chicago-style Italian beef,,,,
SAND_044,SHRIMPPOBOY,Shrimp Po' Boy,sandwiches & burgers,pesca,dish,,20 min,1 serving,1,Rule D,fried,1.00,1.00,,,1.00,,,Rule D — no canonical match used. SR Legacy raw-ingredient calculation only.,Shrimp Po' Boy computed from SR Legacy values only. No USDA canonical match used.,,,
SAND_045,OYSTERPOBOY,Oyster Po' Boy,sandwiches & burgers,pesca,dish,,20 min,1 serving,1,Rule D,fried,1.00,1.00,,,1.00,,,Rule D — no canonical match used. SR Legacy raw-ingredient calculation only.,Oyster Po' Boy computed from SR Legacy values only. No USDA canonical match used.,,,
SAND_046,MEATBALLSUB,Meatball Sub,sandwiches & burgers,all,dish,,30 min,1 serving,1,Rule D,pan grilled,1.00,1.00,,,1.00,,,Rule D — no canonical match used. SR Legacy raw-ingredient calculation only.,Meatball Sub computed from SR Legacy values only. No USDA canonical match used.,,,
SAND_047,ITALIANSUB,Italian Sub,sandwiches & burgers,all,dish,,10 min,1 serving,1,Rule D,raw,1.00,1.00,,,1.00,,,Rule D — no canonical match used. SR Legacy raw-ingredient calculation only.,Italian Sub computed from SR Legacy values only. No USDA canonical match used.,,,
SAND_048,CHICKENPARM,Chicken Parm Sub,sandwiches & burgers,all,dish,,30 min,1 serving,1,Rule D,fried,1.00,1.00,,,1.00,,,Rule D — no canonical match used. SR Legacy raw-ingredient calculation only.,Chicken Parm Sub computed from SR Legacy values only. No USDA canonical match used.,,,
SAND_049,PHILLYCHEESESTEAK,Philly Cheesesteak,sandwiches & burgers,all,dish,,20 min,1 serving,1,Rule D,pan grilled,1.00,1.00,,,1.00,,,Rule D — no canonical match used. SR Legacy raw-ingredient calculation only.,Philly Cheesesteak computed from SR Legacy values only. No USDA canonical match used.,,,
SAND_050,BANHMI,Banh Mi Sandwich,sandwiches & burgers,all,dish,,30 min,1 serving,1,Rule D,pan grilled,1.00,1.00,,,1.00,,,Rule D — no canonical match used. SR Legacy raw-ingredient calculation only.,Banh Mi Sandwich computed from SR Legacy values only. No USDA canonical match used.,,,
SAND_051,CAPRESE,Caprese Sandwich,sandwiches & burgers,veggie,dish,,10 min,1 serving,1,Rule D,raw,1.00,1.00,,,1.00,,,Rule D — no canonical match used. SR Legacy raw-ingredient calculation only.,Caprese Sandwich computed from SR Legacy values only. No USDA canonical match used.,,,
BKFST_011,CROISSANTEGGCHEESE,Croissant Egg & Cheese Sandwich,breakfast & brunch,veggie,dish,,10 min,1 sandwich,1,Rule D,pan grilled,1.00,1.00,,,1.00,,,Rule D — no canonical match used. SR Legacy raw-ingredient calculation only.,Croissant Egg & Cheese Sandwich computed from SR Legacy values only. No USDA canonical match used.,,,
BKFST_036,CROISSANTBACONEGGCHEESE,"Croissant Bacon, Egg & Cheese Sandwich",breakfast & brunch,all,dish,,15 min,1 sandwich,1,Rule D,pan grilled,1.00,1.00,,,1.00,,,Rule D — no canonical match used. SR Legacy raw-ingredient calculation only.,"Croissant Bacon, Egg & Cheese Sandwich computed from SR Legacy values only. No USDA canonical match used.",,,
BKFST_037,CROISSANTSAUSAGEEGGCHEESE,"Croissant Sausage, Egg & Cheese Sandwich",breakfast & brunch,all,dish,,20 min,1 sandwich,1,Rule D,pan grilled,1.00,1.00,,,1.00,,,Rule D — no canonical match used. SR Legacy raw-ingredient calculation only.,"Croissant Sausage, Egg & Cheese Sandwich computed from SR Legacy values only.",,,
BKFST_038,CROISSANTHAMEGGCHEESE,"Croissant Ham, Egg & Cheese Sandwich",breakfast & brunch,all,dish,,15 min,1 sandwich,1,Rule D,pan grilled,1.00,1.00,,,1.00,,,Rule D — no canonical match used. SR Legacy raw-ingredient calculation only.,"Croissant Ham, Egg & Cheese Sandwich computed from SR Legacy values only.",,,
BKFST_039,CROISSANTSMOKEDSALMON,Croissant Smoked Salmon & Cream Cheese,breakfast & brunch,pesca,dish,,5 min,1 sandwich,1,Rule D,raw,1.00,1.00,,,1.00,,,Rule D — no canonical match used. SR Legacy raw-ingredient calculation only.,Croissant Smoked Salmon & Cream Cheese computed from SR Legacy values only.,,,
SAND_052,FALAFELPITA,Falafel Pita,sandwiches & burgers,veggie,dish,,25 min,1 pita,1,Rule D,fried,1.00,1.00,,,1.00,,,Rule D — no canonical match used. SR Legacy raw-ingredient calculation only.,Falafel Pita computed from SR Legacy values only.,,,
SAND_053,GYRO,Gyro,sandwiches & burgers,all,dish,,20 min,1 pita,1,Rule D,pan grilled,1.00,1.00,,,1.00,,,Rule D — no canonical match used. SR Legacy raw-ingredient calculation only.,Gyro computed from SR Legacy values only.,,,
SAND_054,RACHEL,Rachel Sandwich,sandwiches & burgers,all,dish,,15 min,1 sandwich,1,Rule D,pan grilled,1.00,1.00,,,1.00,,,Rule D — no canonical match used. SR Legacy raw-ingredient calculation only.,Rachel Sandwich computed from SR Legacy values only.,,,
SAND_055,HAMBURGER,Classic Hamburger,sandwiches & burgers,all,dish,,15 min,1 burger,1,Rule D,pan grilled,1.00,1.00,,,1.00,,,Rule D — no canonical match used. SR Legacy raw-ingredient calculation only.,Hamburger computed from SR Legacy values only.,,,
SAND_056,CHEESEBURGER,Cheeseburger,sandwiches & burgers,all,dish,,15 min,1 burger,1,Rule D,pan grilled,1.00,1.00,,,1.00,,,Rule D — no canonical match used. SR Legacy raw-ingredient calculation only.,Cheeseburger computed from SR Legacy values only.,,,
SAND_057,BACONCHEESEBURGER,Bacon Cheeseburger,sandwiches & burgers,all,dish,,15 min,1 burger,1,Rule D,pan grilled,1.00,1.00,,,1.00,,,Rule D — no canonical match used.,Bacon Cheeseburger computed from SR Legacy values only.,,,
SAND_058,DOUBLECHEESEBURGER,Double Cheeseburger,sandwiches & burgers,all,dish,,15 min,1 burger,1,Rule D,pan grilled,1.00,1.00,,,1.00,,,Rule D — no canonical match used.,Double Cheeseburger computed from SR Legacy values only.,,,
SAND_059,MUSHROOMSWISSBURGER,Mushroom Swiss Burger,sandwiches & burgers,all,dish,,20 min,1 burger,1,Rule D,pan grilled,1.00,1.00,,,1.00,,,Rule D — no canonical match used.,Mushroom Swiss Burger computed from SR Legacy values only.,,,
SAND_060,BBQBACONBURGER,BBQ Bacon Burger,sandwiches & burgers,all,dish,,15 min,1 burger,1,Rule D,pan grilled,1.00,1.00,,,1.00,,,Rule D — no canonical match used.,BBQ Bacon Burger computed from SR Legacy values only.,,,
SAND_061,TURKEYBURGER,Turkey Burger,sandwiches & burgers,all,builtin,,,1 burger,1,D,pan grilled,1.0,1.0,,,1.0,active,,,,,,
SAND_062,VEGGIEBURGER,Veggie Burger,sandwiches & burgers,veggie,dish,,15 min,1 burger,1,Rule D,pan grilled,1.00,1.00,,,1.00,,,Rule D — no canonical match used.,Veggie Burger computed from SR Legacy values only.,,,
SAND_063,HOTDOG,Classic Hot Dog,sandwiches & burgers,all,dish,,10 min,1 hot dog,1,Rule D,grilled,1.00,1.00,,,1.00,,,Rule D — no canonical match used.,Classic Hot Dog computed from SR Legacy values only.,,,
SAND_064,CHICAGOSTYLEHOTDOG,Chicago Style Hot Dog,sandwiches & burgers,all,dish,,10 min,1 hot dog,1,Rule D,grilled,1.00,1.00,,,1.00,,,Rule D — no canonical match used.,Chicago Style Hot Dog computed from SR Legacy values only.,,,
SAND_065,CHILIDOG,Chili Dog,sandwiches & burgers,all,dish,,10 min,1 hot dog,1,Rule D,grilled,1.00,1.00,,,1.00,,,Rule D — no canonical match used.,Chili Dog computed from SR Legacy values only.,,,
SAND_066,CORNDOG,Corn Dog,sandwiches & burgers,all,dish,,15 min,1 corn dog,6,Rule D,fried,0.85,1.00,,,1.00,,,Rule D — no canonical match used.,Corn Dog computed from SR Legacy values only.,,,
SAND_067,SLAWDOG,Slaw Dog,sandwiches & burgers,all,dish,,10 min,1 hot dog,1,Rule D,grilled,1.00,1.00,,,1.00,,,Rule D — no canonical match used.,Slaw Dog computed from SR Legacy values only.,,,
SAUCE_001,BECHAMEL,Béchamel Sauce,sauces & condiments,veggie,dish,,30 min,1/4 cup (makes 4),4,Rule D,boiled,0.88,1.00,,,1.00,approved,,Rule D — no canonical match used.,Béchamel Sauce computed from SR Legacy values only.,PASS,,
SAUCE_002,MORNAYSAUCE,Mornay Sauce,sauces & condiments,veggie,builtin,,,1/4 cup (makes 4+),4,Rule D,raw,1.00,1.00,,,1.00,complete,,Béchamel + 2 oz Gruyère + 2 oz Parmesan; Rule D composite,,approved,154.1 kcal 6.59P 11.27F 6.75C per 100g,
SAUCE_003,SOUBISESAUCE,Soubise Sauce,sauces & condiments,veggie,builtin,,,1/4 cup (makes 6+),6,Rule D,raw,1.00,1.00,,,1.00,approved,,Béchamel + sweated onion purée; onion section yfw=0.45; Rule D composite,,PASS,133.6 kcal 3.02P 9.16F 10.50C per 100g,
SAUCE_004,CREMESAUCE,Sauce Crème,sauces & condiments,veggie,builtin,,,1/4 cup (makes 5),5,Rule D,raw,1.00,1.00,,,1.00,approved,,Béchamel + heavy cream reduction; cream section yfw=0.82; Rule D composite,Sauce Crème computed from SR Legacy values only.,PASS,170.2 kcal 3.47P 14.70F 6.58C per 100g,
SAUCE_005,AUROREBECHAMEL,Sauce Aurore — Béchamel,sauces & condiments,veggie,builtin,,,1/4 cup (makes 4+),4,Rule D,raw,1.00,1.00,,,1.00,approved,,Béchamel + tomato purée; no reduction; Rule D composite,Sauce Aurore computed from SR Legacy values only.,PASS,113.5 kcal 3.29P 7.99F 7.56C per 100g,
SAUCE_006,VELOUTE,Velouté,sauces & condiments,all,builtin,,,1/4 cup (makes 4),4,Rule D,boiled,0.88,1.00,,,1.00,approved,,Chicken broth + blonde roux; yfw=0.88; Rule D — no canonical,Velouté computed from SR Legacy values only.,PASS,62.4 kcal 1.05P 5.26F 2.96C per 100g,
STOCK_001,WHITECHICKENSTOCK,White Chicken Stock,sauces & condiments,all,builtin,,,1 qt (makes 4),4,Rule D,boiled,0.680,0.089,0.366,0.02,1.00,approved,,Bones strained out; yfw=0.62 targets ~1 qt from 6.1 kg raw; Rule D — no canonical,White Chicken Stock computed from SR Legacy values only.,PASS,,
STOCK_002,BROWNCHICKENSTOCK,Brown Chicken Stock,sauces & condiments,all,builtin,,,1 qt (makes 4),4,Rule D,boiled,0.680,0.089,0.366,0.02,1.00,approved,,Bones and veg roasted then simmered; same yield model as STOCK_001; Rule D — no canonical,Brown Chicken Stock computed from SR Legacy values only.,PASS,,
STOCK_003,CHICKENBROTH,Chicken Broth,sauces & condiments,all,builtin,,,1 qt (makes 4),4,Rule D,boiled,0.680,0.089,0.366,0.02,1.00,approved,,Backs and wings simmered; same yield model as STOCK_001; Rule D — no canonical,Chicken Broth computed from SR Legacy values only.,PASS,,
STOCK_004,BEEFSTOCK,Beef Stock,sauces & condiments,all,builtin,,,1 qt (makes 3+),3,Rule D,boiled,0.680,0.089,0.366,0.02,1.00,approved,,Beef shank simmered with aromatics; same yield model as STOCK_001; Rule D — no canonical,Beef Stock computed from SR Legacy values only.,PASS,,
STOCK_005,BEEFBONEBROTH,Beef Bone Broth,sauces & condiments,all,builtin,,,1 qt (makes 2+),2,Rule D,boiled,0.680,0.089,0.395,0.02,1.00,approved,,Beef shank simmered 12-24 hours with aromatics and ACV; yfp=0.395 calibrated against Kettle & Fire label (19g P / 479g serving); Rule D — no canonical,Beef Bone Broth computed from SR Legacy values; yfp calibrated against commercial bone broth label.,PASS,,
STOCK_006,FISHBROTH,Fish Stock,sauces & condiments,pesca,builtin,6963,,1 qt (makes 3+),3,Rule C,boiled,0.900,1.000,0.355,0.293,1.00,approved,,Fish stock (fumet) with cod Atlantic; yfc=0.293 calibrated to hit canonical carbs; E=-5.5% (ethanol calories evaporate, not modeled); Sugar+422% (wine+veg vs bare bone broth — structurally irreducible); P/F/C/W all within 3.5%; Rule C — NDB 6963,Fish Stock computed from SR Legacy values.,PASS,,
STOCK_007,VEGETABLEBROTH,Vegetable Stock,sauces & condiments,vegan,builtin,6700,,1 qt (makes 2+),2,Rule C,boiled,0.820,0.950,0.484,0.290,1.00,approved,,"Veg stock; yfw=0.82, yfp=0.484, yff=0.95, yfc=0.290 calibrated vs NDB 6700; E=+5.6% structural (fiber Atwater); P/F/C=0.0%; Su=+131% (fresh veg vs commercial broth); Rule C",Vegetable Stock computed from SR Legacy values.,PASS,,
