recipe_id,row_order,ingredient_key,qty_display,grams,grams_min,grams_max,section,ingredient_group,is_optional,display_name_override
SWEET_001,1,flour_ap_white_enriched_unbleached,2 cups,250.0,150.0,400.0,crust,crust,false,
SWEET_001,2,salt_table,3/4 teaspoon,4.5,1.0,12.0,crust,crust,false,
SWEET_001,3,butter_unsalted,4 tablespoon,56.8,40.0,200.0,crust,crust,false,
SWEET_001,4,vegetable_shortening,7 tablespoon,89.6,15.0,130.0,crust,crust,false,
SWEET_001,5,water_tap,5 tablespoon ice water,74.0625,30.0,150.0,crust,crust,false,
SWEET_001,6,apple_granny_smith_raw,just under 7 cups sliced,750.0,400.0,1000.0,filling,filling,false,
SWEET_001,7,sugar_granulated,2/3 cup,133.3333,40.0,200.0,filling,filling,false,
SWEET_001,8,lemon_juice_raw,1 tablespoon,15.25,3.0,40.0,filling,filling,false,
SWEET_001,9,butter_unsalted,1 tablespoon,14.2,3.0,40.0,filling,filling,false,unsalted butter (cut into pieces)
SWEET_001,10,cornstarch,5 tablespoon,40.0,4.0,50.0,filling,filling,false,
SWEET_001,11,cinnamon_ground,1 teaspoon,2.6,0.0,8.0,filling,filling,false,
SWEET_001,12,cloves_ground,1 teaspoon,2.1,0.0,8.0,filling,filling,false,
SWEET_001,13,allspice_ground,1 teaspoon,1.9,0.0,8.0,filling,filling,false,
SWEET_001,14,water_tap,1/4 cup,59.25,0.0,120.0,filling,filling,false,
SWEET_002,1,puff_pastry_baked,1 sheet,245.0,200.0,300.0,pastry,pastry,false,
SWEET_002,3,apple_granny_smith_raw,5 cups thinly sliced,542.0,400.0,700.0,filling,filling,false,Granny Smith apples (thinly sliced)
SWEET_002,4,sugar_granulated,3/4 cup + 1 tablespoon,162.5,80.0,200.0,filling,filling,false,
SWEET_002,5,sugar_brown,1/4 cup,36.0,20.0,80.0,filling,filling,false,
SWEET_002,6,raisins_seedless,3/4 cup + 1 tablespoon,134.0625,40.0,150.0,filling,filling,false,
SWEET_002,7,flour_ap_white_enriched_unbleached,2 tablespoons,15.625,8.0,30.0,filling,filling,false,flour (for thickening)
SWEET_002,8,water_tap,1/4 cup,59.25,0.0,120.0,filling,filling,false,water (evaporates during simmer)
SWEET_002,9,bread_crumbs_dry,1/2 cup,54.0,30.0,100.0,filling,filling,false,
SWEET_002,10,butter_unsalted,3 tablespoons,42.6,15.0,80.0,filling,filling,false,butter (for browning the bread crumbs)
SWEET_002,11,lemon_juice_raw,1 tablespoon,15.25,5.0,40.0,filling,filling,false,
SWEET_002,12,salt_table,1/4 teaspoon (heaping),1.5,0.0,4.0,filling,filling,false,salt (pinch)
SWEET_002,13,cinnamon_ground,1 teaspoon,2.6,0.0,8.0,filling,filling,true,
SWEET_002,14,egg_whole_raw,1 large egg,50.0,40.0,60.0,finish,finish,false,large egg (beaten (for sealing and basting the pastry))
SWEET_003,1,flour_ap_white_enriched_unbleached,1 1/4 cups,156.25,100.0,250.0,crust,crust,false,
SWEET_003,2,salt_table,1/4 teaspoon,1.5,1.0,8.0,crust,crust,false,
SWEET_003,3,butter_unsalted,4 tablespoons,56.8,40.0,200.0,crust,crust,false,
SWEET_003,4,water_tap,4 tablespoons ice water,59.25,20.0,90.0,crust,crust,false,
SWEET_003,5,milk_whole,1 1/2 cups,366.0,300.0,700.0,filling,filling,false,
SWEET_003,6,sugar_granulated,5 tablespoons,62.5,50.0,200.0,filling,filling,false,
SWEET_003,7,cornstarch,4 tablespoons,32.0,15.0,60.0,filling,filling,false,
SWEET_003,8,salt_table,1/4 teaspoon,1.5,0.0,2.0,filling,filling,false,
SWEET_003,9,egg_yolk_raw,2 large yolks,35.0,30.0,120.0,filling,filling,false,egg yolks (lightly beaten)
SWEET_003,10,butter_unsalted,1 1/4 tablespoons,17.75,15.0,60.0,filling,filling,false,butter (cut into pieces)
SWEET_003,11,vanilla_extract,1 teaspoon,4.2,0.0,12.0,filling,filling,false,
SWEET_003,12,banana_raw,50 grams (sliced),50.0,50.0,500.0,assembly,assembly,false,bananas (sliced ~1/4 inch thick) a little more than 1/3 medium banana
SWEET_003,13,heavy_cream,1/4 cup,59.5,60.0,350.0,topping,topping,false,
SWEET_003,14,sugar_powdered,3/4 tablespoon,6.0,5.0,40.0,topping,topping,false,
SWEET_003,15,vanilla_extract,1/2 teaspoon,2.1,0.0,8.0,topping,topping,true,
SWEET_004,1,flour_ap_white_enriched_unbleached,2 cups,250.0,100.0,500.0,crust,crust,false,
SWEET_004,2,salt_table,3/4 teaspoon,4.5,1.0,12.0,crust,crust,false,
SWEET_004,3,butter_unsalted,3/4 cup,170.25,100.0,300.0,crust,crust,false,unsalted butter (chilled)
SWEET_004,4,water_tap,5 tablespoon ice water,74.0625,40.0,150.0,crust,crust,false,
SWEET_004,5,sugar_granulated,2 teaspoons,8.4,0.0,20.0,crust,crust,false,
SWEET_004,6,blueberries_raw,5 cups,740.0,500.0,1000.0,filling,filling,false,blueberries (fresh)
SWEET_004,7,sugar_granulated,1/2 cup,100.0,100.0,250.0,filling,filling,false,
SWEET_004,8,cornstarch,1/4 cup,32.0,15.0,60.0,filling,filling,false,
SWEET_004,9,lemon_juice_raw,1 tablespoon,15.25,5.0,30.0,filling,filling,false,
SWEET_004,10,cinnamon_ground,1/2 teaspoon,1.3,0.0,5.0,filling,filling,false,
SWEET_004,11,salt_table,1/4 teaspoon,1.5,0.0,3.0,filling,filling,false,
SWEET_004,12,butter_unsalted,1 tablespoon,14.2,0.0,30.0,filling,filling,false,unsalted butter (dotted on top of filling)
SWEET_004,13,egg_whole_raw,1 large egg (for wash; ~half adheres),25.0,0.0,60.0,wash,wash,false,large egg (beaten with 1 tsp water; brush onto lattice)
SWEET_004,14,water_tap,1 teaspoon (egg wash),5.0,0.0,20.0,wash,wash,false,
SWEET_005,1,flour_ap_white_enriched_unbleached,2 cups,250.0,100.0,500.0,crust,crust,false,
SWEET_005,2,salt_table,3/4 teaspoon,4.5,1.0,12.0,crust,crust,false,
SWEET_005,3,butter_unsalted,3/4 cup,170.25,100.0,300.0,crust,crust,false,unsalted butter (chilled)
SWEET_005,4,water_tap,5 tablespoon ice water,74.0625,40.0,150.0,crust,crust,false,
SWEET_005,5,sugar_granulated,2 teaspoons,8.4,0.0,20.0,crust,crust,false,
SWEET_005,6,cherries_sour_red_raw,4 cups (pitted),620.0,400.0,900.0,filling,filling,false,"fresh or thawed frozen tart cherries, pitted"
SWEET_005,7,sugar_granulated,1 cup,200.0,100.0,300.0,filling,filling,false,
SWEET_005,8,cornstarch,1/4 cup,32.0,15.0,60.0,filling,filling,false,
SWEET_005,9,lemon_juice_raw,1 tablespoon,15.25,5.0,30.0,filling,filling,false,
SWEET_005,10,salt_table,1/4 teaspoon,1.5,0.0,3.0,filling,filling,false,
SWEET_005,11,butter_unsalted,1 tablespoon,14.2,0.0,30.0,filling,filling,false,unsalted butter (dotted on top of filling)
SWEET_005,12,egg_whole_raw,1 large egg (for wash; ~half adheres),25.0,0.0,60.0,wash,wash,false,large egg (beaten with 1 tsp water; brush onto lattice)
SWEET_005,13,water_tap,1 teaspoon (egg wash),5.0,0.0,20.0,wash,wash,false,
SWEET_006,1,flour_ap_white_enriched_unbleached,1 1/2 cups,187.5,100.0,250.0,crust,crust,false,
SWEET_006,2,salt_table,1/2 teaspoon,3.0,1.0,8.0,crust,crust,false,
SWEET_006,3,butter_unsalted,6 tablespoons,85.2,60.0,200.0,crust,crust,false,unsalted butter (chilled)
SWEET_006,4,water_tap,3 tablespoon ice water,44.4375,20.0,90.0,crust,crust,false,
SWEET_006,5,sugar_granulated,1 cup,200.0,150.0,350.0,filling,filling,false,
SWEET_006,6,lemon_peel_raw,1 tablespoon,6.0,0.0,20.0,filling,filling,false,finely grated zest
SWEET_006,7,egg_yolk_raw,5 large yolks,85.0,30.0,160.0,filling,filling,false,egg yolks (reserve whites)
SWEET_006,8,salt_table,1/2 teaspoon,3.0,0.0,3.0,filling,filling,false,
SWEET_006,9,butter_unsalted,7 tablespoons,99.4,30.0,170.0,filling,filling,false,unsalted butter (cut into 1/2-inch pieces)
SWEET_006,10,lemon_juice_raw,2/3 cup,162.6667,60.0,240.0,filling,filling,false,lemon juice (fresh squeezed)
SWEET_006,11,water_tap,1 cup,237.0,150.0,350.0,filling,filling,false,ice water (whisked with cornstarch into slurry)
SWEET_006,12,cornstarch,1/4 cup,32.0,20.0,60.0,filling,filling,false,cornstarch (slurry with water)
SWEET_006,13,egg_white_raw,5 large whites,165.0,60.0,320.0,topping,topping,false,egg whites (room temperature; pair with 5 yolks above)
SWEET_006,14,sugar_granulated,2/3 cup,133.3333,50.0,200.0,topping,topping,false,
SWEET_006,15,salt_table,1/4 teaspoon,1.5,0.0,3.0,topping,topping,false,
SWEET_007,1,flour_ap_white_enriched_unbleached,2 1/2 cups,312.5,200.0,400.0,crust,crust,false,
SWEET_007,2,salt_table,1 1/8 teaspoon,6.75,1.0,12.0,crust,crust,false,
SWEET_007,3,butter_unsalted,5 tablespoon,71.0,40.0,120.0,crust,crust,false,
SWEET_007,4,vegetable_shortening,8 tablespoon + 2 teaspoon,110.9333,40.0,150.0,crust,crust,false,
SWEET_007,5,water_tap,5 tablespoon ice water,74.0625,30.0,150.0,crust,crust,false,
SWEET_007,6,raisins_seedless,1/3 cup,55.0,37.5,112.5,filling,filling,false,dark raisins
SWEET_007,7,raisins_golden,1/3 cup,48.3333,37.5,112.5,filling,filling,false,
SWEET_007,8,currants_zante_dried,1/2 cup,72.5,37.5,112.5,filling,filling,false,
SWEET_007,9,cranberries_dried_sweetened,1/3 cup,40.0,30.0,90.0,filling,filling,false,
SWEET_007,10,dates_medjool,1/3 cup,50.0,37.5,112.5,filling,filling,false,"medjool dates (pitted, chopped)"
SWEET_007,11,apricots_dried,1/3 cup,43.3333,32.5,97.5,filling,filling,false,dried apricots (chopped)
SWEET_007,12,candied_fruit_mixed,1/3 cup,60.0,30.0,90.0,filling,filling,false,mixed candied peel/citron
SWEET_007,13,apple_granny_smith_raw,5 medium apples,600.0,180.0,540.0,filling,filling,false,"peeled, cored, finely chopped"
SWEET_007,14,sugar_brown,1 1/4 cup,250.0,55.0,165.0,filling,filling,false,brown sugar (packed)
SWEET_007,15,butter_unsalted,2 tablespoon,28.4,7.0,21.0,filling,filling,false,unsalted butter (cut into pieces)
SWEET_007,16,water_tap,1/2 cup + 2 tablespoon,148.125,80.0,240.0,filling,filling,false,ice water (or unsweetened apple juice)
SWEET_007,17,lemon_peel_raw,zest of 1 lemon,6.0,3.0,9.0,filling,filling,false,grated zest
SWEET_007,18,lemon_juice_raw,2 tablespoons,30.5,15.0,45.0,filling,filling,false,
SWEET_007,19,cinnamon_ground,1 teaspoon,2.6,1.3,3.9000000000000004,filling,filling,false,
SWEET_007,20,nutmeg_ground,1/4 teaspoon,0.55,0.25,0.75,filling,filling,false,
SWEET_007,21,cloves_ground,1/4 teaspoon,0.525,0.25,0.75,filling,filling,false,
SWEET_007,22,ginger_ground,1/8 teaspoon,0.225,0.1,0.30000000000000004,filling,filling,false,
SWEET_007,23,allspice_ground,1/4 teaspoon,0.475,0.25,0.75,filling,filling,false,
SWEET_007,24,salt_table,3/4 teaspoon,4.5,2.0,7.0,filling,filling,false,
SWEET_007,25,egg_whole_raw,1 large egg,25.0,12.5,37.5,wash,wash,false,~25g of beaten egg adheres to lattice
SWEET_007,26,water_tap,1 teaspoon,4.9375,2.5,7.5,wash,wash,false,
SWEET_008,1,flour_ap_white_enriched_unbleached,2 cups,250.0,125.0,375.0,crust,crust,false,
SWEET_008,2,salt_table,1 teaspoon,6.0,3.0,9.0,crust,crust,false,
SWEET_008,3,butter_unsalted,3/4 cup,170.25,85.0,255.0,crust,crust,false,"unsalted butter (chilled, cubed)"
SWEET_008,4,water_tap,5 tablespoons,74.0625,37.5,112.5,crust,crust,false,ice water
SWEET_008,5,sugar_granulated,2 teaspoons,8.4,4.0,12.0,crust,crust,false,
SWEET_008,6,peach_yellow_raw,about 7 cups sliced (about 3 lb),1360.0,680.0,2040.0,filling,filling,false,"peaches (peeled, pitted, sliced)"
SWEET_008,7,sugar_granulated,1/2 cup,100.0,50.0,150.0,filling,filling,false,
SWEET_008,8,sugar_brown,1/4 cup packed,55.0,27.5,82.5,filling,filling,false,
SWEET_008,9,cornstarch,1/4 cup,32.0,16.0,48.0,filling,filling,false,
SWEET_008,10,lemon_juice_raw,1 tablespoon,15.25,7.5,22.5,filling,filling,false,
SWEET_008,11,cinnamon_ground,1/2 teaspoon,1.3,0.65,1.9500000000000002,filling,filling,false,
SWEET_008,12,nutmeg_ground,1/4 teaspoon,0.55,0.25,0.75,filling,filling,false,
SWEET_008,13,salt_table,1/4 teaspoon,1.5,0.75,2.25,filling,filling,false,
SWEET_008,14,butter_unsalted,1 tablespoon,14.2,7.0,21.0,filling,filling,false,"unsalted butter (cut into small pieces, dotted on top)"
SWEET_008,15,egg_whole_raw,1 large egg,25.0,12.5,37.5,wash,wash,false,~25g of beaten egg adheres to lattice
SWEET_008,16,water_tap,1 teaspoon,4.9375,2.5,7.5,wash,wash,false,
SWEET_009,1,flour_ap_white_enriched_unbleached,1 1/2 cups,187.5,100.0,250.0,crust,crust,false,
SWEET_009,2,salt_table,1/2 teaspoon,3.0,1.0,8.0,crust,crust,false,
SWEET_009,3,butter_unsalted,6 tablespoons,85.2,60.0,200.0,crust,crust,false,
SWEET_009,4,water_tap,3 tablespoons ice water,44.4375,20.0,90.0,crust,crust,false,
SWEET_009,5,corn_syrup_light,1 cup,341.0,250.0,400.0,filling,filling,false,
SWEET_009,6,sugar_brown,1 cup packed,220.0,150.0,300.0,filling,filling,false,
SWEET_009,7,egg_whole_raw,3 large,150.0,120.0,180.0,filling,filling,false,large eggs (lightly beaten)
SWEET_009,8,butter_unsalted,1/4 cup,56.75,40.0,80.0,filling,filling,false,butter (melted)
SWEET_009,9,flour_ap_white_enriched_unbleached,1 tablespoon,7.8125,5.0,15.0,filling,filling,false,all-purpose flour (helps the filling set)
SWEET_009,10,vanilla_extract,1 teaspoon,4.2,0.0,12.0,filling,filling,false,
SWEET_009,11,salt_table,5/8 teaspoon,3.75,1.0,8.0,filling,filling,false,
SWEET_009,12,pecans_raw,"2 cups halves, coarsely chopped (save enough halves to line the top)",200.0,150.0,250.0,filling,filling,false,"pecan halves, coarsely chopped (save enough whole halves to line the top)"
SWEET_010,1,flour_ap_white_enriched_unbleached,1 1/4 cups,156.25,120.0,200.0,crust,crust,false,
SWEET_010,2,salt_table,1/2 teaspoon,3.0,1.0,8.0,crust,crust,false,
SWEET_010,3,butter_unsalted,6 tablespoons,85.2,60.0,110.0,crust,crust,false,
SWEET_010,4,water_tap,2 1/2 tablespoons ice water,37.0312,20.0,60.0,crust,crust,false,
SWEET_010,5,pumpkin_canned,1 can (15 oz),425.0,350.0,500.0,filling,filling,false,canned pumpkin puree (not pumpkin pie filling)
SWEET_010,6,milk_evaporated,1 can (12 oz),354.0,300.0,400.0,filling,filling,false,evaporated milk
SWEET_010,7,sugar_granulated,3/4 cup,150.0,120.0,200.0,filling,filling,false,
SWEET_010,8,egg_whole_raw,2 large,100.0,80.0,120.0,filling,filling,false,large eggs (lightly beaten)
SWEET_010,9,pumpkin_pie_spice,1 tablespoon,5.1,3.0,8.0,filling,filling,false,pumpkin pie spice (or 1 1/2 tsp cinnamon + 1/2 tsp ginger + 1/2 tsp nutmeg + 1/4 tsp cloves)
SWEET_010,10,salt_table,1/2 teaspoon,3.0,1.0,8.0,filling,filling,false,
SWEET_010,11,butter_unsalted,1 tablespoon,14.2,10.0,30.0,filling,filling,false,butter (melted)
SWEET_011,1,flour_ap_white_enriched_unbleached,1 1/2 cups,187.5,100.0,250.0,crust,crust,false,
SWEET_011,2,salt_table,1/2 teaspoon,3.0,1.0,8.0,crust,crust,false,
SWEET_011,3,butter_unsalted,6 tablespoons,85.2,60.0,200.0,crust,crust,false,
SWEET_011,4,water_tap,3 tablespoons ice water,44.4375,20.0,90.0,crust,crust,false,
SWEET_011,5,milk_whole,2 cups,488.0,300.0,700.0,filling,filling,false,
SWEET_011,6,sugar_granulated,1/2 cup + 1 tablespoon,112.5,60.0,200.0,filling,filling,false,
SWEET_011,7,cornstarch,1/4 cup,32.0,15.0,60.0,filling,filling,false,
SWEET_011,8,flour_ap_white_enriched_unbleached,6 1/2 tablespoons,50.7812,5.0,40.0,filling,filling,false,
SWEET_011,9,salt_table,3/4 teaspoon,4.5,1.0,8.0,filling,filling,false,
SWEET_011,10,egg_yolk_raw,4 large yolks,80.0,40.0,120.0,filling,filling,false,egg yolks (lightly beaten)
SWEET_011,11,butter_unsalted,1 tablespoon,14.2,15.0,60.0,filling,filling,false,butter (cut into pieces)
SWEET_011,12,vanilla_extract,2 teaspoons,8.4,0.0,20.0,filling,filling,false,pure vanilla extract
SWEET_011,13,heavy_cream,1/2 cup,119.0,150.0,350.0,topping,topping,false,
SWEET_011,14,sugar_powdered,1 1/4 tablespoons,10.0,5.0,40.0,topping,topping,false,
SWEET_011,15,vanilla_extract,1/2 teaspoon,2.1,0.0,8.0,topping,topping,true,
SWEET_012,1,flour_ap_white_enriched_unbleached,1 1/2 cups,187.5,100.0,250.0,cake,cake,false,
SWEET_012,2,baking_powder,1 1/2 teaspoons,6.9,2.0,12.0,cake,cake,false,
SWEET_012,3,salt_table,1/4 teaspoon,1.5,0.5,4.0,cake,cake,false,
SWEET_012,4,butter_unsalted,1/2 cup,113.5,60.0,200.0,cake,cake,false,"unsalted butter, softened"
SWEET_012,5,sugar_granulated,1 cup,200.0,100.0,300.0,cake,cake,false,
SWEET_012,6,egg_whole_raw,3 large,150.0,120.0,180.0,cake,cake,false,large eggs (room temperature)
SWEET_012,7,vanilla_extract,1 1/2 teaspoons,6.3,0.0,15.0,cake,cake,false,
SWEET_012,8,milk_whole,3/4 cup,183.0,90.0,270.0,cake,cake,false,
SWEET_012,9,milk_whole,1 1/2 cups,366.0,220.0,500.0,filling,filling,false,
SWEET_012,10,sugar_granulated,1/3 cup,66.6667,40.0,120.0,filling,filling,false,
SWEET_012,11,cornstarch,2 tablespoons,16.0,8.0,30.0,filling,filling,false,
SWEET_012,12,salt_table,1/8 teaspoon,0.75,0.0,2.0,filling,filling,false,
SWEET_012,13,egg_yolk_raw,3 large yolks,51.0,30.0,90.0,filling,filling,false,egg yolks (lightly beaten)
SWEET_012,14,butter_unsalted,1 tablespoon,14.2,8.0,30.0,filling,filling,false,butter (cut in pieces)
SWEET_012,15,vanilla_extract,1 teaspoon,4.2,0.0,12.0,filling,filling,false,
SWEET_012,16,heavy_cream,1/4 cup,59.5,40.0,120.0,glaze,glaze,false,
SWEET_012,17,chocolate_semisweet,4 ounces,113.0,80.0,200.0,glaze,glaze,false,"semisweet chocolate, chopped"
SWEET_012,18,butter_unsalted,1 tablespoon,14.2,8.0,30.0,glaze,glaze,false,butter
SWEET_013,1,chocolate_sandwich_cookies,24 cookies,240.0,160.0,300.0,crust,crust,false,"chocolate sandwich cookies (such as Oreos), finely crushed"
SWEET_013,2,butter_unsalted,5 tablespoons,71.0,50.0,90.0,crust,crust,false,butter (melted)
SWEET_013,3,milk_whole,2 cups,488.0,350.0,700.0,filling,filling,false,
SWEET_013,4,heavy_cream,1/2 cup,119.0,80.0,200.0,filling,filling,false,
SWEET_013,5,sugar_granulated,2/3 cup,133.3333,60.0,200.0,filling,filling,false,
SWEET_013,6,cornstarch,3 tablespoons,24.0,12.0,45.0,filling,filling,false,
SWEET_013,7,cocoa_powder_unsweetened,2 tablespoons,10.8,5.0,20.0,filling,filling,false,unsweetened cocoa powder
SWEET_013,8,salt_table,1/8 teaspoon,0.75,0.0,2.0,filling,filling,false,
SWEET_013,9,egg_yolk_raw,4 large yolks,68.0,40.0,120.0,filling,filling,false,egg yolks (lightly beaten)
SWEET_013,10,chocolate_semisweet,8 ounces,227.0,120.0,260.0,filling,filling,false,"semisweet chocolate, chopped"
SWEET_013,11,butter_unsalted,3 tablespoons,42.6,15.0,60.0,filling,filling,false,butter
SWEET_013,12,vanilla_extract,1 teaspoon,4.2,0.0,12.0,filling,filling,false,
SWEET_013,13,heavy_cream,1 cup,238.0,180.0,350.0,topping,topping,false,
SWEET_013,14,sugar_powdered,2 tablespoons,16.0,8.0,40.0,topping,topping,false,
SWEET_013,15,vanilla_extract,1/2 teaspoon,2.1,0.0,8.0,topping,topping,true,
SWEET_014,1,flour_ap_white_enriched_unbleached,1 1/2 cups,187.5,120.0,250.0,crust,crust,false,all-purpose flour
SWEET_014,2,salt_table,1/2 teaspoon,3.0,0.5,6.0,crust,crust,false,
SWEET_014,3,butter_unsalted,6 tablespoons,85.2,60.0,120.0,crust,crust,false,"cold unsalted butter, cubed"
SWEET_014,4,water_tap,3 tablespoons,44.4375,30.0,75.0,crust,crust,false,ice water (more as needed)
SWEET_014,5,half_and_half,1 cup,242.0,180.0,360.0,filling,filling,false,
SWEET_014,6,coconut_milk_canned,1 can (13.5 oz),400.0,350.0,450.0,filling,filling,false,"canned coconut milk (full-fat, well shaken)"
SWEET_014,7,sugar_granulated,2/3 cup,133.3333,60.0,200.0,filling,filling,false,
SWEET_014,8,cornstarch,4 tablespoons,32.0,15.0,60.0,filling,filling,false,
SWEET_014,9,salt_table,1/2 teaspoon,3.0,0.5,6.0,filling,filling,false,
SWEET_014,10,egg_yolk_raw,4 large yolks,68.0,40.0,120.0,filling,filling,false,egg yolks (lightly beaten)
SWEET_014,11,butter_unsalted,2 tablespoons,28.4,15.0,60.0,filling,filling,false,butter
SWEET_014,12,vanilla_extract,1 teaspoon,4.2,0.0,12.0,filling,filling,false,
SWEET_014,13,coconut_flaked_sweetened,1 cup,74.0,50.0,100.0,filling,filling,false,sweetened flaked coconut
SWEET_014,14,heavy_cream,1 1/2 cups,357.0,230.0,460.0,topping,topping,false,
SWEET_014,15,sugar_powdered,2 tablespoons,16.0,8.0,40.0,topping,topping,false,
SWEET_014,16,vanilla_extract,1/2 teaspoon,2.1,0.0,8.0,topping,topping,true,
SWEET_014,17,coconut_flaked_sweetened,1/4 cup,18.5,10.0,30.0,topping,topping,true,"sweetened flaked coconut, lightly toasted (for garnish)"
SWEET_015,1,flour_ap_white_enriched_unbleached,1 1/2 cups,187.5,120.0,250.0,crust,crust,false,all-purpose flour
SWEET_015,2,salt_table,1/2 teaspoon,3.0,0.5,6.0,crust,crust,false,
SWEET_015,3,butter_unsalted,6 tablespoons,85.2,60.0,120.0,crust,crust,false,"cold unsalted butter, cubed"
SWEET_015,4,water_tap,3 tablespoons,44.4375,30.0,75.0,crust,crust,false,ice water (more as needed)
SWEET_015,5,egg_whole_raw,4 large eggs,200.0,150.0,300.0,filling,filling,false,large eggs
SWEET_015,6,sugar_granulated,3/4 cup,150.0,80.0,250.0,filling,filling,false,
SWEET_015,7,salt_table,1/4 teaspoon,1.5,0.5,6.0,filling,filling,false,
SWEET_015,8,nutmeg_ground,1/4 teaspoon,0.55,0.0,4.0,filling,filling,false,"ground nutmeg, plus more for sprinkling"
SWEET_015,9,milk_whole,2 1/2 cups,610.0,400.0,800.0,filling,filling,false,"whole milk, scalded"
SWEET_015,10,vanilla_extract,2 teaspoons,8.4,0.0,16.0,filling,filling,false,
SWEET_016,1,flour_ap_white_enriched_unbleached,2 1/4 cups,281.25,200.0,350.0,cake,cake,false,"all-purpose flour, sifted"
SWEET_016,2,baking_powder,1 tablespoon,13.8,8.0,18.0,cake,cake,false,baking powder
SWEET_016,3,salt_table,5/8 teaspoon,3.75,2.0,8.0,cake,cake,false,
SWEET_016,4,vegetable_shortening,1/2 cup + 1 tablespoon,115.3,60.0,160.0,cake,cake,false,"vegetable shortening, room temperature"
SWEET_016,5,sugar_granulated,1 3/4 cups,350.0,200.0,400.0,cake,cake,false,
SWEET_016,6,milk_whole,7/8 cup,213.5,180.0,320.0,cake,cake,false,"whole milk, room temperature"
SWEET_016,7,vanilla_extract,2 teaspoons,8.4,4.0,16.0,cake,cake,false,pure vanilla extract
SWEET_016,8,egg_white_raw,6 large whites,198.0,90.0,200.0,cake,cake,false,"egg whites, room temperature"
SWEET_017,1,flour_ap_white_enriched_unbleached,2 1/4 cups,281.25,200,320,cake,cake,false,sifted all-purpose flour
SWEET_017,2,baking_powder,1 tablespoon,13.8,10,18,cake,cake,false,
SWEET_017,3,salt_table,5/8 teaspoon,3.75,2,6,cake,cake,false,
SWEET_017,4,vegetable_shortening,1/2 cup + 1 tablespoon,115.3,80,150,cake,cake,false,room temperature
SWEET_017,5,sugar_granulated,1 3/4 cups,350.0,300,400,cake,cake,false,
SWEET_017,6,milk_whole,7/8 cup,213.5,150,280,cake,cake,false,room temperature
SWEET_017,7,vanilla_extract,2 teaspoons,8.4,4,12,cake,cake,false,pure vanilla extract
SWEET_017,8,egg_white_raw,6 large whites,198.0,150,250,cake,cake,false,room temperature
SWEET_017,9,egg_white_raw,3 large whites,99.0,60,130,frosting,frosting,false,room temperature
SWEET_017,10,sugar_granulated,1 3/4 cups,350.0,300,400,frosting,frosting,false,
SWEET_017,11,coconut_water,1/3 cup,80.0,60,100,frosting,frosting,false,
SWEET_017,12,cream_of_tartar,1/2 teaspoon,1.5,0,3,frosting,frosting,false,
SWEET_017,13,salt_table,1/4 teaspoon,1.5,0,3,frosting,frosting,false,
SWEET_017,14,coconut_extract,1 teaspoon,4.2,2,8,frosting,frosting,false,coconut-flavored extract
SWEET_017,15,vanilla_extract,1/2 teaspoon,2.1,1,4,frosting,frosting,false,pure vanilla extract
SWEET_017,16,coconut_flaked_sweetened,2 cups,148.0,100,200,frosting,frosting,false,sweetened flaked coconut
SWEET_018,1,flour_ap_white_enriched_unbleached,1 1/2 cups,187.5,200,350,cake,cake,false,"all-purpose flour, sifted"
SWEET_018,1b,flour_cake_white_enriched,3/4 cup,93.75,40,120,cake,cake,false,sifted cake flour
SWEET_018,2,sugar_granulated,1 1/4 cups,250.0,200,400,cake,cake,false,granulated sugar
SWEET_018,3,baking_powder,2 teaspoons,9.2,6,15,cake,cake,false,baking powder
SWEET_018,4,salt_table,3/4 teaspoon,4.5,2,6,cake,cake,false,
SWEET_018,5,butter_unsalted,1/4 cup,56.75,60,200,cake,cake,false,"unsalted butter, soft"
SWEET_018,5b,vegetable_shortening,1/4 cup + 1 tablespoon,64.05,0,100,cake,cake,false,"vegetable shortening, soft"
SWEET_018,6,milk_whole,2/3 cup,162.6667,120,244,cake,cake,false,whole milk
SWEET_018,7,vanilla_extract,1 1/4 teaspoons,5.25,4,16,cake,cake,false,pure vanilla extract
SWEET_018,8,egg_whole_raw,2 large,100.0,100,200,cake,cake,false,"large eggs, unbeaten"
SWEET_018,9,egg_yolk_raw,1 large yolk,17.0,0,0,cake,cake,false,extra yolk for richness
SWEET_019,1,butter_unsalted,8 tablespoons,113.6,80,150,glaze,glaze,false,unsalted butter
SWEET_019,2,milk_whole,1/4 cup,61.0,40,90,glaze,glaze,false,whole milk
SWEET_019,3,corn_syrup_light,1 tablespoon,22.0,0,40,glaze,glaze,false,light corn syrup
SWEET_019,4,vanilla_extract,1 teaspoon,4.2,2,8,glaze,glaze,false,pure vanilla extract
SWEET_019,5,chocolate_semisweet,4 ounces,113.0,80,150,glaze,glaze,false,"semisweet chocolate, finely chopped"
SWEET_019,6,sugar_powdered,2 cups,227.0,150,300,glaze,glaze,false,powdered sugar
SWEET_020,1,flour_ap_white_enriched_unbleached,2 2/3 cups,333.3333,250,450,cake,cake,false,"all-purpose flour, sifted"
SWEET_020,1b,baking_soda,1/4 teaspoon,1.15,0,3,cake,cake,false,baking soda
SWEET_020,2,sugar_granulated,1 3/4 cups,350.0,250,450,cake,cake,false,granulated sugar
SWEET_020,3,baking_powder,2 1/2 teaspoons,11.5,6,15,cake,cake,false,baking powder
SWEET_020,4,salt_table,1 teaspoon,6.0,2,8,cake,cake,false,
SWEET_020,5,butter_unsalted,3/4 cup,170.25,120,240,cake,cake,false,"unsalted butter, soft"
SWEET_020,6,milk_buttermilk_whole,1 cup,245.0,180,300,cake,cake,false,whole buttermilk
SWEET_020,7,vanilla_extract,1 tablespoon,13.0,8,20,cake,cake,false,pure vanilla extract
SWEET_020,8,egg_whole_raw,3 large,150.0,100,220,cake,cake,false,"large eggs, unbeaten"
SWEET_020,8b,egg_yolk_raw,2 large yolks,34.0,20,60,cake,cake,false,large egg yolks
SWEET_020,9,sugar_powdered,3 cups,360.0,350,450,frosting,frosting,false,powdered sugar
SWEET_020,10,cocoa_powder_unsweetened,2/3 cup,57.3333,40,80,frosting,frosting,false,unsweetened cocoa powder
SWEET_020,11,butter_unsalted,1/2 cup,113.5,80,180,frosting,frosting,false,"unsalted butter, melted"
SWEET_020,12,milk_whole,1/3 cup,81.3333,60,120,frosting,frosting,false,whole milk
SWEET_020,13,water_tap,1-2 tablespoons,22.2,0,36,frosting,frosting,true,boiling water if needed for consistency
SWEET_020,14,vanilla_extract,1 teaspoon,4.2,4,12,frosting,frosting,false,pure vanilla extract
SWEET_020,15,salt_table,1/4 teaspoon,1.5,0,5,frosting,frosting,false,salt
SWEET_021,1,flour_ap_white_enriched_unbleached,2 1/4 cups,281.25,200,350,cake,cake,false,"all-purpose flour, sifted"
SWEET_021,2,butter_unsalted,1/4 cup,56.75,60,200,cake,cake,false,"unsalted butter, softened"
SWEET_021,3,vegetable_shortening,1/2 cup,102.5,0,100,cake,cake,false,vegetable shortening
SWEET_021,4,sugar_brown,1/3 cup,73.0,200,400,cake,cake,false,packed light brown sugar
SWEET_021,5,molasses,3/4 cup,252.75,0,100,cake,cake,false,unsulphured molasses
SWEET_021,6,egg_whole_raw,1 large,50.0,100,200,cake,cake,false,large egg
SWEET_021,7,water_tap,5/8 cup,148.125,0,0,cake,cake,false,hot water
SWEET_021,8,baking_soda,1 teaspoon,4.6,0,5,cake,cake,false,baking soda
SWEET_021,9,ginger_ground,1 1/2 teaspoons,2.7,0,5,cake,cake,false,ground ginger
SWEET_021,10,cinnamon_ground,1 teaspoon,2.6,0,5,cake,cake,false,ground cinnamon
SWEET_021,11,cloves_ground,1/2 teaspoon,1.05,0,5,cake,cake,false,ground cloves
SWEET_021,12,salt_table,3/4 teaspoon,4.5,0,5,cake,cake,false,salt
SWEET_021,13,ginger_root_fresh,1 tablespoon,6.0,0,5,cake,cake,true,ginger puree or grated fresh gingerroot (optional)
SWEET_022,1,butter_unsalted,3 tablespoons,42.6,60,200,topping,topping,false,"unsalted butter, melted (for the topping)"
SWEET_022,2,sugar_brown,2/3 cup,147.0,200,400,topping,topping,false,packed light brown sugar
SWEET_022,3,pineapple_canned_juice_pack_drained,5 slices,200.0,40,60,topping,topping,false,"pineapple slices, drained (reserve juice)"
SWEET_022,4,cherries_maraschino_drained,5 cherries,25.0,5,10,topping,topping,false,"maraschino cherries, drained"
SWEET_022,5,flour_ap_white_enriched_unbleached,1 1/2 cups,187.5,200,350,cake,cake,false,"all-purpose flour, sifted"
SWEET_022,6,sugar_granulated,3/4 cup + 1 tablespoon,162.5,200,400,cake,cake,false,granulated sugar
SWEET_022,7,baking_powder,2 teaspoons,9.2,6,15,cake,cake,false,baking powder
SWEET_022,8,salt_table,7/8 teaspoon,5.25,0,5,cake,cake,false,salt
SWEET_022,9,vegetable_shortening,6 tablespoons,76.8,0,100,cake,cake,false,vegetable shortening
SWEET_022,10,milk_whole,1/2 cup,122.0,120,244,cake,cake,false,whole milk
SWEET_022,11,vanilla_extract,1 teaspoon,4.2,4,16,cake,cake,false,pure vanilla extract
SWEET_022,12,egg_whole_raw,2 large,100.0,100,200,cake,cake,false,large egg
SWEET_022,13,cinnamon_ground,1/2 teaspoon,1.3,0,5,cake,cake,true,ground cinnamon (optional)
SWEET_022,14,cloves_ground,1/4 teaspoon,0.525,0,5,cake,cake,true,ground cloves (optional)
SWEET_022,15,ginger_ground,1/2 teaspoon,0.9,0,5,cake,cake,true,ground ginger (optional)
SWEET_023,1,flour_ap_white_enriched_unbleached,2 cups,250,245,255,biscuit,biscuit,false,all-purpose flour
SWEET_023,2,sugar_granulated,3 tablespoons,37.5,36,38,biscuit,biscuit,false,granulated sugar
SWEET_023,3,baking_powder,1 tablespoon,13.8,11.5,12.5,biscuit,biscuit,false,double-acting baking powder
SWEET_023,4,salt_table,1/2 teaspoon,3,3,3.2,biscuit,biscuit,false,table salt
SWEET_023,5,vegetable_shortening,5 tablespoons,64.0,62,66,biscuit,biscuit,false,vegetable shortening
SWEET_023,6,milk_whole,2/3 cup,162.6667,160,165,biscuit,biscuit,false,whole milk
SWEET_024,1,egg_yolk_raw,5 large yolks,85,80,90,cake,cake,false,5 large egg yolks
SWEET_024,2,egg_white_raw,5 large whites,165,160,170,cake,cake,false,5 large egg whites
SWEET_024,3,sugar_granulated,1 cup + 2 tablespoons,225,195,205,cake,cake,false,granulated sugar
SWEET_024,4,flour_cake_white_enriched,1 cup,114,110,118,cake,cake,false,sifted cake flour
SWEET_024,5,water_tap,1/4 cup hot,59.25,58,62,cake,cake,false,hot water (about 180°F)
SWEET_024,6,lemon_juice_raw,1 tablespoon,15.25,14,16,cake,cake,false,fresh lemon juice
SWEET_024,7,vanilla_extract,1 teaspoon,4.2,4,5,cake,cake,false,pure vanilla extract
SWEET_024,8,salt_table,scant 1/2 teaspoon,2.25,2,2.5,cake,cake,false,table salt
SWEET_024,9,cream_of_tartar,1/4 teaspoon,0.75,0.5,1,cake,cake,false,cream of tartar
SWEET_025,1,egg_white_raw,12 large whites,396,390,402,cake,cake,false,12 large egg whites (about 1 1/2 cups)
SWEET_025,2,sugar_granulated,1 1/2 cups,300,295,305,cake,cake,false,granulated sugar
SWEET_025,3,flour_cake_white_enriched,1 cup,114,110,118,cake,cake,false,sifted cake flour
SWEET_025,4,cream_of_tartar,1 1/2 teaspoons,4.5,4,5,cake,cake,false,cream of tartar
SWEET_025,5,salt_table,1/4 teaspoon,1.5,1.4,1.6,cake,cake,false,table salt
SWEET_025,6,vanilla_extract,1 1/2 teaspoons,6.3,6,7,cake,cake,false,pure vanilla extract
SWEET_026,1,graham_crackers,1 1/2 cups crushed,150.0,120.0,200.0,crust,crust,false,graham cracker crumbs (about 12 crackers)
SWEET_026,2,sugar_granulated,2 tablespoons,25.0,15.0,50.0,crust,crust,false,
SWEET_026,3,butter_unsalted,5 tablespoons,71.0,55.0,115.0,crust,crust,false,unsalted butter (melted)
SWEET_026,4,salt_table,pinch,0.75,0.0,2.0,crust,crust,false,
SWEET_026,5,cream_cheese,32 oz (4 blocks),908.0,680.0,1135.0,filling,filling,false,"full-fat cream cheese, room temperature"
SWEET_026,6,sugar_granulated,1 1/4 cups,250.0,200.0,400.0,filling,filling,false,
SWEET_026,7,salt_table,1/4 teaspoon,1.5,0.5,4.0,filling,filling,false,
SWEET_026,8,sour_cream,1/2 cup,115.0,80.0,230.0,filling,filling,false,"full-fat sour cream, room temperature"
SWEET_026,9,vanilla_extract,1 teaspoon,4.2,3.0,12.0,filling,filling,false,
SWEET_026,10,egg_whole_raw,4 large eggs,200.0,150.0,300.0,filling,filling,false,large egg (room temperature)
SWEET_026,11,egg_yolk_raw,1 large yolk,17.0,15.0,20.0,filling,filling,false,
SWEET_026,12,flour_ap_white_enriched_unbleached,2 tablespoons,15.625,8.0,24.0,filling,filling,false,all-purpose flour
SWEET_026,13,lemon_peel_raw,1 teaspoon,2.0,0.0,6.0,filling,filling,false,freshly grated lemon zest
SWEET_027,1,flour_ap_white_enriched_unbleached,2 cups,250.0,210.0,270.0,cake,cake,false,all-purpose flour
SWEET_027,2,baking_powder,1 teaspoon,4.6,3.0,6.0,cake,cake,false,
SWEET_027,3,baking_soda,1/4 teaspoon,1.15,0.6,2.3,cake,cake,false,
SWEET_027,4,salt_table,1/2 teaspoon,3.0,1.5,4.5,cake,cake,false,
SWEET_027,5,butter_unsalted,8 tablespoons,113.6,85.0,142.0,cake,cake,false,unsalted butter (room temperature)
SWEET_027,6,sugar_granulated,1 cup,200.0,150.0,300.0,cake,cake,false,
SWEET_027,7,egg_whole_raw,2 large eggs,100.0,90.0,200.0,cake,cake,false,large egg (room temperature)
SWEET_027,8,vanilla_extract,1 teaspoon,4.2,3.0,8.4,cake,cake,false,
SWEET_027,9,sour_cream,1 cup,230.0,200.0,260.0,cake,cake,false,sour cream (room temperature)
SWEET_027,10,flour_ap_white_enriched_unbleached,1/2 cup,62.5,45.0,90.0,topping,topping,false,
SWEET_027,11,sugar_brown,1/4 cup packed,55.0,40.0,110.0,topping,topping,false,light brown sugar
SWEET_027,12,cinnamon_ground,1 teaspoon,2.6,1.3,5.2,topping,topping,false,
SWEET_027,13,salt_table,pinch,0.75,0.0,2.0,topping,topping,false,
SWEET_027,14,butter_unsalted,3 tablespoons,42.6,28.0,57.0,topping,topping,false,unsalted butter (cold cut into pieces)
SWEET_028,1,butter_unsalted,1 cup,227.0,170.0,454.0,,,false,unsalted butter (room temperature)
SWEET_028,2,sugar_granulated,1 cup,200.0,150.0,650.0,,,false,
SWEET_028,3,egg_whole_raw,4 large eggs,200.0,150.0,450.0,,,false,large egg (room temperature)
SWEET_028,4,vanilla_extract,1 teaspoon,4.2,4.2,8.4,,,false,
SWEET_028,5,flour_ap_white_enriched_unbleached,2 cups,250.0,180.0,500.0,,,false,all-purpose flour
SWEET_028,6,baking_powder,1 teaspoon,4.6,2.0,12.0,,,false,
SWEET_028,7,salt_table,1/2 teaspoon,3.0,1.5,6.0,,,false,
SWEET_028,8,sour_cream,1/4 cup,57.5,50.0,115.0,,,false,sour cream (room temperature)
SWEET_029,1,vegetable_shortening,2/3 cup,136.6667,120,140,batter,batter,false,vegetable shortening
SWEET_029,2,butter_unsalted,1/4 cup,56.75,50,65,batter,batter,false,unsalted butter
SWEET_029,3,sugar_granulated,1 1/4 cups + 1 teaspoon,254.2,185,260,batter,batter,false,granulated sugar
SWEET_029,4,egg_whole_raw,3 large,150,95,160,batter,batter,false,large eggs
SWEET_029,5,vanilla_extract,1 teaspoon,4.2,4,5,batter,batter,false,pure vanilla extract
SWEET_029,6,flour_ap_white_enriched_unbleached,2/3 cup,83.3333,70,140,batter,batter,false,all-purpose flour
SWEET_029,7,cocoa_powder_unsweetened,1 cup + 1 tablespoon,91.4,85,105,batter,batter,false,unsweetened cocoa powder
SWEET_029,8,salt_table,scant 1 teaspoon,5.5,5.0,6.0,batter,batter,false,table salt
SWEET_029,9,chocolate_chips_semisweet,1/2 cup,85,70,100,batter,batter,false,semi-sweet chocolate chips
SWEET_030,1,butter_unsalted,1/2 cup + 6 tbsp,198.7,180,220,,,false,
SWEET_030,2,sugar_brown,3/4 cup packed,165,145,185,,,false,
SWEET_030,3,sugar_granulated,1/2 cup,100,85,115,,,false,
SWEET_030,4,egg_whole_raw,2 large,100,90,110,,,false,
SWEET_030,5,vanilla_extract,1 teaspoon,4.2,3.5,5.0,,,false,
SWEET_030,6,flour_ap_white_enriched_unbleached,1 1/2 cups,187.5,170,200,,,false,
SWEET_030,7,baking_soda,1 teaspoon,4.6,4,6,,,false,
SWEET_030,8,cinnamon_ground,1 teaspoon,2.6,2.0,3.5,,,false,
SWEET_030,9,salt_table,1/2 teaspoon,3,2,4,,,false,
SWEET_030,10,oats_rolled_old_fashioned_dry,3 cups,243.0,280,320,,,false,
SWEET_030,11,raisins_seedless,1 cup,165.0,130,150,,,false,
SWEET_031,1,flour_ap_white_enriched_unbleached,2¾ cups,343.75,330,370,dough,dough,false,
SWEET_031,2,baking_powder,2 teaspoons,9.2,6,10,dough,dough,false,
SWEET_031,3,salt_table,½ teaspoon,3,2,4,dough,dough,false,
SWEET_031,4,margarine_stick_salted,1 cup (2 sticks),227,210,240,dough,dough,false,
SWEET_031,5,sugar_granulated,¾ cup,150.0,135,175,dough,dough,false,
SWEET_031,6,egg_whole_raw,2 large,100,90,110,dough,dough,false,
SWEET_031,7,vanilla_extract,1 teaspoon,4.2,3.5,5.0,dough,dough,false,
SWEET_031,8,sugar_granulated,¼ cup for rolling,50,40,60,rolling,rolling,false,
SWEET_032,1,flour_ap_white_enriched_unbleached,2¼ cups,281.25,250,290,dough,dough,false,
SWEET_032,2,baking_soda,2 teaspoons,9.2,8,12,dough,dough,false,
SWEET_032,3,salt_table,½ teaspoon,3,2,4,dough,dough,false,
SWEET_032,4,butter_unsalted,½ cup (1 stick),113.5,100,125,dough,dough,false,
SWEET_032,5,sugar_granulated,1 cup,200,185,215,dough,dough,false,
SWEET_032,6,molasses,½ cup,168.5,155,185,dough,dough,false,
SWEET_032,7,egg_whole_raw,1 large,50,45,55,dough,dough,false,
SWEET_032,8,ginger_ground,2 teaspoons,3.6,2.5,5.0,dough,dough,false,
SWEET_032,9,cinnamon_ground,1 teaspoon,2.6,2.0,3.5,dough,dough,false,
SWEET_032,10,cloves_ground,½ teaspoon,1.05,1.5,3.0,dough,dough,false,
SWEET_032,11,sugar_granulated,¼ cup for rolling,50,40,60,rolling,rolling,false,
SWEET_033,1,butter_unsalted,1 cup (2 sticks),227,210,245,,,false,
SWEET_033,2,sugar_granulated,1 cup,200,185,215,,,false,
SWEET_033,3,egg_whole_raw,1 large,50,45,55,,,false,
SWEET_033,4,vanilla_extract,2 teaspoons,8.4,7,10,,,false,
SWEET_033,5,flour_ap_white_enriched_unbleached,2¼ cups,281.25,260,300,,,false,
SWEET_033,6,salt_table,¼ teaspoon,1.5,1,2.5,,,false,
SWEET_034,1,flour_ap_white_enriched_unbleached,2¼ cups,281.25,260,300,,,false,
SWEET_034,2,baking_soda,1 teaspoon,4.6,4,6,,,false,
SWEET_034,3,salt_table,½ teaspoon,3,2,4,,,false,
SWEET_034,4,butter_unsalted,"¾ cup (1½ sticks, melted)",170.25,150,185,,,false,
SWEET_034,5,sugar_brown,¾ cup packed,150,135,165,,,false,
SWEET_034,6,sugar_granulated,½ cup,100,85,115,,,false,
SWEET_034,7,egg_whole_raw,1 large,50,45,55,,,false,
SWEET_034,8,egg_yolk_raw,1 egg yolk,18,15,20,,,false,
SWEET_034,9,vanilla_extract,2 teaspoons,8.4,7,10,,,false,
SWEET_034,10,chocolate_chips_semisweet,2 cups,340,320,360,,,false,
SWEET_035,1,figs_dried_uncooked,2 cups,300,280,320,filling,filling,false,
SWEET_035,2,water,¾ cup,177.75,160,200,filling,filling,false,ice water
SWEET_035,3,flour_ap_white_enriched_unbleached,1⅓ cups,166.6667,160,200,crust,crust,false,
SWEET_035,4,butter_unsalted,⅓ cup + 2 tbsp,104.0667,60,80,crust,crust,false,
SWEET_035,5,sugar_brown,⅓ cup packed,80,70,95,crust,crust,false,
SWEET_035,6,egg_whole_raw,1 large,50,45,55,crust,crust,false,
SWEET_035,7,vanilla_extract,1 teaspoon,4.2,3.5,5.0,crust,crust,false,
SWEET_035,8,baking_powder,1 teaspoon,4.6,3,5,crust,crust,false,
SWEET_035,9,salt_table,¼ teaspoon,1.5,1,2.5,crust,crust,false,
SWEET_036,1,egg_white_raw,4 large,132,110,145,macaroons,macaroons,false,
SWEET_036,2,sugar_granulated,1/2 cup,100,80,120,macaroons,macaroons,false,
SWEET_036,3,vanilla_extract,1 teaspoon,4.2,3.5,6.0,macaroons,macaroons,false,
SWEET_036,4,salt_table,1/8 teaspoon,0.75,0.25,2.0,macaroons,macaroons,false,
SWEET_036,5,coconut_shredded_sweetened,1 (14-ounce) bag (about 5 1/3 cups),397,360,430,macaroons,macaroons,false,
SWEET_037,1,butter_unsalted,3/4 cup,170.25,130,227,cookies,cookies,false,
SWEET_037,2,sugar_brown,3/4 cup packed,165,100,220,cookies,cookies,false,
SWEET_037,3,molasses,1/3 cup,112.3333,80,190,cookies,cookies,false,
SWEET_037,4,egg_whole_raw,1 large,50,45,100,cookies,cookies,false,
SWEET_037,5,flour_ap_white_enriched_unbleached,2 1/4 cups,281.25,250,375,cookies,cookies,false,
SWEET_037,6,baking_soda,1 1/2 teaspoons,6.9,5,10,cookies,cookies,false,
SWEET_037,7,cinnamon_ground,1 teaspoon,2.6,1.5,3.5,cookies,cookies,false,
SWEET_037,8,ginger_ground,1 teaspoon,1.8,1.0,4.0,cookies,cookies,false,
SWEET_037,9,cloves_ground,1/4 teaspoon,0.525,0.2,1.2,cookies,cookies,false,
SWEET_037,10,salt_table,1/4 teaspoon,1.5,0.5,3.0,cookies,cookies,false,
SWEET_037,11,sugar_granulated,3 tablespoons (for rolling),37.5,0,60,cookies,cookies,true,
SWEET_038,1,butter_unsalted,1 cup,227,200,250,cookies,cookies,false,unsalted butter
SWEET_038,2,peanut_butter_chunky,1 cup,258,240,280,cookies,cookies,false,crunchy peanut butter
SWEET_038,3,sugar_granulated,1 cup,200,180,220,cookies,cookies,false,white sugar
SWEET_038,4,sugar_brown,1 cup packed,220,200,240,cookies,cookies,false,packed brown sugar
SWEET_038,5,egg_whole_raw,2 large,100,90,110,cookies,cookies,false,large eggs
SWEET_038,6,flour_ap_white_enriched_unbleached,2 1/2 cups,312.5,290,340,cookies,cookies,false,all-purpose flour
SWEET_038,7,baking_soda,1 1/2 teaspoons,6.9,5,10,cookies,cookies,false,baking soda
SWEET_038,8,baking_powder,1 teaspoon,4.6,3,5,cookies,cookies,false,baking powder
SWEET_038,9,salt_table,1/2 teaspoon,3,2,4,cookies,cookies,false,salt
SWEET_039,1,butter_unsalted,1 cup (slightly scant),224,200,340,shortbread,shortbread,false,
SWEET_039,2,sugar_granulated,3/4 cup,150,100,200,shortbread,shortbread,false,
SWEET_039,3,vanilla_extract,1 teaspoon,4.2,2,8.4,shortbread,shortbread,false,
SWEET_039,4,salt_table,1 teaspoon,6.0,0.5,6.0,shortbread,shortbread,false,
SWEET_039,5,flour_ap_white_enriched_unbleached,2 1/2 cups + 1 tablespoon,320.3125,240,340,shortbread,shortbread,false,
SWEET_040,1,flour_ap_white_enriched_unbleached,1 1/2 cups,187.5,,,crust,crust,false,
SWEET_040,2,butter_unsalted,"9 1/2 tablespoons, chilled",134.9,,,crust,crust,false,
SWEET_040,3,salt_table,1/2 teaspoon + pinch,3.6,,,crust,crust,false,
SWEET_040,4,sugar_granulated,1/2 teaspoon + pinch,2.5,,,crust,crust,false,
SWEET_040,5,water_tap,4 tablespoons + 1 teaspoon,64.1875,,,crust,crust,false,
SWEET_040,6,sugar_granulated,1 1/2 cups,300.0,,,filling,filling,false,
SWEET_040,7,butter_unsalted,"1/2 cup, melted",113.5,,,filling,filling,false,
SWEET_040,8,egg_whole_raw,3 large eggs,150.0,,,filling,filling,false,
SWEET_040,9,milk_buttermilk_whole,1 cup,245.0,,,filling,filling,false,
SWEET_040,10,flour_ap_white_enriched_unbleached,3 tablespoons,23.4375,,,filling,filling,false,
SWEET_040,11,vanilla_extract,1 teaspoon,4.2,,,filling,filling,false,
SWEET_040,12,salt_table,1/4 teaspoon,1.5,,,filling,filling,false,
SWEET_040,13,nutmeg_ground,1/4 teaspoon,0.55,,,filling,filling,false,
SWEET_040,14,lemon_peel_raw,1 teaspoon,2.0,,,filling,filling,false,lemon zest
CRUST_001,1,flour_ap_white_enriched_unbleached,2 1/2 cups,312.5,200.0,400.0,crust,crust,false,
CRUST_001,2,salt_table,1 1/8 teaspoon,6.75,1.0,12.0,crust,crust,false,
CRUST_001,3,butter_unsalted,5 tablespoon,71.0,40.0,120.0,crust,crust,false,
CRUST_001,4,vegetable_shortening,8 tablespoon + 2 teaspoon,110.9333,40.0,150.0,crust,crust,false,
CRUST_001,5,water_tap,5 tablespoon ice water,74.0625,30.0,150.0,crust,crust,false,
CRUST_002,1,flour_ap_white_enriched_unbleached,1 1/4 cups,156.25,100.0,250.0,crust,crust,false,
CRUST_002,2,salt_table,1/2 teaspoon,3.0,0.5,6.0,crust,crust,false,
CRUST_002,3,butter_unsalted,2 1/2 tablespoon,35.5,20.0,80.0,crust,crust,false,
CRUST_002,4,vegetable_shortening,4 tablespoon + 1 teaspoon,55.4667,20.0,80.0,crust,crust,false,
CRUST_002,5,water_tap,2 1/2 tablespoon ice water,37.0312,15.0,80.0,crust,crust,false,
CRUST_003,1,flour_ap_white_enriched_unbleached,1 1/4 cups,156.25,100.0,250.0,crust,crust,false,
CRUST_003,2,salt_table,1/2 teaspoon,3.0,0.5,6.0,crust,crust,false,
CRUST_003,3,butter_unsalted,2 1/2 tablespoon,35.5,20.0,80.0,crust,crust,false,
CRUST_003,4,vegetable_shortening,4 tablespoon + 1 teaspoon,55.4667,20.0,80.0,crust,crust,false,
CRUST_003,5,water_tap,2 tablespoon ice water,29.57,15.0,80.0,crust,crust,false,
CRUST_004,1,flour_ap_white_enriched_unbleached,2 1/2 cups,312.5,200.0,400.0,crust,crust,false,
CRUST_004,2,salt_table,1 teaspoon,6.0,1.0,12.0,crust,crust,false,
CRUST_004,3,butter_unsalted,5 tablespoon,71.0,40.0,120.0,crust,crust,false,
CRUST_004,4,vegetable_shortening,8 tablespoon + 2 teaspoon,110.9334,40.0,150.0,crust,crust,false,
CRUST_004,5,water_tap,4 tablespoon ice water,59.14,30.0,150.0,crust,crust,false,
BKFST_001,1,flour_ap_white_enriched_unbleached,2 cups,250.0,245,255,biscuit,biscuit,false,all-purpose flour
BKFST_001,2,baking_powder,1 tablespoon,13.8,11.5,12.5,biscuit,biscuit,false,double-acting baking powder
BKFST_001,3,salt_table,1/2 teaspoon,3.0,3,3.2,biscuit,biscuit,false,table salt
BKFST_001,4,vegetable_shortening,5 tablespoons,64.0,62,66,biscuit,biscuit,false,vegetable shortening
BKFST_001,5,milk_whole,2/3 cup,162.6667,160,165,biscuit,biscuit,false,whole milk
BKFST_001,6,sugar_granulated,1/4 teaspoon,1.0,0.8,1.2,biscuit,biscuit,false,granulated sugar
BKFST_015,1,ground_pork_raw,1 lb,453.59,452,455,sausage,sausage,false,raw ground pork
BKFST_015,2,sage_ground,1 1/2 tsp dried or 1 1/2 Tbsp fresh chopped,1.05,0.9,1.2,sausage,sausage,false,sage
BKFST_015,3,salt_table,1 teaspoon,6.0,5.9,6.1,sausage,sausage,false,table salt
BKFST_015,4,black_pepper_ground,1 teaspoon,2.3,2.2,2.4,sausage,sausage,false,ground black pepper
BKFST_015,5,oregano_dried_ground,1/2 tsp dried or 1 1/2 tsp fresh chopped,0.9,0.8,1.0,sausage,sausage,false,oregano
BKFST_015,6,garlic_powder,1/2 teaspoon,1.55,1.4,1.7,sausage,sausage,false,garlic powder
BKFST_015,7,onion_powder,1/2 teaspoon,1.2,1.1,1.3,sausage,sausage,false,onion powder
BKFST_015,8,paprika_ground,1/4 teaspoon,0.58,0.5,0.7,sausage,sausage,false,paprika
BKFST_015,9,pork_backfat_raw,2 1/4 tablespoons finely chopped,32,30,34,sausage,sausage,false,pork backfat (finely chopped)
BKFST_015,10,sugar_brown,1 teaspoon packed,4.6,4.5,4.8,sausage,sausage,false,brown sugar
BKFST_012,1,ground_pork_raw,3/4 lb,340.19,339,342,sausage,sausage,false,raw ground pork
BKFST_012,2,sage_ground,scant 1 1/4 tsp dried,0.79,0.7,0.9,sausage,sausage,false,ground sage
BKFST_012,3,salt_table,3/4 teaspoon,4.5,4.4,4.6,sausage,sausage,false,table salt
BKFST_012,4,black_pepper_ground,3/4 teaspoon,1.73,1.6,1.8,sausage,sausage,false,ground black pepper
BKFST_012,5,oregano_dried_ground,scant 1/2 tsp dried,0.68,0.6,0.8,sausage,sausage,false,dried oregano
BKFST_012,6,garlic_powder,scant 1/2 teaspoon,1.16,1.0,1.3,sausage,sausage,false,garlic powder
BKFST_012,7,onion_powder,scant 1/2 teaspoon,0.9,0.8,1.0,sausage,sausage,false,onion powder
BKFST_012,8,paprika_ground,scant 1/4 teaspoon,0.44,0.4,0.5,sausage,sausage,false,paprika
BKFST_012,9,sugar_brown,3/4 teaspoon packed,3.45,3.3,3.6,sausage,sausage,false,brown sugar
BKFST_012,10,flour_ap_white_enriched_unbleached,1/4 cup,31.25,31.0,31.5,gravy,gravy,false,all-purpose flour
BKFST_012,11,milk_whole,2 1/2 cups,610.0,600,620,gravy,gravy,false,whole milk
BKFST_012,12,salt_table,1/2 teaspoon,3.0,2.9,3.1,gravy,gravy,false,table salt
BKFST_012,13,black_pepper_ground,1/2 teaspoon,1.15,1.1,1.2,gravy,gravy,false,freshly cracked black pepper
BKFST_012,14,butter_salted,2 tablespoons,28.4,28.0,28.8,gravy,gravy,false,salted butter (for richness)
BKFST_002,1,@BKFST_001,8 biscuits,451.2,,,biscuit,Biscuit,false,"(2 per serving, 56.4 g ea.)"
BKFST_002,2,@BKFST_012,2 cups,460.8,,,gravy,Sausage gravy,false,Sausage gravy (2 cups total; 1/2 cup per serving x 4 servings)
BKFST_004,1,flour_whole_wheat,1 1/4 cups,154.0,150,158,main,main,false,whole wheat flour
BKFST_004,2,flour_ap_white_enriched_unbleached,1 1/4 cups,154.0,150,158,main,main,false,all-purpose flour (unbleached)
BKFST_004,3,milk_whole,1/2 cup + 1 tablespoon,134.0,130,138,main,main,false,whole milk
BKFST_004,4,water_tap,1/2 cup + 1 tablespoon,136.0,133,139,main,main,false,water
BKFST_004,5,yeast_active_dry,4 teaspoons,12.0,11,13,main,main,false,active dry yeast
BKFST_004,6,salt_table,2 teaspoons,12.0,11.5,12.5,main,main,false,table salt
BKFST_004,7,sugar_granulated,1/4 teaspoon,1.0,0.8,1.2,main,main,false,granulated sugar
BKFST_016,1,flour_ap_white_enriched_unbleached,3 cups,380.0,373,387,muffin,muffin,false,all-purpose flour
BKFST_016,2,milk_whole,1 cup,240.0,235,245,muffin,muffin,false,whole milk
BKFST_016,3,water_tap,3 tablespoons + 1 teaspoon,50.0,45,55,muffin,muffin,false,warm water
BKFST_016,4,yeast_active_dry,1 packet (2 1/4 tsp),7.0,6.5,7.5,muffin,muffin,false,active dry yeast
BKFST_016,5,salt_table,1 teaspoon,6.0,5.8,6.2,muffin,muffin,false,table salt
BKFST_006,1,butter_salted,7 tablespoons,102.0,99,105,sauce,sauce,false,salted butter
BKFST_006,2,egg_yolk_raw,3 large yolks,51.0,48,54,sauce,sauce,false,egg yolks
BKFST_006,3,lemon_juice_raw,1 tablespoon + 1 teaspoon,17.0,15,19,sauce,sauce,false,fresh lemon juice
BKFST_003,1,egg_cooked_poached,4 large eggs,200.0,180,220,egg,egg,false,poached eggs
BKFST_003,2,@BKFST_004,2 English muffins,114.0,102,126,muffin,muffin,false,split in half
BKFST_003,3,canadian_bacon_raw,4 slices,114.0,102,126,bacon,bacon,false,Canadian bacon
BKFST_003,4,@BKFST_006,1 cup,240.0,216,264,hollandaise,hollandaise,false,hollandaise (4 x 1/4 cup)
BKFST_005,1,bread_white_commercial,4 slices,120.0,115,125,main,main,false,white sandwich bread
BKFST_005,2,egg_whole_raw,"1 large egg, beaten",50.0,48,52,main,main,false,"large egg, beaten"
BKFST_005,3,milk_lowfat_2pct,¼ cup,70.0,65,75,main,main,false,2% milk
BKFST_005,4,butter_salted,1½ tablespoons,21.0,19,23,main,main,false,butter
BKFST_005,5,salt_table,⅛ tsp,0.75,0.5,1.0,main,main,false,salt
BKFST_007,1,oats_rolled_old_fashioned_dry,½ cup,40.0,38,42,oatmeal,oatmeal,false,rolled oats
BKFST_007,2,water,1 cup,237.0,230,244,oatmeal,oatmeal,false,water
BKFST_010,1,flour_ap_white_enriched_unbleached,1 cup,120.0,114,126,batter,batter,false,all-purpose flour
BKFST_010,2,baking_powder,2 tsp,9.2,8.7,9.7,batter,batter,false,baking powder
BKFST_010,3,sugar_granulated,1 tbsp,12.0,11,13,batter,batter,false,sugar
BKFST_010,4,salt_table,¼ tsp,1.5,1.3,1.8,batter,batter,false,salt
BKFST_010,5,egg_whole_raw,1 large,50.0,48,52,batter,batter,false,egg
BKFST_010,6,milk_whole,¾ cup,183.0,174,192,batter,batter,false,whole milk
BKFST_010,7,butter_salted,2 tbsp + 1 tsp,33.0,31,35,batter,batter,false,butter (melted)
BKFST_008,1,flour_ap_white_enriched_unbleached,1 cup,120.0,114,126,batter,batter,false,all-purpose flour
BKFST_008,2,baking_powder,2 tsp,9.2,8.7,9.7,batter,batter,false,baking powder
BKFST_008,3,sugar_granulated,1 tbsp,12.0,11,13,batter,batter,false,sugar
BKFST_008,4,salt_table,¼ tsp,1.5,1.3,1.8,batter,batter,false,salt
BKFST_008,5,egg_whole_raw,1 large,50.0,48,52,batter,batter,false,egg
BKFST_008,6,milk_whole,¾ cup,183.0,174,192,batter,batter,false,whole milk
BKFST_008,7,butter_salted,2 tbsp + 1 tsp,33.0,31,35,batter,batter,false,butter (melted)
BKFST_008,8,blueberries_raw,½ cup,74.0,70,78,batter,batter,false,fresh blueberries
BKFST_009,1,flour_ap_white_enriched_unbleached,1 cup,120.0,114,126,batter,batter,false,flour (AP)
BKFST_009,2,baking_powder,2 tsp,9.2,8.7,9.7,batter,batter,false,baking powder
BKFST_009,3,sugar_granulated,1 tbsp,12.0,11,13,batter,batter,false,sugar
BKFST_009,4,salt_table,¼ tsp,1.5,1.3,1.8,batter,batter,false,salt
BKFST_009,5,egg_whole_raw,1 large,50.0,48,52,batter,batter,false,egg
BKFST_009,6,milk_buttermilk_whole,1 cup,245.0,233,257,batter,batter,false,whole buttermilk
BKFST_009,7,butter_salted,2 tbsp,28.4,27,30,batter,batter,false,butter (melted)
BKFST_014,1,flour_ap_white_enriched_unbleached,2 cups,240.0,228,252,batter,batter,false,flour (AP)
BKFST_014,2,baking_powder,1 tbsp,13.8,13.1,14.5,batter,batter,false,baking powder
BKFST_014,3,sugar_granulated,1 tbsp,12.0,11,13,batter,batter,false,sugar
BKFST_014,4,salt_table,¾ tsp,4.5,4.3,4.8,batter,batter,false,salt
BKFST_014,5,egg_whole_raw,2 large,100.0,95,105,batter,batter,false,eggs
BKFST_014,6,milk_whole,1½ cups,366.0,348,384,batter,batter,false,whole milk
BKFST_014,7,butter_salted,6 tbsp,85.2,81,90,batter,batter,false,butter (melted)
BKFST_013,1,potato_boiled_no_skin,2 medium,225.0,214,236,hashbrown,hashbrown,false,"boiled potatoes (shredded)
(Yukon Gold or Red potatoes)"
BKFST_013,2,olive_oil,1 tbsp + 1 tsp,16.0,15,17,hashbrown,hashbrown,false,olive oil
BKFST_013,3,salt_table,½ tsp,3.0,2.8,3.2,hashbrown,hashbrown,false,salt
BKFST_017,1,tortilla_flour_refrigerated,1,40.0,38,42,burrito,burrito,false,flour tortilla
BKFST_017,2,beans_refried_canned,2 tbsp,30.0,28,32,burrito,burrito,false,refried beans
BKFST_017,3,beans_black_cooked,2 tbsp,30.0,28,32,burrito,burrito,false,black beans
BKFST_017,4,salt_table,pinch,0.3,0.2,0.4,burrito,burrito,false,salt
BKFST_018,1,tortilla_flour_refrigerated,1,40.0,38,42,burrito,burrito,false,flour tortilla
BKFST_018,2,beans_refried_canned,2 tbsp,30.0,28,32,burrito,burrito,false,refried beans
BKFST_018,3,beans_black_cooked,2 tbsp,30.0,28,32,burrito,burrito,false,black beans
BKFST_018,4,cheese_mexican_blend,1 tsp shredded,5.0,4.5,5.5,burrito,burrito,false,Mexican cheese blend
BKFST_018,5,salt_table,pinch,0.3,0.2,0.4,burrito,burrito,false,salt
BKFST_019,1,tortilla_flour_refrigerated,1 (60g),60.0,57,63,burrito,burrito,false,flour tortilla
BKFST_019,2,cheese_mexican_blend,~3 tbsp shredded,40.0,38,42,burrito,burrito,false,Mexican cheese blend
BKFST_020,1,tortilla_flour_refrigerated,1 large,70.0,68,72,burrito,burrito,false,flour tortilla
BKFST_020,2,egg_whole_raw,2 large eggs,110.0,100,120,burrito,burrito,false,eggs
BKFST_020,3,olive_oil,1¾ tsp,7.7,6,9,burrito,burrito,false,olive oil
BKFST_020,4,cheese_mexican_blend,2 tbsp,16.5,14,19,burrito,burrito,false,Mexican cheese blend
BKFST_020,5,salt_table,pinch,0.33,0.2,0.5,burrito,burrito,false,salt
BKFST_021,1,beef_ground_80lean_raw,1½ oz,45.0,40,50,beef,beef,false,ground beef
BKFST_021,2,tortilla_flour_refrigerated,1 large,60.0,55,65,assembly,assembly,false,flour tortilla
BKFST_021,3,water,2 tsp,10.0,10,10,assembly,assembly,false,water
BKFST_021,4,cheese_mexican_blend,1 tbsp,5.0,4,6,assembly,assembly,false,Mexican cheese blend
BKFST_022,1,tortilla_flour_refrigerated,1 large,70.0,65,75,burrito,burrito,false,flour tortilla
BKFST_022,2,egg_whole_raw,2 large,100.0,95,105,burrito,burrito,false,eggs
BKFST_022,3,potato_raw,1 cup,130.0,120,140,burrito,burrito,false,potato (diced)
BKFST_022,4,cheese_mexican_blend,¼ cup,28.0,25,30,burrito,burrito,false,Mexican cheese blend
BKFST_022,5,olive_oil,1 tbsp,13.6,12,15,burrito,burrito,false,olive oil
BKFST_022,6,salt_table,¼ tsp,1.5,1,2,burrito,burrito,false,salt
BKFST_023,1,egg_whole_raw,2 large,100.0,95,105,omelette,omelette,false,eggs
BKFST_023,2,salt_table,⅛ tsp,0.3,0.2,0.4,omelette,omelette,false,salt
BKFST_023,3,butter_salted,1½ tsp,7.0,6,8,omelette,omelette,false,butter
BKFST_023,4,cheese_mexican_blend,3 tbsp,15.0,12,18,omelette,omelette,false,shredded cheese
BKFST_024,1,egg_whole_raw,3 large,150.0,140,160,omelette,omelette,false,eggs
BKFST_024,2,ham_diced_cooked,1½ oz,42.0,35,50,omelette,omelette,false,diced ham
BKFST_024,3,bell_pepper_green_raw,¼ cup,37.0,30,45,omelette,omelette,false,green bell pepper
BKFST_024,4,onion_raw,2 tbsp,20.0,15,25,omelette,omelette,false,onion
BKFST_024,5,cheese_mexican_blend,1 oz,28.0,24,32,omelette,omelette,false,shredded cheese
BKFST_024,6,butter_salted,1½ tsp,7.0,6,8,omelette,omelette,false,butter
BKFST_024,7,salt_table,¼ tsp,1.5,1.0,2.0,omelette,omelette,false,salt
BKFST_025,1,flour_ap_white_enriched_unbleached,1 1/4 cups,156.25,100.0,250.0,crust,crust,false,all-purpose flour
BKFST_025,2,salt_table,1/2 teaspoon,3.0,1.0,6.0,crust,crust,false,table salt
BKFST_025,3,butter_unsalted,2 1/2 tablespoon,35.5,20.0,60.0,crust,crust,false,cold unsalted butter (diced)
BKFST_025,4,vegetable_shortening,4 tablespoons + 1 teaspoon,55.47,30.0,80.0,crust,crust,false,vegetable shortening
BKFST_025,5,water_tap,2 tablespoon ice water,29.57,15.0,50.0,crust,crust,false,ice water
BKFST_025,6,cheese_swiss,1 1/2 cups shredded,162.0,80.0,250.0,filling,filling,false,shredded Swiss cheese
BKFST_025,7,heavy_cream,1 cup,238.0,120.0,350.0,filling,filling,false,
BKFST_025,8,egg_whole_raw,3 large,150.0,100.0,220.0,filling,filling,false,
BKFST_025,9,onion_raw,1/4 cup diced,35.0,0.0,80.0,filling,filling,false,
BKFST_025,10,nutmeg_ground,1/8 teaspoon,0.275,0.0,1.0,filling,filling,false,ground nutmeg
BKFST_025,11,salt_table,1/2 teaspoon,3.0,1.0,6.0,filling,filling,false,
BKFST_025,12,black_pepper_ground,1/8 teaspoon,0.3,0.0,2.0,filling,filling,false,
BKFST_026,1,flour_ap_white_enriched_unbleached,1 1/4 cups,156.25,100.0,250.0,crust,crust,false,all-purpose flour
BKFST_026,2,salt_table,1/2 teaspoon,3.0,1.0,6.0,crust,crust,false,table salt
BKFST_026,3,butter_unsalted,2 1/2 tablespoon,35.5,20.0,60.0,crust,crust,false,cold unsalted butter (diced)
BKFST_026,4,vegetable_shortening,4 tablespoons + 1 teaspoon,55.47,30.0,80.0,crust,crust,false,vegetable shortening
BKFST_026,5,water_tap,2 tablespoon ice water,29.57,15.0,50.0,crust,crust,false,ice water
BKFST_026,6,cheese_swiss,1 1/2 cups shredded,162.0,80.0,250.0,filling,filling,false,shredded Swiss cheese
BKFST_026,7,heavy_cream,1 cup,238.0,120.0,350.0,filling,filling,false,
BKFST_026,8,egg_whole_raw,3 large,150.0,100.0,220.0,filling,filling,false,
BKFST_026,9,onion_raw,1/4 cup diced,35.0,0.0,80.0,filling,filling,false,
BKFST_026,10,nutmeg_ground,1/8 teaspoon,0.275,0.0,1.0,filling,filling,false,ground nutmeg
BKFST_026,11,salt_table,1/2 teaspoon,3.0,1.0,6.0,filling,filling,false,
BKFST_026,12,black_pepper_ground,1/8 teaspoon,0.3,0.0,2.0,filling,filling,false,
BKFST_026,13,spinach_cooked,1 cup,180.0,80.0,280.0,filling,filling,false,cooked spinach
BKFST_027,1,flour_ap_white_enriched_unbleached,1 1/4 cups,156.25,100.0,250.0,crust,crust,false,all-purpose flour
BKFST_027,2,salt_table,1/2 teaspoon,3.0,1.0,6.0,crust,crust,false,table salt
BKFST_027,3,butter_unsalted,2 1/2 tablespoon,35.5,20.0,60.0,crust,crust,false,cold unsalted butter (diced)
BKFST_027,4,vegetable_shortening,4 tablespoons + 1 teaspoon,55.47,30.0,80.0,crust,crust,false,vegetable shortening
BKFST_027,5,water_tap,2 tablespoon ice water,29.57,15.0,50.0,crust,crust,false,ice water
BKFST_027,6,cheese_swiss,1 1/2 cups shredded,162.0,80.0,250.0,filling,filling,false,shredded Swiss cheese
BKFST_027,7,heavy_cream,1 cup,238.0,120.0,350.0,filling,filling,false,
BKFST_027,8,egg_whole_raw,3 large,150.0,100.0,220.0,filling,filling,false,
BKFST_027,9,onion_raw,1/4 cup diced,35.0,0.0,80.0,filling,filling,false,
BKFST_027,10,nutmeg_ground,1/8 teaspoon,0.275,0.0,1.0,filling,filling,false,ground nutmeg
BKFST_027,11,salt_table,1/2 teaspoon,3.0,1.0,6.0,filling,filling,false,
BKFST_027,12,black_pepper_ground,1/8 teaspoon,0.3,0.0,2.0,filling,filling,false,
BKFST_027,13,ham_diced_cooked,4 1/4 oz,120.0,60.0,200.0,filling,filling,false,diced cooked ham
BKFST_028,1,flour_ap_white_enriched_unbleached,1 1/4 cups,156.25,100.0,250.0,crust,crust,false,all-purpose flour
BKFST_028,2,salt_table,1/2 teaspoon,3.0,1.0,6.0,crust,crust,false,table salt
BKFST_028,3,butter_unsalted,2 1/2 tablespoon,35.5,20.0,60.0,crust,crust,false,cold unsalted butter (diced)
BKFST_028,4,vegetable_shortening,4 tablespoons + 1 teaspoon,55.47,30.0,80.0,crust,crust,false,vegetable shortening
BKFST_028,5,water_tap,2 tablespoon ice water,29.57,15.0,50.0,crust,crust,false,ice water
BKFST_028,6,cheese_swiss,1 1/2 cups shredded,162.0,80.0,250.0,filling,filling,false,shredded Swiss cheese
BKFST_028,7,heavy_cream,1 cup,238.0,120.0,350.0,filling,filling,false,
BKFST_028,8,egg_whole_raw,3 large,150.0,100.0,220.0,filling,filling,false,
BKFST_028,9,onion_raw,1/4 cup diced,35.0,0.0,80.0,filling,filling,false,
BKFST_028,10,nutmeg_ground,1/8 teaspoon,0.275,0.0,1.0,filling,filling,false,ground nutmeg
BKFST_028,11,salt_table,1/2 teaspoon,3.0,1.0,6.0,filling,filling,false,
BKFST_028,12,black_pepper_ground,1/8 teaspoon,0.3,0.0,2.0,filling,filling,false,
BKFST_028,13,bacon_cooked_pan_fried,about 10 strips,113.4,60.0,200.0,filling,filling,false,"cooked bacon, crumbled"
BKFST_029,1,cheese_swiss,1 1/2 cups shredded,162.0,80.0,250.0,filling,filling,false,shredded Swiss cheese
BKFST_029,2,heavy_cream,1 cup,238.0,120.0,350.0,filling,filling,false,
BKFST_029,3,egg_whole_raw,3 large,150.0,100.0,220.0,filling,filling,false,
BKFST_029,4,onion_raw,1/4 cup diced,35.0,0.0,80.0,filling,filling,false,
BKFST_029,5,nutmeg_ground,1/8 teaspoon,0.275,0.0,1.0,filling,filling,false,ground nutmeg
BKFST_029,6,salt_table,1/2 teaspoon,3.0,1.0,6.0,filling,filling,false,
BKFST_029,7,black_pepper_ground,1/8 teaspoon,0.3,0.0,2.0,filling,filling,false,
BKFST_030,1,cheese_swiss,1 1/2 cups shredded,162.0,80.0,250.0,filling,filling,false,shredded Swiss cheese
BKFST_030,2,heavy_cream,1 cup,238.0,120.0,350.0,filling,filling,false,
BKFST_030,3,egg_whole_raw,3 large,150.0,100.0,220.0,filling,filling,false,
BKFST_030,4,onion_raw,1/4 cup diced,35.0,0.0,80.0,filling,filling,false,
BKFST_030,5,nutmeg_ground,1/8 teaspoon,0.275,0.0,1.0,filling,filling,false,ground nutmeg
BKFST_030,6,salt_table,1/2 teaspoon,3.0,1.0,6.0,filling,filling,false,
BKFST_030,7,black_pepper_ground,1/8 teaspoon,0.3,0.0,2.0,filling,filling,false,
BKFST_030,8,spinach_cooked,1 cup,180.0,80.0,280.0,filling,filling,false,cooked spinach
BKFST_031,1,cheese_swiss,1 1/2 cups shredded,162.0,80.0,250.0,filling,filling,false,shredded Swiss cheese
BKFST_031,2,heavy_cream,1 cup,238.0,120.0,350.0,filling,filling,false,
BKFST_031,3,egg_whole_raw,3 large,150.0,100.0,220.0,filling,filling,false,
BKFST_031,4,onion_raw,1/4 cup diced,35.0,0.0,80.0,filling,filling,false,
BKFST_031,5,nutmeg_ground,1/8 teaspoon,0.275,0.0,1.0,filling,filling,false,ground nutmeg
BKFST_031,6,salt_table,1/2 teaspoon,3.0,1.0,6.0,filling,filling,false,
BKFST_031,7,black_pepper_ground,1/8 teaspoon,0.3,0.0,2.0,filling,filling,false,
BKFST_031,8,ham_diced_cooked,4 1/4 oz,120.0,60.0,200.0,filling,filling,false,diced cooked ham
BKFST_032,1,cheese_swiss,1 1/2 cups shredded,162.0,80.0,250.0,filling,filling,false,shredded Swiss cheese
BKFST_032,2,heavy_cream,1 cup,238.0,120.0,350.0,filling,filling,false,
BKFST_032,3,egg_whole_raw,3 large,150.0,100.0,220.0,filling,filling,false,
BKFST_032,4,onion_raw,1/4 cup diced,35.0,0.0,80.0,filling,filling,false,
BKFST_032,5,nutmeg_ground,1/8 teaspoon,0.275,0.0,1.0,filling,filling,false,ground nutmeg
BKFST_032,6,salt_table,1/2 teaspoon,3.0,1.0,6.0,filling,filling,false,
BKFST_032,7,black_pepper_ground,1/8 teaspoon,0.3,0.0,2.0,filling,filling,false,
BKFST_032,8,bacon_cooked_pan_fried,about 10 strips,113.4,60.0,200.0,filling,filling,false,"cooked bacon, crumbled"
BKFST_033,1,egg_whole_raw,6 medium eggs,264.0,240.0,300.0,frittata,frittata,false,
BKFST_033,2,milk_whole,1 tablespoon,15.25,10.0,20.0,frittata,frittata,false,
BKFST_033,3,scallion_raw,2 scallions chopped,30.0,20.0,40.0,frittata,frittata,false,
BKFST_033,4,parsley_fresh,4 tablespoons chopped,15.0,10.0,20.0,frittata,frittata,false,
BKFST_033,5,cilantro_raw,3 tablespoons chopped,8.0,5.0,12.0,frittata,frittata,false,
BKFST_033,6,chives_raw,1 tablespoon chopped,3.0,2.0,5.0,frittata,frittata,false,
BKFST_033,7,thyme_fresh,2 teaspoons leaves,2.0,1.0,3.0,frittata,frittata,false,
BKFST_033,8,salt_table,1 pinch,0.4,0.0,1.0,frittata,frittata,false,
BKFST_033,9,black_pepper_ground,1 pinch,0.3,0.0,1.0,frittata,frittata,false,
BKFST_033,10,cheese_parmesan_hard,1 oz freshly grated,28.35,20.0,35.0,frittata,frittata,false,
BKFST_033,11,olive_oil,1 tablespoon,13.6,10.0,18.0,frittata,frittata,false,
BKFST_033,12,butter_unsalted,1 tablespoon,14.2,10.0,18.0,frittata,frittata,false,
BKFST_034,1,bread_multigrain_toasted,1 thick slice,38.0,30.0,50.0,toast,toast,false,
BKFST_034,2,avocado_raw,½ avocado,75.0,60.0,100.0,toast,toast,false,
BKFST_034,3,lemon_juice_raw,1 teaspoon,5.0,0.0,10.0,toast,toast,false,
BKFST_034,4,olive_oil,1 teaspoon,4.5,0.0,9.0,toast,toast,false,
BKFST_034,5,salt_table,1 pinch,0.4,0.0,1.0,toast,toast,false,
BKFST_034,6,red_pepper_flakes,1 pinch,0.3,0.0,0.5,toast,toast,false,
BKFST_035,1,bread_multigrain_toasted,1 thick slice,38.0,30.0,50.0,toast,toast,false,
BKFST_035,2,avocado_raw,½ avocado,75.0,60.0,100.0,toast,toast,false,
BKFST_035,3,lemon_juice_raw,1 teaspoon,5.0,0.0,10.0,toast,toast,false,
BKFST_035,4,olive_oil,1 teaspoon,4.5,0.0,9.0,toast,toast,false,
BKFST_035,5,tomato_red_raw,4,68.0,50.0,80.0,toast,toast,false,cherry tomatoes
BKFST_035,6,egg_cooked_poached,1,50.0,44.0,56.0,toast,toast,false,poached egg
BKFST_035,7,salt_table,1 pinch,0.4,0.0,1.0,toast,toast,false,
BKFST_035,8,red_pepper_flakes,1 pinch,0.3,0.0,0.5,toast,toast,false,
SAND_001,1,bread_white_commercial,2 slices (30g each),60.0,50.0,70.0,sandwich,sandwich,false,
SAND_001,2,cheese_cheddar,1 oz,28.35,14.0,42.0,sandwich,sandwich,false,
SAND_001,3,cheese_gruyere,1 oz,28.35,14.0,42.0,sandwich,sandwich,false,
SAND_001,4,butter_salted,2 tbsp,28.4,14.0,42.0,sandwich,sandwich,false,
SAND_002,1,bread_white_commercial,2 slices (30g each),60.0,50.0,70.0,sandwich,sandwich,false,
SAND_002,2,cheese_american,2 oz,56.7,21.0,56.0,sandwich,sandwich,false,
SAND_002,3,butter_salted,1 tbsp,14.2,7.0,21.0,sandwich,sandwich,false,
SAND_003,1,bread_white_commercial,2 slices (30g each),60.0,50.0,70.0,sandwich,sandwich,false,
SAND_003,2,cheese_cheddar,2 oz,56.7,21.0,56.0,sandwich,sandwich,false,
SAND_003,3,butter_salted,1 tbsp,14.2,7.0,21.0,sandwich,sandwich,false,
SAND_004,1,bread_white_commercial,2 slices (25g each),50.0,44.0,56.0,sandwich,sandwich,false,
SAND_004,2,bacon_cooked_pan_fried,3 strips,34.5,23.0,46.0,sandwich,sandwich,false,
SAND_004,3,tomato_red_raw,3 thin slices (45g),45.0,40.0,80.0,sandwich,sandwich,false,
SAND_004,4,mayonnaise,1½ tbsp,21.0,14.0,28.0,sandwich,sandwich,false,
SAND_004,5,lettuce_iceberg_raw,1 large leaf (15g),15.0,15.0,40.0,sandwich,sandwich,false,
SAND_005,1,bread_white_commercial,3 slices (30g each),90.0,72.0,108.0,sandwich,sandwich,false,
SAND_005,2,turkey_breast_deli,5 slices (80g),80.0,64.0,96.0,sandwich,sandwich,false,
SAND_005,3,bacon_cooked_pan_fried,2 strips,23.0,15.0,31.0,sandwich,sandwich,false,
SAND_005,4,tomato_red_raw,4 thin slices (60g),60.0,40.0,80.0,sandwich,sandwich,false,
SAND_005,5,lettuce_iceberg_raw,1 large leaf (15g),15.0,10.0,20.0,sandwich,sandwich,false,
SAND_005,6,mayonnaise,1½ tbsp,21.0,14.0,28.0,sandwich,sandwich,false,
SAND_006,1,bread_white_commercial,2 slices (30g each),60.0,48.0,72.0,sandwich,sandwich,false,
SAND_006,2,egg_cooked_hardboiled,2 large eggs,100.0,80.0,120.0,sandwich,sandwich,false,
SAND_006,3,mayonnaise,2 tbsp,27.6,21.0,34.0,sandwich,sandwich,false,
SAND_006,4,scallion_raw,2 tsp chopped,4.0,2.0,6.0,sandwich,sandwich,false,
SAND_006,5,mustard_yellow,½ tsp,2.5,1.5,3.5,sandwich,sandwich,false,
SAND_006,6,salt_table,¼ tsp,1.5,1.0,2.0,sandwich,sandwich,false,
SAND_007,1,bread_white_commercial,2 slices (30g each),60.0,48.0,72.0,sandwich,sandwich,false,
SAND_007,2,tuna_canned_light_water,1 can drained (5 oz),142.0,113.0,170.0,sandwich,sandwich,false,
SAND_007,3,mayonnaise,3 tbsp,41.4,27.6,55.2,sandwich,sandwich,false,
SAND_007,4,apple_raw,¼ cup chopped,31.25,20.0,50.0,sandwich,sandwich,false,
SAND_007,5,scallion_raw,2 tsp chopped,4.0,2.0,6.0,sandwich,sandwich,false,
SAND_007,6,lemon_juice_raw,1 tsp,5.0,3.0,8.0,sandwich,sandwich,false,
SAND_007,7,salt_table,¼ tsp,1.5,1.0,2.0,sandwich,sandwich,false,
SAND_008,1,bread_white_commercial,2 slices (30g each),60.0,48.0,72.0,sandwich,sandwich,false,
SAND_008,2,chicken_breast_cooked_roasted,4 oz cooked,113.0,85.0,142.0,sandwich,sandwich,false,
SAND_008,3,yogurt_greek_whole_milk,3 tbsp,45.0,30.0,60.0,sandwich,sandwich,false,
SAND_008,4,apple_raw,¼ cup chopped,31.25,20.0,50.0,sandwich,sandwich,false,
SAND_008,5,celery_raw,¼ cup chopped,25.0,15.0,40.0,sandwich,sandwich,false,
SAND_008,6,scallion_raw,2 tsp chopped,4.0,2.0,6.0,sandwich,sandwich,false,
SAND_008,7,lemon_juice_raw,1 tsp,5.0,3.0,8.0,sandwich,sandwich,false,
SAND_008,8,salt_table,¼ tsp,1.5,1.0,2.0,sandwich,sandwich,false,
SAND_009,1,bread_white_commercial,2 slices (30g each),60.0,48.0,72.0,sandwich,sandwich,false,
SAND_009,2,ham_sliced_regular,3 oz sliced,85.0,57.0,113.0,sandwich,sandwich,false,
SAND_009,3,cheese_swiss,1 oz (1 slice),28.0,14.0,56.0,sandwich,sandwich,false,
SAND_009,4,mustard_yellow,1 tsp,5.0,3.0,10.0,sandwich,sandwich,false,
SAND_009,5,mayonnaise,1 tbsp,13.8,7.0,21.0,sandwich,sandwich,false,
SAND_010,1,bread_white_commercial,2 slices (30g each),60.0,48.0,72.0,sandwich,sandwich,false,
SAND_010,2,peanut_butter_smooth,2 tbsp,32.0,16.0,48.0,sandwich,sandwich,false,
SAND_010,3,jam_preserves,1 tbsp,20.0,10.0,30.0,sandwich,sandwich,false,
SAND_011,1,bread_white_commercial,2 slices (30g each),60.0,48.0,72.0,sandwich,sandwich,false,
SAND_011,2,cheese_cheddar,2 oz shredded,56.7,42.0,70.0,sandwich,sandwich,false,
SAND_011,3,cream_cheese,1 oz,28.35,14.0,42.0,sandwich,sandwich,false,
SAND_011,4,mayonnaise,2 tbsp,27.6,13.8,41.4,sandwich,sandwich,false,
SAND_011,5,pimentos_canned,2 tbsp drained,28.0,14.0,42.0,sandwich,sandwich,false,
SAND_011,6,black_pepper_ground,¼ tsp,0.6,0.3,0.9,sandwich,sandwich,false,
SAND_011,7,salt_table,pinch,0.4,0.2,0.6,sandwich,sandwich,false,
SAND_012,1,bread_white_commercial,2 slices crusts removed (~20g each),40.0,30.0,50.0,sandwich,sandwich,false,
SAND_012,2,cucumber_peeled_raw,about 8 thin slices (60g),60.0,45.0,75.0,sandwich,sandwich,false,
SAND_012,3,cream_cheese,2 tbsp,29.0,14.0,42.0,sandwich,sandwich,false,
SAND_012,4,chives_raw,½ tsp chopped,0.5,0.25,0.75,sandwich,sandwich,false,
SAND_012,5,dill_fresh,1 tsp,1.0,0.5,1.5,sandwich,sandwich,false,
SAND_012,6,lemon_juice_raw,½ tsp,2.5,1.25,3.75,sandwich,sandwich,false,
SAND_012,7,salt_table,pinch,0.4,0.2,0.6,sandwich,sandwich,false,
SAND_012,8,black_pepper_ground,pinch,0.3,0.15,0.45,sandwich,sandwich,false,
SAND_013,1,bread_white_commercial,2 slices (30g each),60.0,50.0,70.0,sandwich,sandwich,false,
SAND_013,2,ham_sliced_regular,2 oz,56.0,28.5,85.5,sandwich,sandwich,false,
SAND_013,3,cheese_gruyere,2 oz,56.7,28.5,85.5,sandwich,sandwich,false,
SAND_013,4,butter_salted,2 tbsp,28.4,14.0,42.0,sandwich,sandwich,false,
SAND_013,5,flour_ap_white_enriched_unbleached,1 tbsp,8.0,4.0,12.0,sandwich,sandwich,false,
SAND_013,6,milk_whole,½ cup,122.0,61.0,183.0,sandwich,sandwich,false,
SAND_013,7,mustard_yellow,1 tsp,5.0,2.5,7.5,sandwich,sandwich,false,
SAND_013,8,nutmeg_ground,pinch,0.3,0.15,0.45,sandwich,sandwich,false,
SAND_013,9,salt_table,pinch,0.4,0.2,0.6,sandwich,sandwich,false,
SAND_013,10,black_pepper_ground,pinch,0.2,0.1,0.3,sandwich,sandwich,false,
SAND_014,1,bread_white_commercial,2 slices (30g each),60.0,50.0,70.0,sandwich,sandwich,false,
SAND_014,2,ham_sliced_regular,2 oz,56.0,28.5,85.5,sandwich,sandwich,false,
SAND_014,3,cheese_gruyere,2 oz,56.7,28.5,85.5,sandwich,sandwich,false,
SAND_014,4,butter_salted,2 tbsp,28.4,14.0,42.0,sandwich,sandwich,false,
SAND_014,5,flour_ap_white_enriched_unbleached,1 tbsp,8.0,4.0,12.0,sandwich,sandwich,false,
SAND_014,6,milk_whole,½ cup,122.0,61.0,183.0,sandwich,sandwich,false,
SAND_014,7,mustard_yellow,1 tsp,5.0,2.5,7.5,sandwich,sandwich,false,
SAND_014,8,egg_fried,1 large,46.0,25.0,75.0,sandwich,sandwich,false,
SAND_014,9,nutmeg_ground,pinch,0.3,0.15,0.45,sandwich,sandwich,false,
SAND_014,10,salt_table,pinch,0.4,0.2,0.6,sandwich,sandwich,false,
SAND_014,11,black_pepper_ground,pinch,0.2,0.1,0.3,sandwich,sandwich,false,
SAND_015,1,bread_white_commercial,2 slices (30g each),60,56,64,sandwich,sandwich,false,
SAND_015,2,ham_sliced_regular,2 oz,56.0,50,64,sandwich,sandwich,false,
SAND_015,3,turkey_breast_deli,2 oz,56.7,50,64,sandwich,sandwich,false,
SAND_015,4,cheese_swiss,1½ oz,42.525,35,50,sandwich,sandwich,false,
SAND_015,5,egg_whole_raw,1 large,50,50,50,sandwich,sandwich,false,
SAND_015,6,milk_whole,2 tbsp,30,25,35,sandwich,sandwich,false,
SAND_015,7,butter_salted,2 tbsp,28.4,21,35,sandwich,sandwich,false,
SAND_015,8,powdered_sugar,1 tsp,2.5,3,6,sandwich,sandwich,false,
SAND_016,1,bread_white_commercial,2 slices (30g each),60,56,64,sandwich,sandwich,false,
SAND_016,2,turkey_breast_deli,4 oz,113.4,100,128,sandwich,sandwich,false,
SAND_016,3,bacon_cooked_pan_fried,2 strips,23,19,27,sandwich,sandwich,false,
SAND_016,4,tomato_red_raw,4 thin slices (60g),60.0,65,100,sandwich,sandwich,false,
SAND_016,5,butter_salted,1 tbsp,14.2,10,18,sandwich,sandwich,false,
SAND_016,6,flour_ap_white_enriched_unbleached,1 tbsp,8,6,10,sandwich,sandwich,false,
SAND_016,7,heavy_cream,½ cup,119,110,130,sandwich,sandwich,false,
SAND_016,8,cheese_parmesan_hard,¼ cup + 1 tbsp,30,25,35,sandwich,sandwich,false,
SAND_016,9,paprika_ground,pinch,0.3,0.3,0.7,sandwich,sandwich,false,
SAND_016,10,salt_table,pinch,0.3,0.2,0.5,sandwich,sandwich,false,
SAND_016,11,black_pepper_ground,pinch,0.2,0.1,0.3,sandwich,sandwich,false,
SAND_017,1,bread_white_commercial,1 slice (30g),30,28,32,sandwich,sandwich,false,
SAND_017,2,roast_beef_deli,4 oz,113.4,100,128,sandwich,sandwich,false,
SAND_017,3,butter_salted,½ tbsp,7.1,5,9,sandwich,sandwich,false,
SAND_017,4,flour_ap_white_enriched_unbleached,½ tbsp,4,3,5,sandwich,sandwich,false,
SAND_017,5,beef_broth_canned,½ cup,120.0,115,130,sandwich,sandwich,false,
SAND_017,6,worcestershire_sauce,¼ tsp,1.42,1,1.5,sandwich,sandwich,false,
SAND_017,7,onion_powder,⅛ tsp,0.3,0.2,0.4,sandwich,sandwich,false,
SAND_017,8,salt_table,⅛ tsp,0.75,0.5,1.0,sandwich,sandwich,false,
SAND_017,9,black_pepper_ground,⅛ tsp,0.25,0.15,0.35,sandwich,sandwich,false,
SAND_018,1,bread_whole_wheat_commercial,2 slices (32g each),64,60,68,sandwich,sandwich,false,
SAND_018,2,turkey_breast_deli,3 oz,85,75,95,sandwich,sandwich,false,
SAND_018,3,lettuce_iceberg_raw,1 large leaf (15g),15.0,15,25,sandwich,sandwich,false,
SAND_018,4,tomato_red_raw,2 thin slices (30g),30.0,30,50,sandwich,sandwich,false,
SAND_018,5,mayonnaise,2 tbsp,27.6,22,34,sandwich,sandwich,false,
SAND_019,1,bread_whole_wheat_commercial,2 slices (32g each),64,60,68,sandwich,sandwich,false,
SAND_019,2,turkey_breast_deli,3 oz,85,75,95,sandwich,sandwich,false,
SAND_019,3,cheese_provolone,2 slices,56.7,50,62,sandwich,sandwich,false,
SAND_019,4,lettuce_iceberg_raw,1 large leaf (15g),15.0,15,25,sandwich,sandwich,false,
SAND_019,5,tomato_red_raw,2 thin slices (30g),30.0,30,50,sandwich,sandwich,false,
SAND_019,6,mayonnaise,2 tbsp,27.6,22,34,sandwich,sandwich,false,
SAND_020,1,bread_whole_wheat_commercial,2 slices (32g each),64,60,68,sandwich,sandwich,false,
SAND_020,2,turkey_breast_deli,3 oz,85,75,95,sandwich,sandwich,false,
SAND_020,3,avocado_raw,½ avocado,68.0,65,85,sandwich,sandwich,false,
SAND_020,4,lettuce_iceberg_raw,1 large leaf (15g),15.0,15,25,sandwich,sandwich,false,
SAND_020,5,tomato_red_raw,2 thin slices (30g),30.0,30,50,sandwich,sandwich,false,
SAND_020,6,mayonnaise,2 tbsp,27.6,22,34,sandwich,sandwich,false,
SAND_021,1,bread_whole_wheat_commercial,2 slices (32g each),64,60,68,sandwich,sandwich,false,
SAND_021,2,turkey_breast_deli,3 oz,85,75,95,sandwich,sandwich,false,
SAND_021,3,avocado_raw,½ avocado,68.0,65,85,sandwich,sandwich,false,
SAND_021,4,cheese_provolone,2 slices,56.7,50,62,sandwich,sandwich,false,
SAND_021,5,lettuce_iceberg_raw,1 large leaf (15g),15.0,15,25,sandwich,sandwich,false,
SAND_021,6,tomato_red_raw,2 thin slices (30g),30.0,30,50,sandwich,sandwich,false,
SAND_021,7,mayonnaise,2 tbsp,27.6,22,34,sandwich,sandwich,false,
SAND_022,1,bread_whole_wheat_commercial,2 slices (32g each),64,60,68,sandwich,sandwich,false,
SAND_022,2,turkey_breast_deli,3 oz,85,75,95,sandwich,sandwich,false,
SAND_022,3,avocado_raw,½ avocado,68.0,65,85,sandwich,sandwich,false,
SAND_022,4,bacon_cooked_pan_fried,2 slices,23,18,28,sandwich,sandwich,false,
SAND_022,5,lettuce_iceberg_raw,1 large leaf (15g),15.0,15,25,sandwich,sandwich,false,
SAND_022,6,tomato_red_raw,2 thin slices (30g),30.0,30,50,sandwich,sandwich,false,
SAND_022,7,mayonnaise,2 tbsp,27.6,22,34,sandwich,sandwich,false,
SAND_023,1,bread_whole_wheat_commercial,2 slices (32g each),64,60,68,sandwich,sandwich,false,
SAND_023,2,roast_beef_deli,4 oz,113.4,100,126,sandwich,sandwich,false,
SAND_023,3,lettuce_iceberg_raw,1 large leaf (15g),15.0,15,25,sandwich,sandwich,false,
SAND_023,4,tomato_red_raw,2 thin slices (30g),30.0,30,50,sandwich,sandwich,false,
SAND_023,5,mayonnaise,1 tbsp,13.8,10,18,sandwich,sandwich,false,
SAND_023,6,mustard_yellow,1 tsp,5,3,7,sandwich,sandwich,false,
SAND_024,1,bread_multigrain,2 slices (28g each),56.7,50,62,sandwich,sandwich,false,
SAND_024,2,avocado_raw,½ avocado,68.0,65,85,sandwich,sandwich,false,
SAND_024,3,alfalfa_sprouts_raw,¼ cup,8.25,6,10,sandwich,sandwich,false,
SAND_024,4,tomato_red_raw,2 thin slices (30g),30.0,30,50,sandwich,sandwich,false,
SAND_024,5,lemon_juice_raw,1 tsp,5,3,7,sandwich,sandwich,false,
SAND_024,6,salt_table,pinch,0.3,0.2,0.8,sandwich,sandwich,false,
SAND_025,1,bread_rye,2 slices (32g each),64,56,72,sandwich,sandwich,false,
SAND_025,2,corned_beef_brisket_cooked,3 oz,85,70,100,sandwich,sandwich,false,
SAND_025,3,cheese_swiss,2 slices,56.0,35,50,sandwich,sandwich,false,
SAND_025,4,sauerkraut_canned,¼ cup,59.0,50,70,sandwich,sandwich,false,
SAND_025,5,thousand_island_dressing,2 tbsp,30,20,40,sandwich,sandwich,false,
SAND_025,6,butter_salted,1 tbsp,14.2,10,18,sandwich,sandwich,false,
SAND_026,1,bread_rye,2 slices (32g each),64,56,72,sandwich,sandwich,false,
SAND_026,2,pastrami_beef,4 oz,112.0,100,130,sandwich,sandwich,false,
SAND_026,3,cheese_swiss,1 slice,28,21,35,sandwich,sandwich,false,
SAND_026,4,mustard_yellow,1 tbsp,15,10,20,sandwich,sandwich,false,
SAND_027,1,bread_rye,2 slices (32g each),64,56,72,sandwich,sandwich,false,
SAND_027,2,corned_beef_brisket_cooked,4 oz,113.3,100,130,sandwich,sandwich,false,
SAND_027,3,cheese_swiss,1 slice,28,21,35,sandwich,sandwich,false,
SAND_027,4,mustard_yellow,1 tbsp,15,10,20,sandwich,sandwich,false,
SAND_028,1,bread_rye,2 slices (32g each),64,56,72,sandwich,sandwich,false,
SAND_028,2,liverwurst_pork,3 oz,85.1,70,100,sandwich,sandwich,false,
SAND_028,3,onion_raw,2 thin slices,20,15,25,sandwich,sandwich,false,onion (20g)
SAND_028,4,pickle_dill,dill pickle sliced thin (30g),30,20,40,sandwich,sandwich,false,dill pickle sliced thin (30g)
SAND_028,5,mustard_yellow,1 tbsp,15,10,20,sandwich,sandwich,false,
SAND_029,1,bread_rye,2 slices (32g each),64,60,68,sandwich,sandwich,false,
SAND_029,2,limburger_cheese,2 oz,56.7,50,64,sandwich,sandwich,false,
SAND_029,3,onion_raw,2 thin slices,20,15,25,sandwich,sandwich,false,onion (20g)
SAND_029,4,mustard_yellow,1 tsp,5,3,8,sandwich,sandwich,false,
SAND_030,1,bread_rye,2 slices (32g each),64,60,68,sandwich,sandwich,false,
SAND_030,2,beef_ground_80lean_raw,4 oz,113,105,120,sandwich,sandwich,false,ground beef (80/20)
SAND_030,3,cheese_swiss,2 slices,56,50,62,sandwich,sandwich,false,
SAND_030,4,onion_raw,1 medium (caramelized),80,70,90,sandwich,sandwich,false,
SAND_030,5,butter_salted,1 tbsp,14.2,12,16,sandwich,sandwich,false,
SAND_030,6,salt_table,½ tsp,3,2,4,sandwich,sandwich,false,
SAND_030,7,black_pepper_ground,pinch,0.3,0,1,sandwich,sandwich,false,
SAND_031,1,hamburger_bun,1 bun,44,38,48,sandwich,sandwich,false,
SAND_031,2,beef_ground_80lean_raw,3 oz,85.1,79,91,sandwich,sandwich,false,ground beef (80/20)
SAND_031,3,onion_raw,2 tbsp minced,20,18,26,sandwich,sandwich,false,
SAND_031,4,bell_pepper_green_raw,2 tbsp minced,18.6,18,26,sandwich,sandwich,false,
SAND_031,5,ketchup,1 tbsp,17,14,20,sandwich,sandwich,false,
SAND_031,6,tomato_paste,1 tbsp,16,14,18,sandwich,sandwich,false,
SAND_031,7,water,⅓ cup,79,72,88,sandwich,sandwich,false,
SAND_031,8,mustard_yellow,¼ tsp,1.25,1,3,sandwich,sandwich,false,
SAND_031,9,worcestershire_sauce,½ tsp,2.83,2,4,sandwich,sandwich,false,
SAND_031,11,garlic_powder,¼ tsp,0.775,0.5,1.5,sandwich,sandwich,false,
SAND_031,12,butter_salted,1 tsp,4.73,4,6,sandwich,sandwich,false,
SAND_031,13,salt_table,¼ tsp,1.5,1,2,sandwich,sandwich,false,
SAND_031,14,black_pepper_ground,pinch,0.3,0,0.5,sandwich,sandwich,false,
SAND_032,1,pork_boston_butt_raw,4½ oz,127.6,117,143,pork,pork,false,
SAND_032,2,salt_table,¼ tsp,1.5,1,2,pork,pork,false,
SAND_032,3,black_pepper_ground,⅛ tsp,0.29,0,1,pork,pork,false,
SAND_032,4,garlic_powder,¼ tsp,0.775,0.5,1.5,pork,pork,false,
SAND_032,5,paprika,¼ tsp,0.575,0.5,1.5,pork,pork,false,
SAND_032,6,hamburger_bun,1 bun,44,38,48,slaw,slaw,false,
SAND_032,7,bbq_sauce,2 tbsp,34,22,38,slaw,slaw,false,
SAND_032,8,cabbage_raw,¾ cup shredded,52.5,45,75,slaw,slaw,false,
SAND_032,9,mayonnaise,1 tbsp,13.8,10,20,slaw,slaw,false,
SAND_032,10,apple_cider_vinegar,1 tsp,5,3,8,slaw,slaw,false,
SAND_032,11,salt_table,pinch,0.4,0,1,slaw,slaw,false,
SAND_033,1,beef_brisket_raw,5¼ oz,148.8,130,170,brisket,brisket,false,
SAND_033,2,salt_table,½ tsp,3,2,4,brisket,brisket,false,
SAND_033,3,black_pepper_ground,¼ tsp,0.575,0,1,brisket,brisket,false,
SAND_033,4,garlic_powder,½ tsp,1.55,1,3,brisket,brisket,false,
SAND_033,5,onion_powder,½ tsp,1.2,1,3,brisket,brisket,false,
SAND_033,6,paprika,½ tsp,1.15,0.5,1.5,brisket,brisket,false,
SAND_033,7,hamburger_bun,1 bun,44,38,48,assembly,assembly,false,
SAND_033,8,bbq_sauce,3 tbsp,51,35,55,assembly,assembly,false,
SAND_033,9,onion_raw,15g,15,10,20,assembly,assembly,false,
SAND_033,10,pickle_dill,20g,20,15,25,assembly,assembly,false,
SAND_034,1,chicken_breast_raw,5¼ oz,148.8,130,170,chicken,chicken,false,
SAND_034,2,salt_table,¼ tsp,1.5,1,2,chicken,chicken,false,
SAND_034,3,black_pepper_ground,⅛ tsp,0.29,0,1,chicken,chicken,false,
SAND_034,4,garlic_powder,¼ tsp,0.775,0.5,1.5,chicken,chicken,false,
SAND_034,5,olive_oil,1 tsp,4.5,3,7,chicken,chicken,false,
SAND_034,6,hamburger_bun,1 bun,44,38,48,assembly,assembly,false,
SAND_034,7,lettuce_iceberg_raw,1 large leaf (15g),15,20,30,assembly,assembly,false,
SAND_034,8,tomato_red_raw,30g sliced,30,25,35,assembly,assembly,false,
SAND_034,9,mayonnaise,2 tbsp,27.6,22,34,assembly,assembly,false,
SAND_034,10,pickle_dill,20g sliced,20,15,25,assembly,assembly,false,
SAND_035,1,chicken_breast_raw,4¼ oz,120.5,105,135,chicken,chicken,false,
SAND_035,2,flour_ap_white_enriched_unbleached,¼ cup,31.25,25,35,chicken,chicken,false,
SAND_035,3,egg_whole_raw,½ egg,25,20,30,chicken,chicken,false,
SAND_035,4,milk_whole,1½ tbsp,22.5,18,28,chicken,chicken,false,
SAND_035,5,olive_oil,1 tbsp olive oil (absorbed into crust),13.5,10,18,chicken,chicken,false,
SAND_035,6,salt_table,½ tsp,3,2,4,chicken,chicken,false,
SAND_035,7,black_pepper_ground,¼ tsp,0.575,0,1,chicken,chicken,false,
SAND_035,8,garlic_powder,½ tsp,1.55,1,3,chicken,chicken,false,
SAND_035,9,paprika,½ tsp,1.15,0.5,1.5,chicken,chicken,false,
SAND_035,10,hamburger_bun,1 bun,44,38,48,assembly,assembly,false,
SAND_035,11,lettuce_iceberg_raw,1 large leaf (15g),15,20,30,assembly,assembly,false,
SAND_035,12,tomato_red_raw,30g sliced,30,25,35,assembly,assembly,false,
SAND_035,13,pickle_dill,20g sliced,20,15,25,assembly,assembly,false,
SAND_035,14,mayonnaise,2 tbsp,27.6,22,34,assembly,assembly,false,
SAND_036,1,chicken_breast_raw,4¼ oz,120.5,105,135,chicken,chicken,false,
SAND_036,2,flour_ap_white_enriched_unbleached,¼ cup,31.25,25,35,chicken,chicken,false,
SAND_036,3,egg_whole_raw,½ egg,25,20,30,chicken,chicken,false,
SAND_036,4,milk_whole,1½ tbsp,22.5,18,28,chicken,chicken,false,
SAND_036,5,olive_oil,1 tbsp olive oil (absorbed into crust),13.5,10,18,chicken,chicken,false,
SAND_036,6,salt_table,½ tsp,3,2,4,chicken,chicken,false,
SAND_036,7,black_pepper_ground,¼ tsp,0.575,0,1,chicken,chicken,false,
SAND_036,8,garlic_powder,½ tsp,1.55,1,3,chicken,chicken,false,
SAND_036,9,paprika,½ tsp,1.15,0.5,1.5,chicken,chicken,false,
SAND_036,10,hot_sauce,2 tbsp,28.2,25,35,chicken,chicken,false,
SAND_036,11,butter_salted,1 tbsp,14.2,10,18,chicken,chicken,false,
SAND_036,12,hamburger_bun,1 bun,44,38,48,assembly,assembly,false,
SAND_036,13,ranch_dressing,2 tbsp,30,22,34,assembly,assembly,false,
SAND_036,14,lettuce_iceberg_raw,1 large leaf (15g),15,20,30,assembly,assembly,false,
SAND_037,1,chicken_breast_raw,4¼ oz,120.5,105,135,chicken,chicken,false,
SAND_037,2,flour_ap_white_enriched_unbleached,¼ cup,31.25,25,35,chicken,chicken,false,
SAND_037,3,egg_whole_raw,½ egg,25,20,30,chicken,chicken,false,
SAND_037,4,milk_buttermilk_whole,1½ tbsp,23,18,28,chicken,chicken,false,
SAND_037,5,olive_oil,1 tbsp olive oil (absorbed into crust),13.5,10,18,chicken,chicken,false,
SAND_037,6,salt_table,½ tsp,3,2,4,chicken,chicken,false,
SAND_037,7,black_pepper_ground,¼ tsp,0.575,0,1,chicken,chicken,false,
SAND_037,8,garlic_powder,½ tsp,1.55,1,3,chicken,chicken,false,
SAND_037,9,paprika,½ tsp,1.15,0.5,1.5,chicken,chicken,false,
SAND_037,10,butter_salted,1 tbsp,14.2,10,18,chicken,chicken,false,
SAND_037,11,red_pepper_flakes,1 tsp cayenne,1.8,2,4,chicken,chicken,false,
SAND_037,12,sugar_brown,1 tsp,4.6,3,7,chicken,chicken,false,
SAND_037,13,hamburger_bun,1 bun,44,38,48,assembly,assembly,false,
SAND_037,14,pickle_dill,20g sliced,20,15,25,assembly,assembly,false,
SAND_037,15,mayonnaise,1 tbsp,13.8,10,18,assembly,assembly,false,
SAND_038,1,cod_atlantic_raw,4 oz,113.4,100,126,fish,fish,false,
SAND_038,2,flour_ap_white_enriched_unbleached,2 tbsp,15.6,10,20,fish,fish,false,
SAND_038,3,egg_whole_raw,1 egg,50,45,55,fish,fish,false,
SAND_038,4,cornmeal_yellow_whole_grain,¼ cup,30.5,25,35,fish,fish,false,
SAND_038,5,olive_oil,1 tbsp olive oil (absorbed into crust),13.5,10,18,fish,fish,false,
SAND_038,6,salt_table,½ tsp,3,1,3,fish,fish,false,
SAND_038,7,black_pepper_ground,¼ tsp,0.575,0,1,fish,fish,false,
SAND_038,8,garlic_powder,½ tsp,1.55,1,3,fish,fish,false,
SAND_038,9,hamburger_bun,1 bun,44,38,48,assembly,assembly,false,
SAND_038,10,tartar_sauce,2 tbsp,30,20,35,assembly,assembly,false,
SAND_038,11,lettuce_iceberg_raw,1 large leaf (15g),15,15,28,assembly,assembly,false,
SAND_039,1,crab_blue_cooked,4 oz,113.4,,,crab_cake,crab_cake,false,
SAND_039,2,bread_crumbs_dry,2 tbsp,13.5,,,crab_cake,crab_cake,false,
SAND_039,3,egg_whole_raw,½ small egg,19.0,,,crab_cake,crab_cake,false,egg
SAND_039,4,mayonnaise,1 tbsp,13.8,,,crab_cake,crab_cake,false,
SAND_039,5,scallion_raw,"1 scallion, chopped",15.0,,,crab_cake,crab_cake,false,
SAND_039,6,worcestershire_sauce,1 tsp,5.0,,,crab_cake,crab_cake,false,
SAND_039,7,mustard_yellow,1 tsp,5.0,,,crab_cake,crab_cake,false,
SAND_039,8,lemon_juice_raw,1 tsp,5.0,,,crab_cake,crab_cake,false,
SAND_039,9,parsley_fresh,1 tbsp chopped,3.75,,,crab_cake,crab_cake,false,
SAND_039,10,garlic_powder,⅛ tsp,0.4,,,crab_cake,crab_cake,false,
SAND_039,11,olive_oil,1 tbsp olive oil (absorbed into crust),13.6,,,crab_cake,crab_cake,false,
SAND_039,12,salt_table,½ tsp,3.0,,,crab_cake,crab_cake,false,
SAND_039,13,black_pepper_ground,¼ tsp,0.6,,,crab_cake,crab_cake,false,
SAND_039,14,hamburger_bun,1 bun,44.0,,,assembly,assembly,false,
SAND_039,15,tartar_sauce,2 tbsp,30.0,,,assembly,assembly,false,
SAND_039,16,lettuce_iceberg_raw,1 large leaf (15g),15.0,,,assembly,assembly,false,
SAND_039,17,tomato_red_raw,2 thin slices (30g),30.0,,,assembly,assembly,false,
SAND_040,1,lobster_northern_cooked,4 oz,113.4,,,lobster_salad,lobster_salad,false,
SAND_040,2,mayonnaise,2 tsp,9.2,,,lobster_salad,lobster_salad,false,
SAND_040,3,celery_raw,1 tbsp diced,7.5,,,lobster_salad,lobster_salad,false,
SAND_040,4,lemon_juice_raw,1 tsp,5.0,,,lobster_salad,lobster_salad,false,
SAND_040,5,chives_raw,1 tsp chopped,1.0,,,lobster_salad,lobster_salad,false,
SAND_040,6,salt_table,¼ tsp,1.5,,,lobster_salad,lobster_salad,false,
SAND_040,7,black_pepper_ground,⅛ tsp,0.29,,,lobster_salad,lobster_salad,false,
SAND_040,8,paprika,pinch,0.3,,,lobster_salad,lobster_salad,false,
SAND_040,9,hamburger_bun,1 hot dog bun,44.0,,,assembly,assembly,false,hot dog bun
SAND_040,10,butter_unsalted,1 tsp,4.7,,,assembly,assembly,false,
SAND_041,1,tuna_canned_light_water,1 can drained (5 oz),142.0,,,tuna_salad,tuna_salad,false,
SAND_041,2,mayonnaise,3 tbsp,41.4,,,tuna_salad,tuna_salad,false,
SAND_041,3,apple_raw,¼ cup chopped,31.25,,,tuna_salad,tuna_salad,false,
SAND_041,4,scallion_raw,2 tsp chopped,4.0,,,tuna_salad,tuna_salad,false,
SAND_041,5,lemon_juice_raw,1 tsp,5.0,,,tuna_salad,tuna_salad,false,
SAND_041,6,salt_table,¼ tsp,1.5,,,tuna_salad,tuna_salad,false,
SAND_041,7,bread_white_commercial,2 slices (30g each),60.0,,,assembly,assembly,false,
SAND_041,8,cheese_american,2 slices,42.0,,,assembly,assembly,false,
SAND_041,9,butter_salted,1 tbsp,14.2,,,assembly,assembly,false,
SAND_042,1,olive_oil,1 tsp,4.5,,,onion_saute,,,
SAND_042,2,onion_raw,"¼ medium onion, sliced",27.5,,,onion_saute,,,
SAND_042,3,garlic_powder,½ tsp,1.55,,,onion_saute,,,
SAND_042,4,salt_table,pinch,0.5,,,onion_saute,,,
SAND_042,5,worcestershire_sauce,¼ tsp,1.1,,,onion_saute,,,
SAND_042,6,beef_broth_canned,½ cup,120.0,,,au_jus,,,
SAND_042,7,tamari,½ tbsp,9.0,,,au_jus,,,
SAND_042,8,french_roll,1 roll,38.0,,,assembly,,,
SAND_042,9,roast_beef_deli,"5 oz, thinly sliced",141.75,,,assembly,,,
SAND_042,10,provolone_cheese,1 slice,28.35,,,assembly,,,
SAND_043,1,beef_broth_canned,¼ cup,60.0,,,au_jus,,,
SAND_043,2,garlic_powder,¼ tsp,0.78,,,au_jus,,,
SAND_043,3,oregano_dried,¼ tsp,0.25,,,au_jus,,,
SAND_043,4,basil_dried,¼ tsp,0.18,,,au_jus,,,
SAND_043,5,red_pepper_flakes,⅛ tsp,0.23,,,au_jus,,,
SAND_043,6,salt_table,pinch,0.5,,,au_jus,,,
SAND_043,7,olive_oil,1 tsp,4.5,,,sweet_peppers,,,
SAND_043,8,bell_pepper_green_raw,"½ medium pepper, sliced",40.0,,,sweet_peppers,,,
SAND_043,9,french_roll,1 roll,38.0,,,assembly,,,
SAND_043,10,roast_beef_deli,"5 oz, thinly sliced",141.75,,,assembly,,,
SAND_044,1,mayonnaise,3 tbsp,45.0,,,remoulade,,,
SAND_044,2,mustard_yellow,1½ tsp,8.0,,,remoulade,,,
SAND_044,3,pickle_relish_sweet,1 tbsp (15g),15.0,,,remoulade,,,
SAND_044,4,lemon_juice_raw,1 tsp,5.0,,,remoulade,,,
SAND_044,5,hot_sauce_tabasco,½ tsp,2.35,,,remoulade,,,
SAND_044,6,paprika,¼ tsp,1.0,,,remoulade,,,
SAND_044,7,garlic_powder,⅛ tsp,0.5,,,remoulade,,,
SAND_044,8,shrimp_raw,"~13 medium (41/50), 4.8 oz (136g)",136.0,,,shrimp,,,
SAND_044,9,flour_ap_white_enriched_unbleached,2 tbsp,15.0,,,shrimp,,,
SAND_044,10,cornmeal_enriched_yellow,2 tbsp,15.0,,,shrimp,,,
SAND_044,11,egg_whole_raw,½ large egg (25g),25.0,,,shrimp,,,
SAND_044,12,olive_oil,1½ tbsp,20.0,,,shrimp,,,
SAND_044,13,salt_table,¼ tsp,1.5,,,shrimp,,,
SAND_044,14,black_pepper_ground,¼ tsp,0.5,,,shrimp,,,
SAND_044,15,red_pepper_flakes,¼ tsp,0.5,,,shrimp,,,
SAND_044,16,french_bread,"1 piece (8"", 72g)",72.0,,,assembly,,,
SAND_044,17,lettuce_iceberg_raw,"½ cup shredded (loosely packed, 30g)",30.0,,,assembly,,,
SAND_044,18,tomato_red_raw,"3 medium slices, ¼"" thick (60g)",60.0,,,assembly,,,
SAND_045,1,mayonnaise,3 tbsp,45.0,,,remoulade,,,
SAND_045,2,mustard_yellow,1½ tsp,8.0,,,remoulade,,,
SAND_045,3,pickle_relish_sweet,1 tbsp (15g),15.0,,,remoulade,,,
SAND_045,4,lemon_juice_raw,1 tsp,5.0,,,remoulade,,,
SAND_045,5,hot_sauce_tabasco,½ tsp,2.35,,,remoulade,,,
SAND_045,6,paprika,¼ tsp,1.0,,,remoulade,,,
SAND_045,7,garlic_powder,⅛ tsp,0.5,,,remoulade,,,
SAND_045,8,oyster_eastern_raw,10 medium oysters (125g),125.0,,,oyster,,,
SAND_045,9,flour_ap_white_enriched_unbleached,2 tbsp,15.0,,,oyster,,,
SAND_045,10,cornmeal_enriched_yellow,2 tbsp,15.0,,,oyster,,,
SAND_045,11,egg_whole_raw,½ large egg (25g),25.0,,,oyster,,,
SAND_045,12,olive_oil,1½ tbsp,20.0,,,oyster,,,
SAND_045,13,salt_table,¼ tsp,1.5,,,oyster,,,
SAND_045,14,black_pepper_ground,¼ tsp,0.5,,,oyster,,,
SAND_045,15,red_pepper_flakes,¼ tsp,0.5,,,oyster,,,
SAND_045,16,french_bread,"1 piece (8"", 72g)",72.0,,,assembly,,,
SAND_045,17,lettuce_iceberg_raw,"½ cup shredded (loosely packed, 30g)",30.0,,,assembly,,,
SAND_045,18,tomato_red_raw,"3 medium slices, ¼"" thick (60g)",60.0,,,assembly,,,
SAND_046,1,beef_ground_80lean_raw,3 oz raw (85g),85.0,,,meatballs,,,
SAND_046,2,pork_ground_raw,1½ oz raw (43g),43.0,,,meatballs,,,
SAND_046,3,breadcrumbs_plain_dry,3 tbsp (21g),21.0,,,meatballs,,,
SAND_046,4,egg_whole_raw,½ large egg (25g),25.0,,,meatballs,,,
SAND_046,5,onion_raw,3 tbsp grated (30g),30.0,,,meatballs,,,
SAND_046,6,cheese_parmesan_hard,2 tbsp (10g),10.0,,,meatballs,,,
SAND_046,7,garlic_powder,¼ tsp,0.5,,,meatballs,,,
SAND_046,8,oregano_dried,¼ tsp,0.5,,,meatballs,,,
SAND_046,9,basil_dried,¼ tsp,0.5,,,meatballs,,,
SAND_046,10,salt_table,¼ tsp,1.5,,,meatballs,,,
SAND_046,11,black_pepper_ground,¼ tsp,0.3,,,meatballs,,,
SAND_046,12,olive_oil,1 tsp,4.0,,,meatballs,,,
SAND_046,13,hoagie_roll,"1 roll (6"", 72g)",72.0,,,assembly,,,
SAND_046,14,marinara_sauce,¼ cup + 2 tbsp (75g),75.0,,,assembly,,,
SAND_046,15,cheese_mozzarella_wholemilk,1½ oz (42g),42.0,,,assembly,,,
SAND_047,1,hoagie_roll,"1 roll (6"", 72g)",72.0,,,assembly,,,
SAND_047,2,salami_italian_dry,4 slices (40g),40.0,,,assembly,,,
SAND_047,3,prosciutto,3 thin slices (30g),30.0,,,assembly,,,
SAND_047,4,provolone_cheese,2 slices (42g),42.0,,,assembly,,,
SAND_047,5,lettuce_iceberg_raw,½ cup shredded (30g),30.0,,,assembly,,,
SAND_047,6,tomato_red_raw,"2 medium slices, ¼"" thick (40g)",40.0,,,assembly,,,
SAND_047,7,onion_raw,3 thin rings (20g),20.0,,,assembly,,,
SAND_047,8,olive_oil,1 tbsp,14.0,,,assembly,,,
SAND_047,9,vinegar_red_wine,1½ tsp (7g),7.0,,,assembly,,,
SAND_047,10,oregano_dried,¼ tsp,0.5,,,assembly,,,
SAND_047,11,salt_table,¼ tsp,1.5,,,assembly,,,
SAND_047,12,black_pepper_ground,¼ tsp,0.3,,,assembly,,,
SAND_048,1,chicken_breast_raw,1 medium breast (6 oz raw),170.0,,,chicken,,,
SAND_048,2,flour_ap_white_enriched_unbleached,2 tbsp,15.0,,,chicken,,,
SAND_048,3,egg_whole_raw,½ large egg (25g),25.0,,,chicken,,,
SAND_048,4,breadcrumbs_plain_dry,3 tbsp (21g),21.0,,,chicken,,,
SAND_048,5,cheese_parmesan_hard,1 tbsp (5g),5.0,,,chicken,,,
SAND_048,6,garlic_powder,¼ tsp,0.5,,,chicken,,,
SAND_048,7,oregano_dried,¼ tsp,0.5,,,chicken,,,
SAND_048,8,basil_dried,¼ tsp,0.5,,,chicken,,,
SAND_048,9,salt_table,¼ tsp,1.5,,,chicken,,,
SAND_048,10,black_pepper_ground,¼ tsp,0.3,,,chicken,,,
SAND_048,11,olive_oil,1½ tbsp,20.0,,,chicken,,,
SAND_048,12,hoagie_roll,"1 roll (6"", 72g)",72.0,,,assembly,,,
SAND_048,13,marinara_sauce,¼ cup (62g),62.0,,,assembly,,,
SAND_048,14,cheese_mozzarella_wholemilk,1½ oz (42g),42.0,,,assembly,,,
SAND_048,15,cheese_parmesan_hard,1 tbsp (5g),5.0,,,assembly,,,
SAND_049,1,beef_ribeye_raw,5 oz thinly sliced,142.0,,,filling,,,
SAND_049,2,onion_raw,½ medium (80g),80.0,,,filling,,,
SAND_049,3,bell_pepper_green_raw,½ medium (60g),60.0,,,filling,,,
SAND_049,4,olive_oil,2 tsp (9g),9.0,,,filling,,,
SAND_049,5,salt_table,¼ tsp,1.5,,,filling,,,
SAND_049,6,black_pepper_ground,¼ tsp,0.3,,,filling,,,
SAND_049,7,hoagie_roll,"1 roll (6"", 72g)",72.0,,,assembly,,,
SAND_049,8,provolone_cheese,"2 slices (1.5 oz, 42g)",42.0,,,assembly,,,
SAND_050,1,pork_tenderloin_raw,4 oz (113g),113.0,,,pork,,,
SAND_050,2,tamari,1 tbsp (15g),15.0,,,pork,,,
SAND_050,3,sesame_oil,1 tsp (4.5g),4.5,,,pork,,,
SAND_050,4,lime_juice_raw,1 tbsp (15g),15.0,,,pork,,,
SAND_050,5,sugar_granulated,1 tsp (4g),4.0,,,pork,,,
SAND_050,6,garlic_powder,½ tsp (1g),1.0,,,pork,,,
SAND_050,7,french_bread,1/3 baguette (80g),80.0,,,assembly,,,
SAND_050,8,mayonnaise,1 tbsp (14g),14.0,,,assembly,,,
SAND_050,9,daikon_radish_raw,pickled (40g),40.0,,,assembly,,,
SAND_050,10,carrot_raw,pickled (30g),30.0,,,assembly,,,
SAND_050,11,vinegar_red_wine,1 tbsp pickle brine,15.0,,,assembly,,,
SAND_050,12,sugar_granulated,1 tsp pickle brine,4.0,,,assembly,,,
SAND_050,13,salt_table,¼ tsp (1.5g),1.5,,,assembly,,,
SAND_050,14,cucumber_raw,6 slices (30g),30.0,,,assembly,,,
SAND_050,15,jalapeno_raw,3 slices (10g),10.0,,,assembly,,,
SAND_050,16,cilantro_raw,small handful (5g),5.0,,,assembly,,,
SAND_051,1,focaccia_bread,1 piece (120g),120.0,,,assembly,,,
SAND_051,2,cheese_mozzarella_wholemilk,3 oz (85g),85.0,,,assembly,,,
SAND_051,3,tomato_red_raw,2 thick slices (100g),100.0,,,assembly,,,
SAND_051,4,basil_fresh,small handful (5g),5.0,,,assembly,,,
SAND_051,5,olive_oil,1 tbsp (14g),14.0,,,assembly,,,
SAND_051,6,balsamic_vinegar,1 tbsp (15g),15.0,,,assembly,,,
SAND_051,7,salt_table,¼ tsp (1.5g),1.5,,,assembly,,,
SAND_051,8,black_pepper_ground,pinch (0.3g),0.3,,,assembly,,,
BKFST_011,1,egg_whole_raw,2 large (100g),100.0,,,eggs,,,
BKFST_011,2,butter_salted,1 tbsp (14g),14.0,,,eggs,,,
BKFST_011,3,salt_table,pinch (0.3g),0.3,,,eggs,,,
BKFST_011,4,black_pepper_ground,pinch (0.1g),0.1,,,eggs,,,
BKFST_011,5,croissant,1 large (67g),67.0,,,assembly,,,
BKFST_011,6,cheese_cheddar_sharp_sliced,1 slice (21g),21.0,,,assembly,,,
BKFST_036,1,egg_whole_raw,2 large (100g),100.0,,,eggs,,,
BKFST_036,2,butter_salted,1 tbsp (14g),14.0,,,eggs,,,
BKFST_036,3,salt_table,pinch (0.3g),0.3,,,eggs,,,
BKFST_036,4,black_pepper_ground,pinch (0.1g),0.1,,,eggs,,,
BKFST_036,5,croissant,1 large (67g),67.0,,,assembly,,,
BKFST_036,6,cheese_cheddar_sharp_sliced,1 slice (21g),21.0,,,assembly,,,
BKFST_036,7,bacon_cooked_pan_fried,2 strips (23g),23.0,,,assembly,,,
BKFST_037,1,@BKFST_015,"Recipe: Breakfast Sausage (1 patty, ~48g raw → 34.7g cooked)",34.74,,,sausage,,,
BKFST_037,2,egg_whole_raw,2 large (100g),100.0,,,eggs,,,
BKFST_037,3,butter_salted,1 tbsp (14g),14.0,,,eggs,,,
BKFST_037,4,salt_table,pinch (0.3g),0.3,,,eggs,,,
BKFST_037,5,black_pepper_ground,pinch (0.1g),0.1,,,eggs,,,
BKFST_037,6,croissant,1 large (67g),67.0,,,assembly,,,
BKFST_037,7,cheese_cheddar_sharp_sliced,1 slice (21g),21.0,,,assembly,,,
BKFST_038,1,ham_sliced_regular,2 slices (56.7g),56.7,,,ham,,,
BKFST_038,2,egg_whole_raw,2 large (100g),100.0,,,eggs,,,
BKFST_038,3,butter_salted,1 tbsp (14g),14.0,,,eggs,,,
BKFST_038,4,salt_table,pinch (0.3g),0.3,,,eggs,,,
BKFST_038,5,black_pepper_ground,pinch (0.1g),0.1,,,eggs,,,
BKFST_038,6,croissant,1 large (67g),67.0,,,assembly,,,
BKFST_038,7,cheese_cheddar_sharp_sliced,1 slice (21g),21.0,,,assembly,,,
BKFST_039,1,smoked_salmon,2 oz (56.7g),56.7,,,assembly,,,
BKFST_039,2,cream_cheese,2 tbsp (30g),30.0,,,assembly,,,
BKFST_039,3,croissant,1 regular (67g),67.0,,,assembly,,,
BKFST_039,4,dill_fresh,1 sprig chopped (1g),1.0,,,assembly,,,
BKFST_039,5,lemon_juice_raw,½ tsp (2.5g),2.5,,,assembly,,,
BKFST_039,6,black_pepper_ground,⅛ tsp (0.15g),0.15,,,assembly,,,
SAND_052,1,chickpeas_raw_dried,"½ cup dried (100g), soaked overnight",100.0,,,falafel,,false,
SAND_052,2,parsley_fresh,¼ cup fresh (15g),15.0,,,falafel,,false,
SAND_052,3,cilantro_raw,¼ cup fresh (4g),4.0,,,falafel,,false,
SAND_052,4,onion_raw,"½ medium, rough chopped (30g)",30.0,,,falafel,,false,onion
SAND_052,5,garlic_powder,½ tsp (1.5g),1.5,,,falafel,,false,
SAND_052,6,cumin_ground,1 tsp (2g),2.0,,,falafel,,false,
SAND_052,7,coriander_seed,1 tsp ground (2g),2.0,,,falafel,,false,
SAND_052,8,salt_table,¼ tsp (1.5g),1.5,,,falafel,,false,
SAND_052,9,olive_oil,1 tbsp olive oil (absorbed into patties),12.0,,,falafel,,false,
SAND_052,10,pita_white,1 pita (60g),60.0,,,assembly,,false,
SAND_052,11,tomato_red_raw,"1 small, sliced (50g)",50.0,,,assembly,,false,
SAND_052,12,onion_raw,"¼ small red onion, thinly sliced (20g)",20.0,,,assembly,,false,red onion
SAND_052,13,tahini,4 tsp (20g),20.0,,,assembly,,false,
SAND_052,14,yogurt_greek_whole_milk,2 tbsp (30g),30.0,,,assembly,,false,
SAND_052,15,dill_fresh,1 tsp chopped (0.7g),0.7,,,assembly,,false,
SAND_052,16,parsley_fresh,1 tsp chopped (1.3g),1.3,,,assembly,,false,
SAND_052,17,mint_fresh,1 tsp chopped (0.7g),0.7,,,assembly,,false,
SAND_052,18,lemon_juice_raw,½ tsp (2.5g),2.5,,,assembly,,false,
SAND_052,19,salt_table,pinch (0.3g),0.3,,,assembly,,false,
SAND_053,1,lamb_ground_raw,4 oz raw (113g),113.0,,,lamb,,,
SAND_053,2,garlic_powder,½ tsp (1g),1.0,,,lamb,,,
SAND_053,3,oregano_dried_ground,½ tsp (1g),1.0,,,lamb,,,
SAND_053,4,salt_table,¼ tsp (0.5g),0.5,,,lamb,,,
SAND_053,5,black_pepper_ground,⅛ tsp (0.3g),0.3,,,lamb,,,
SAND_053,6,olive_oil,1½ tsp olive oil (absorbed into patties),7.0,,,lamb,,,
SAND_053,7,yogurt_greek_whole_milk,¼ cup (60g),60.0,,,tzatziki,,,
SAND_053,8,cucumber_peeled_raw,2 tbsp grated & drained (30g),30.0,,,tzatziki,,,cucumber
SAND_053,9,dill_fresh,1 tsp chopped (0.7g),0.7,,,tzatziki,,,
SAND_053,10,garlic_powder,¼ tsp (0.8g),0.8,,,tzatziki,,,
SAND_053,11,lemon_juice_raw,1 tsp (5g),5.0,,,tzatziki,,,
SAND_053,12,salt_table,pinch (0.3g),0.3,,,tzatziki,,,
SAND_053,13,pita_white,1 pita (60g),60.0,,,assembly,,,
SAND_053,14,tomato_red_raw,"1 small, sliced (50g)",50.0,,,assembly,,,
SAND_053,15,onion_raw,"¼ small red onion, thinly sliced (20g)",20.0,,,assembly,,,red onion
SAND_054,1,cabbage_raw,½ cup shredded (45g),45.0,,,coleslaw,,,
SAND_054,2,mayonnaise,1 tbsp (14g),14.0,,,coleslaw,,,
SAND_054,3,apple_cider_vinegar,1 tsp (5g),5.0,,,coleslaw,,,
SAND_054,4,salt_table,pinch (0.3g),0.3,,,coleslaw,,,
SAND_054,5,bread_rye,2 slices (64g),64.0,,,assembly,,,
SAND_054,6,turkey_breast_deli,3 oz (85g),85.0,,,assembly,,,
SAND_054,7,cheese_swiss,2 slices (42g),42.0,,,assembly,,,
SAND_054,8,butter_salted,1 tbsp (14g),14.0,,,assembly,,,
SAND_055,1,beef_ground_80lean_raw,4 oz raw (113g),113.0,,,patty,,,
SAND_055,2,salt_table,¼ tsp (1.5g),1.5,,,patty,,,
SAND_055,3,black_pepper_ground,⅛ tsp (0.3g),0.3,,,patty,,,
SAND_055,4,hamburger_bun,1 bun (44g),44.0,,,assembly,,,
SAND_055,5,ketchup,1 tbsp (17g),17.0,,,assembly,,,
SAND_055,6,mustard_yellow,1 tsp (5g),5.0,,,assembly,,,
SAND_055,7,pickle_dill,3 slices (21g),21.0,,,assembly,,,dill pickle
SAND_055,8,onion_raw,2 thin slices (18g),18.0,,,assembly,,,onion
SAND_056,1,beef_ground_80lean_raw,4 oz raw (113g),113.0,,,patty,,,
SAND_056,2,salt_table,¼ tsp (1.5g),1.5,,,patty,,,
SAND_056,3,black_pepper_ground,⅛ tsp (0.3g),0.3,,,patty,,,
SAND_056,4,hamburger_bun,1 bun (44g),44.0,,,assembly,,,
SAND_056,5,cheese_american,1 slice (21g),21.0,,,assembly,,,American cheese
SAND_056,6,ketchup,1 tbsp (17g),17.0,,,assembly,,,
SAND_056,7,mustard_yellow,1 tsp (5g),5.0,,,assembly,,,
SAND_056,8,pickle_dill,3 slices (21g),21.0,,,assembly,,,dill pickle
SAND_056,9,onion_raw,2 thin slices (18g),18.0,,,assembly,,,onion
SAND_057,1,beef_ground_80lean_raw,4 oz raw (113g),113.0,,,patty,,,
SAND_057,2,salt_table,¼ tsp (1.5g),1.5,,,patty,,,
SAND_057,3,black_pepper_ground,⅛ tsp (0.3g),0.3,,,patty,,,
SAND_057,4,hamburger_bun,1 bun (44g),44.0,,,assembly,,,
SAND_057,5,cheese_american,1 slice (21g),21.0,,,assembly,,,American cheese
SAND_057,6,bacon_cooked_pan_fried,2 slices (23g),23.0,,,assembly,,,cooked bacon
SAND_057,7,ketchup,1 tbsp (17g),17.0,,,assembly,,,
SAND_057,8,mustard_yellow,1 tsp (5g),5.0,,,assembly,,,
SAND_057,9,pickle_dill,3 slices (21g),21.0,,,assembly,,,dill pickle
SAND_057,10,onion_raw,2 thin slices (18g),18.0,,,assembly,,,onion
SAND_058,1,beef_ground_80lean_raw,2 × 2 oz patties (114g),114.0,,,patty,,,
SAND_058,2,salt_table,¼ tsp (1.5g),1.5,,,patty,,,
SAND_058,3,black_pepper_ground,⅛ tsp (0.3g),0.3,,,patty,,,
SAND_058,4,hamburger_bun,1 bun (44g),44.0,,,assembly,,,
SAND_058,5,cheese_american,2 slices (42g),42.0,,,assembly,,,American cheese
SAND_058,6,ketchup,1 tbsp (17g),17.0,,,assembly,,,
SAND_058,7,mustard_yellow,1 tsp (5g),5.0,,,assembly,,,
SAND_058,8,pickle_dill,3 slices (21g),21.0,,,assembly,,,dill pickle
SAND_058,9,onion_raw,2 thin slices (18g),18.0,,,assembly,,,onion
SAND_059,1,butter_salted,1 tbsp (14.2g),14.2,,,mushrooms,,,
SAND_059,2,onion_raw,½ medium (55g) sliced,55.0,,,mushrooms,,,
SAND_059,3,mushroom_crimini_raw,3 oz sliced (85g),85.0,,,mushrooms,,,
SAND_059,4,garlic_raw,1 clove minced (3g),3.0,,,mushrooms,,,
SAND_059,5,salt_table,¼ tsp (1.5g),1.5,,,mushrooms,,,
SAND_059,6,black_pepper_ground,⅛ tsp (0.3g),0.3,,,mushrooms,,,
SAND_059,7,beef_ground_80lean_raw,4 oz raw (113g),113.0,,,patty,,,
SAND_059,8,salt_table,¼ tsp (1.5g),1.5,,,patty,,,
SAND_059,9,black_pepper_ground,⅛ tsp (0.3g),0.3,,,patty,,,
SAND_059,10,hamburger_bun,1 bun (44g),44.0,,,assembly,,,
SAND_059,11,cheese_swiss,1 slice (28g),28.0,,,assembly,,,
SAND_060,1,beef_ground_80lean_raw,4 oz raw (113g),113.0,,,patty,,,
SAND_060,2,salt_table,¼ tsp (1.5g),1.5,,,patty,,,
SAND_060,3,black_pepper_ground,⅛ tsp (0.3g),0.3,,,patty,,,
SAND_060,4,hamburger_bun,1 bun (44g),44.0,,,assembly,,,
SAND_060,5,bbq_sauce,2 tbsp (30g),30.0,,,assembly,,,
SAND_060,6,cheese_cheddar,1 slice (28g),28.0,,,assembly,,,
SAND_060,7,bacon_cooked_pan_fried,2 slices (23g),23.0,,,assembly,,,
SAND_060,8,onion_rings_fried,4 rings (40g),40.0,,,assembly,,,
SAND_061,1,ground_turkey_raw,4 oz raw (113.4g),113.4,,,patty,,,
SAND_061,2,poultry_seasoning,½ tsp (0.75g),0.75,,,patty,,,
SAND_061,3,salt_table,¼ tsp (1.5g),1.5,,,patty,,,
SAND_061,4,black_pepper_ground,⅛ tsp (0.3g),0.3,,,patty,,,
SAND_061,5,hamburger_bun,1 bun (44g),44.0,,,assembly,,,
SAND_061,6,lettuce_iceberg_raw,1 large leaf (15g),15.0,,,assembly,,,
SAND_061,7,tomato_red_raw,2 slices (40g),40.0,,,assembly,,,
SAND_061,8,mayonnaise,1 tbsp (13.8g),13.8,,,assembly,,,
SAND_062,1,beans_black_cooked,½ cup mashed (86g),86.0,,,patty,,,
SAND_062,2,bread_crumbs_dry,2 tbsp (13.5g),13.5,,,patty,,,
SAND_062,3,onion_raw,1 tbsp minced (10g),10.0,,,patty,,,
SAND_062,4,garlic_raw,1 clove minced (3g),3.0,,,patty,,,
SAND_062,5,cumin_ground,½ tsp (1.1g),1.1,,,patty,,,
SAND_062,6,salt_table,½ tsp (3.0g),3.0,,,patty,,,
SAND_062,7,black_pepper_ground,¼ tsp (0.6g),0.6,,,patty,,,
SAND_062,8,olive_oil,1 tbsp for pan (13.5g),13.5,,,patty,,,
SAND_062,9,hamburger_bun,1 bun (44g),44.0,,,assembly,,,
SAND_062,10,lettuce_iceberg_raw,1 large leaf (15g),15.0,,,assembly,,,
SAND_062,11,tomato_red_raw,2 slices (40g),40.0,,,assembly,,,
SAND_062,12,mayonnaise,1 tbsp (13.8g),13.8,,,assembly,,,
SAND_063,1,frankfurter_beef,1 frank (48g),48.0,,,frank,,,
SAND_063,2,hamburger_bun,1 bun (44g),44.0,,,assembly,,,
SAND_063,3,ketchup,1 tbsp (17g),17.0,,,assembly,,,
SAND_063,4,mustard_yellow,1 tsp (5g),5.0,,,assembly,,,
SAND_063,5,pickle_relish_sweet,1 tbsp (15g),15.0,,,assembly,,,
SAND_064,1,frankfurter_beef,1 frank (48g),48.0,,,frank,,,
SAND_064,2,hamburger_bun,1 bun (44g),44.0,,,assembly,,,
SAND_064,3,mustard_yellow,1 tsp (5g),5.0,,,assembly,,,
SAND_064,4,pickle_relish_sweet,1 tbsp (15g),15.0,,,assembly,,,
SAND_064,5,tomato_red_raw,2 Roma wedges (31g),31.0,,,assembly,,,
SAND_064,6,pickle_dill,1 small spear (35g),35.0,,,assembly,,,
SAND_064,7,peppers_hot_pickled,2 peppers (12g),12.0,,,assembly,,,
SAND_064,8,celery_seed,⅛ tsp (0.25g),0.25,,,assembly,,,
SAND_064,9,salt_table,1 dash (0.4g),0.4,,,assembly,,,
SAND_065,1,frankfurter_beef,1 frank (48g),48.0,,,frank,,,
SAND_065,2,hamburger_bun,1 bun (44g),44.0,,,assembly,,,
SAND_065,3,beef_chili_no_beans,¼ cup (60g),60.0,,,assembly,,,
SAND_065,4,onion_raw,1 tbsp chopped (10g),10.0,,,assembly,,,
SAND_065,5,cheese_cheddar,¼ cup shredded (28.25g),28.25,,,assembly,,,
SAND_066,1,frankfurter_beef,6 frankfurters (288g),288.0,,,corn_dog,,,
SAND_066,2,cornmeal_enriched_yellow,¾ cup (103.5g),103.5,,,corn_dog,,,
SAND_066,3,flour_ap_white_enriched_unbleached,¼ cup (31.25g),31.25,,,corn_dog,,,
SAND_066,4,baking_powder,1 tsp (4.6g),4.6,,,corn_dog,,,
SAND_066,5,sugar_granulated,1 tbsp (12.6g),12.6,,,corn_dog,,,
SAND_066,6,salt_table,½ tsp (3g),3.0,,,corn_dog,,,
SAND_066,7,egg_whole_raw,1 large egg (50g),50.0,,,corn_dog,,,
SAND_066,8,milk_whole,½ cup (122g),122.0,,,corn_dog,,,
SAND_066,9,olive_oil,6 tsp absorbed (27g),27.0,,,corn_dog,,,
SAND_067,1,cabbage_raw,¼ cup shredded (17.5g),17.5,,,coleslaw,,,
SAND_067,2,mayonnaise,1 tsp (4.6g),4.6,,,coleslaw,,,
SAND_067,3,apple_cider_vinegar,¼ tsp (1.25g),1.25,,,coleslaw,,,
SAND_067,4,salt_table,pinch (0.4g),0.4,,,coleslaw,,,
SAND_067,5,frankfurter_beef,1 frank (48g),48.0,,,assembly,,,
SAND_067,6,hamburger_bun,1 bun (44g),44.0,,,assembly,,,
SAND_067,7,mustard_yellow,1 tsp (5g),5.0,,,assembly,,,
SAUCE_001,1,milk_whole,1 quart (4 cups),976.0,,,sauce,,,
SAUCE_001,2,butter_unsalted,5 tbsp,71.0,,,sauce,,,
SAUCE_001,3,flour_ap_white_enriched_unbleached,1/4 cup,31.25,,,sauce,,,
SAUCE_001,4,salt_table,1/4 tsp,1.5,,,sauce,,,
SAUCE_001,5,white_pepper_ground,1/4 tsp,0.6,,,sauce,,,
SAUCE_001,6,nutmeg_ground,1/8 tsp,0.275,,,sauce,,,
SAUCE_001,7,cloves_ground,pinch (or 2 whole cloves),0.35,,,sauce,,,
SAUCE_002,1,@SAUCE_001,"1 recipe Béchamel (4 cups, 975.8g)",975.77,,,bechamel,,,
SAUCE_002,2,cheese_gruyere,"2 oz, grated",56.70,,,cheese,,,
SAUCE_002,3,cheese_parmesan_hard,"2 oz, grated (Parmigiano-Reggiano)",56.70,,,cheese,,,
SAUCE_003,1,onion_raw,"2 lb, thinly sliced",907.18,,,onion,,,
SAUCE_003,2,butter_unsalted,4 tbsp,56.80,,,onion,,,
SAUCE_003,3,salt_table,½ tsp,3.00,,,onion,,,
SAUCE_003,4,white_pepper_ground,¼ tsp,0.60,,,onion,,,
SAUCE_003,5,@SAUCE_001,"1 recipe Béchamel (4 cups, 975.8g)",975.77,,,bechamel,,,
SAUCE_004,1,@SAUCE_001,"1 recipe Béchamel (4 cups, 975.8g)",975.77,,,bechamel,,,
SAUCE_004,2,heavy_cream,1 cup,238.00,,,cream,,,
SAUCE_004,3,lemon_juice_raw,1 tsp,5.00,,,cream,,,
SAUCE_004,4,salt_table,¼ tsp,1.50,,,cream,,,
SAUCE_004,5,white_pepper_ground,⅛ tsp,0.30,,,cream,,,
SAUCE_005,1,@SAUCE_001,"1 recipe Béchamel (4 cups, 975.8g)",975.77,,,bechamel,,,
SAUCE_005,2,tomato_puree,⅔ cup,150.00,,,aurore,,,
SAUCE_005,3,salt_table,¼ tsp,1.50,,,aurore,,,
SAUCE_005,4,white_pepper_ground,⅛ tsp,0.30,,,aurore,,,
